Conta,Categoria,Janela,Modo,Direcao,List_Mode,Mensagens,Segmentos,Delivered,Failed,Undelivered,Sent,Sending,Delivery_Unknown,Accepted,Queued,Taxa_Entrega_%,Insight_Delivered_Msgs,Insight_Failed_Msgs,Insight_Delivery_Unknown_Msgs,Insight_Undelivered_Msgs,Insight_Sent_Msgs,Insight_Total_Msgs,Api_Pages,Api_Pages_Capped,Agregado_Ate_Utc,Github_Run_Id,Extraido_Em
Bernardo,Broadcast,since_yesterday_utc_2026-04-16,incremental,outbound,sent,151942,168567,145627,12243,6211,4486,0,0,0,0,86.39,130256,12243,0,5520,3923,151942,156,0,2026-04-17T10:44:47Z,24561127748,2026-04-17 10:44 UTC
Havenmove,Standby,since_yesterday_utc_2026-04-16,incremental,outbound,sent,6321,6323,0,203,6120,0,0,0,0,0,0.0,0,203,0,6118,0,6321,7,0,2026-04-17T10:44:47Z,24561127748,2026-04-17 10:44 UTC
Joao,Broadcast,since_yesterday_utc_2026-04-16,incremental,outbound,sent,148758,148855,117286,23933,4560,3076,0,0,0,0,78.79,117190,23933,0,4559,3076,148758,152,0,2026-04-17T10:44:47Z,24561127748,2026-04-17 10:44 UTC
NS,Recuperação,since_yesterday_utc_2026-04-16,incremental,outbound,sent,5198,9723,9268,150,201,104,0,0,0,0,95.32,4898,150,0,94,56,5198,6,0,2026-04-17T10:44:47Z,24561127748,2026-04-17 10:44 UTC
Naturemove,Standby,since_yesterday_utc_2026-04-16,incremental,outbound,sent,454661,518809,495162,1737,13415,8495,0,0,0,0,95.44,433908,1737,0,11580,7436,454661,488,0,2026-04-17T10:44:47Z,24561127748,2026-04-17 10:44 UTC
Rafa,Broadcast,since_yesterday_utc_2026-04-16,incremental,outbound,sent,0,0,0,0,0,0,0,0,0,0,0.0,0,0,0,0,0,0,1,0,2026-04-17T10:44:47Z,24561127748,2026-04-17 10:44 UTC
Rehableaf,Standby,since_yesterday_utc_2026-04-16,incremental,outbound,sent,0,0,0,0,0,0,0,0,0,0,0.0,0,0,0,0,0,0,1,0,2026-04-17T10:44:47Z,24561127748,2026-04-17 10:44 UTC
Richard,Standby,since_yesterday_utc_2026-04-16,incremental,outbound,sent,586889,676017,625841,17719,20363,12094,0,0,0,0,92.58,541702,17719,0,17215,10253,586889,619,0,2026-04-17T10:44:47Z,24561127748,2026-04-17 10:44 UTC
Bernardo,Broadcast,since_yesterday_utc_2026-04-17,incremental,outbound,sent,59636,59647,48352,8337,1941,1017,0,0,0,0,81.06,48343,8337,0,1941,1015,59636,62,0,2026-04-18T10:05:15Z,24602349833,2026-04-18 10:05 UTC
Havenmove,Standby,since_yesterday_utc_2026-04-17,incremental,outbound,sent,0,0,0,0,0,0,0,0,0,0,0.0,0,0,0,0,0,0,1,0,2026-04-18T10:05:15Z,24602349833,2026-04-18 10:05 UTC
Joao,Broadcast,since_yesterday_utc_2026-04-17,incremental,outbound,sent,138653,138683,111722,19917,4695,2349,0,0,0,0,80.56,111693,19917,0,4695,2348,138653,141,0,2026-04-18T10:05:15Z,24602349833,2026-04-18 10:05 UTC
NS,Recuperação,since_yesterday_utc_2026-04-17,incremental,outbound,sent,1070,2028,1846,120,20,42,0,0,0,0,91.03,919,120,0,10,21,1070,2,0,2026-04-18T10:05:15Z,24602349833,2026-04-18 10:05 UTC
Naturemove,Standby,since_yesterday_utc_2026-04-17,incremental,outbound,sent,282919,283108,258358,12263,6260,6227,0,0,0,0,91.26,258175,12263,0,6258,6223,282919,308,0,2026-04-18T10:05:15Z,24602349833,2026-04-18 10:05 UTC
Rafa,Broadcast,since_yesterday_utc_2026-04-17,incremental,outbound,sent,0,0,0,0,0,0,0,0,0,0,0.0,0,0,0,0,0,0,1,0,2026-04-18T10:05:15Z,24602349833,2026-04-18 10:05 UTC
Rehableaf,Standby,since_yesterday_utc_2026-04-17,incremental,outbound,sent,0,0,0,0,0,0,0,0,0,0,0.0,0,0,0,0,0,0,1,0,2026-04-18T10:05:15Z,24602349833,2026-04-18 10:05 UTC
Richard,Standby,since_yesterday_utc_2026-04-17,incremental,outbound,sent,773361,792249,709741,34057,23166,25285,0,0,0,0,89.59,691725,34057,0,22673,24906,773361,808,0,2026-04-18T10:05:15Z,24602349833,2026-04-18 10:05 UTC
Bernardo,Broadcast,since_yesterday_utc_2026-04-18,incremental,outbound,sent,324883,325377,292343,15556,10311,7167,0,0,0,0,89.85,291867,15556,0,10305,7155,324883,331,0,2026-04-19T10:04:49Z,24626530266,2026-04-19 10:04 UTC
Havenmove,Standby,since_yesterday_utc_2026-04-18,incremental,outbound,sent,0,0,0,0,0,0,0,0,0,0,0.0,0,0,0,0,0,0,1,0,2026-04-19T10:04:49Z,24626530266,2026-04-19 10:04 UTC
Joao,Broadcast,since_yesterday_utc_2026-04-18,incremental,outbound,sent,164928,164965,139233,17191,6229,2312,0,0,0,0,84.4,139197,17191,0,6228,2312,164928,167,0,2026-04-19T10:04:49Z,24626530266,2026-04-19 10:04 UTC
NS,Recuperação,since_yesterday_utc_2026-04-18,incremental,outbound,sent,3923,7763,7420,85,122,136,0,0,0,0,95.58,3709,85,0,61,68,3923,5,0,2026-04-19T10:04:49Z,24626530266,2026-04-19 10:04 UTC
Naturemove,Standby,since_yesterday_utc_2026-04-18,incremental,outbound,sent,568663,1183444,1106653,19604,35399,21788,0,0,0,0,93.51,522611,19604,0,15985,10463,568663,605,0,2026-04-19T10:04:49Z,24626530266,2026-04-19 10:04 UTC
Rafa,Broadcast,since_yesterday_utc_2026-04-18,incremental,outbound,sent,0,0,0,0,0,0,0,0,0,0,0.0,0,0,0,0,0,0,1,0,2026-04-19T10:04:49Z,24626530266,2026-04-19 10:04 UTC
Rehableaf,Standby,since_yesterday_utc_2026-04-18,incremental,outbound,sent,0,0,0,0,0,0,0,0,0,0,0.0,0,0,0,0,0,0,1,0,2026-04-19T10:04:49Z,24626530266,2026-04-19 10:04 UTC
Richard,Standby,since_yesterday_utc_2026-04-18,incremental,outbound,sent,716166,721299,635135,51323,20059,14782,0,0,0,0,88.05,630212,51323,0,19979,14652,716166,745,0,2026-04-19T10:04:49Z,24626530266,2026-04-19 10:04 UTC
Bernardo,Broadcast,since_yesterday_utc_2026-04-19,incremental,outbound,sent,224201,224818,198799,13001,8397,4621,0,0,0,0,88.43,198220,13001,0,8377,4603,224201,230,0,2026-04-20T11:57:54Z,24665180004,2026-04-20 11:57 UTC
Havenmove,Standby,since_yesterday_utc_2026-04-19,incremental,outbound,sent,599,608,0,11,597,0,0,0,0,0,0.0,0,11,0,588,0,599,1,0,2026-04-20T11:57:54Z,24665180004,2026-04-20 11:57 UTC
Joao,Broadcast,since_yesterday_utc_2026-04-19,incremental,outbound,sent,221646,221787,175213,35295,7037,4242,0,0,0,0,79.0,175078,35295,0,7035,4238,221646,224,0,2026-04-20T11:57:54Z,24665180004,2026-04-20 11:57 UTC
NS,Recuperação,since_yesterday_utc_2026-04-19,incremental,outbound,sent,7132,13812,13319,65,251,177,0,0,0,0,96.43,6843,65,0,127,97,7132,8,0,2026-04-20T11:57:54Z,24665180004,2026-04-20 11:57 UTC
Naturemove,Standby,since_yesterday_utc_2026-04-19,incremental,outbound,sent,416743,630764,592443,12395,16805,9121,0,0,0,0,93.92,386612,12395,0,11124,6612,416743,451,0,2026-04-20T11:57:54Z,24665180004,2026-04-20 11:57 UTC
Rafa,Broadcast,since_yesterday_utc_2026-04-19,incremental,outbound,sent,0,0,0,0,0,0,0,0,0,0,0.0,0,0,0,0,0,0,1,0,2026-04-20T11:57:54Z,24665180004,2026-04-20 11:57 UTC
Rehableaf,Standby,since_yesterday_utc_2026-04-19,incremental,outbound,sent,0,0,0,0,0,0,0,0,0,0,0.0,0,0,0,0,0,0,1,0,2026-04-20T11:57:54Z,24665180004,2026-04-20 11:57 UTC
Richard,Standby,since_yesterday_utc_2026-04-19,incremental,outbound,sent,0,0,0,0,0,0,0,0,0,0,0.0,0,0,0,0,0,0,0,0,2026-04-20T11:57:54Z,24665180004,2026-04-20 11:57 UTC
Bernardo,Broadcast,since_yesterday_utc_2026-04-20,incremental,outbound,sent,109108,195651,176675,8343,7006,3627,0,0,0,0,90.3,94955,8343,0,3974,1836,109108,112,0,2026-04-21T11:43:05Z,24720459094,2026-04-21 11:43 UTC
Havenmove,Standby,since_yesterday_utc_2026-04-20,incremental,outbound,sent,0,0,0,0,0,0,0,0,0,0,0.0,0,0,0,0,0,0,1,0,2026-04-21T11:43:05Z,24720459094,2026-04-21 11:43 UTC
Joao,Broadcast,since_yesterday_utc_2026-04-20,incremental,outbound,sent,136176,136223,113048,15874,5279,2022,0,0,0,0,82.99,113001,15874,0,5279,2022,136176,138,0,2026-04-21T11:43:05Z,24720459094,2026-04-21 11:43 UTC
NS,Recuperação,since_yesterday_utc_2026-04-20,incremental,outbound,sent,7702,14909,14194,108,355,252,0,0,0,0,95.2,7288,108,0,179,127,7702,8,0,2026-04-21T11:43:05Z,24720459094,2026-04-21 11:43 UTC
Naturemove,Standby,since_yesterday_utc_2026-04-20,incremental,outbound,sent,850945,865953,761268,66786,23223,14676,0,0,0,0,87.91,747081,66786,0,22715,14363,850945,888,0,2026-04-21T11:43:05Z,24720459094,2026-04-21 11:43 UTC
Rafa,Broadcast,since_yesterday_utc_2026-04-20,incremental,outbound,sent,0,0,0,0,0,0,0,0,0,0,0.0,0,0,0,0,0,0,1,0,2026-04-21T11:43:05Z,24720459094,2026-04-21 11:43 UTC
Rehableaf,Standby,since_yesterday_utc_2026-04-20,incremental,outbound,sent,0,0,0,0,0,0,0,0,0,0,0.0,0,0,0,0,0,0,1,0,2026-04-21T11:43:05Z,24720459094,2026-04-21 11:43 UTC
Richard,Standby,since_yesterday_utc_2026-04-20,incremental,outbound,sent,0,0,0,0,0,0,0,0,0,0,0.0,0,0,0,0,0,0,0,0,2026-04-21T11:43:05Z,24720459094,2026-04-21 11:43 UTC
Bernardo,Broadcast,since_yesterday_utc_2026-04-21,incremental,outbound,sent,256875,447162,418020,6362,15252,7528,0,0,0,0,93.48,236983,6362,0,8476,5054,256875,261,0,2026-04-22T11:41:55Z,24776311597,2026-04-22 11:41 UTC
Havenmove,Standby,since_yesterday_utc_2026-04-21,incremental,outbound,sent,0,0,0,0,0,0,0,0,0,0,0.0,0,0,0,0,0,0,1,0,2026-04-22T11:41:55Z,24776311597,2026-04-22 11:41 UTC
Joao,Broadcast,since_yesterday_utc_2026-04-21,incremental,outbound,sent,47164,47196,38455,5187,1772,1782,0,0,0,0,81.48,38424,5187,0,1772,1781,47164,48,0,2026-04-22T11:41:55Z,24776311597,2026-04-22 11:41 UTC
NS,Recuperação,since_yesterday_utc_2026-04-21,incremental,outbound,sent,6535,12983,12440,87,270,186,0,0,0,0,95.82,6220,87,0,135,93,6535,7,0,2026-04-22T11:41:55Z,24776311597,2026-04-22 11:41 UTC
Naturemove,Standby,since_yesterday_utc_2026-04-21,incremental,outbound,sent,481107,603065,541872,28881,19327,12985,0,0,0,0,89.85,427587,28881,0,14637,10002,481107,500,0,2026-04-22T11:41:55Z,24776311597,2026-04-22 11:41 UTC
Rafa,Broadcast,since_yesterday_utc_2026-04-21,incremental,outbound,sent,0,0,0,0,0,0,0,0,0,0,0.0,0,0,0,0,0,0,1,0,2026-04-22T11:41:55Z,24776311597,2026-04-22 11:41 UTC
Rehableaf,Standby,since_yesterday_utc_2026-04-21,incremental,outbound,sent,0,0,0,0,0,0,0,0,0,0,0.0,0,0,0,0,0,0,1,0,2026-04-22T11:41:55Z,24776311597,2026-04-22 11:41 UTC
Richard,Standby,since_yesterday_utc_2026-04-21,incremental,outbound,sent,401338,427980,367732,34380,15807,10061,0,0,0,0,85.92,342442,34380,0,14985,9531,401338,410,0,2026-04-22T11:41:55Z,24776311597,2026-04-22 11:41 UTC
Bernardo,Broadcast,since_yesterday_utc_2026-04-22,incremental,outbound,sent,150380,266469,240012,13076,8492,4889,0,0,0,0,90.07,129930,13076,0,4668,2706,150380,154,0,2026-04-23T11:42:58Z,24833253272,2026-04-23 11:42 UTC
Havenmove,Standby,since_yesterday_utc_2026-04-22,incremental,outbound,sent,2,2,0,0,2,0,0,0,0,0,0.0,0,0,0,2,0,2,1,0,2026-04-23T11:42:58Z,24833253272,2026-04-23 11:42 UTC
Joao,Broadcast,since_yesterday_utc_2026-04-22,incremental,outbound,sent,118826,118873,97630,15358,4069,1816,0,0,0,0,82.13,97583,15358,0,4069,1816,118826,120,0,2026-04-23T11:42:58Z,24833253272,2026-04-23 11:42 UTC
NS,Recuperação,since_yesterday_utc_2026-04-22,incremental,outbound,sent,4076,8092,7816,60,146,70,0,0,0,0,96.59,3908,60,0,73,35,4076,5,0,2026-04-23T11:42:58Z,24833253272,2026-04-23 11:42 UTC
Naturemove,Standby,since_yesterday_utc_2026-04-22,incremental,outbound,sent,66865,127890,6,2383,125501,0,0,0,0,0,0.0,3,2383,0,64479,0,66865,70,0,2026-04-23T11:42:58Z,24833253272,2026-04-23 11:42 UTC
Rafa,Broadcast,since_yesterday_utc_2026-04-22,incremental,outbound,sent,0,0,0,0,0,0,0,0,0,0,0.0,0,0,0,0,0,0,1,0,2026-04-23T11:42:58Z,24833253272,2026-04-23 11:42 UTC
Rehableaf,Standby,since_yesterday_utc_2026-04-22,incremental,outbound,sent,61,61,60,0,1,0,0,0,0,0,98.36,60,0,0,1,0,61,1,0,2026-04-23T11:42:58Z,24833253272,2026-04-23 11:42 UTC
Richard,Standby,since_yesterday_utc_2026-04-22,incremental,outbound,sent,423189,425739,360675,43002,14677,7385,0,0,0,0,84.72,358246,43002,0,14602,7339,423189,440,0,2026-04-23T11:42:58Z,24833253272,2026-04-23 11:42 UTC
Bernardo,Broadcast,since_yesterday_utc_2026-04-23,incremental,outbound,sent,268217,355477,326505,12209,11242,5521,0,0,0,0,91.85,243508,12209,0,8364,4136,268217,274,0,2026-04-24T11:43:39Z,24887728912,2026-04-24 11:43 UTC
Havenmove,Standby,since_yesterday_utc_2026-04-23,incremental,outbound,sent,1,1,0,0,1,0,0,0,0,0,0.0,0,0,0,1,0,1,1,0,2026-04-24T11:43:39Z,24887728912,2026-04-24 11:43 UTC
Joao,Broadcast,since_yesterday_utc_2026-04-23,incremental,outbound,sent,0,0,0,0,0,0,0,0,0,0,0.0,0,0,0,0,0,0,1,0,2026-04-24T11:43:39Z,24887728912,2026-04-24 11:43 UTC
NS,Recuperação,since_yesterday_utc_2026-04-23,incremental,outbound,sent,2304,4564,4368,44,66,86,0,0,0,0,95.71,2184,44,0,33,43,2304,3,0,2026-04-24T11:43:39Z,24887728912,2026-04-24 11:43 UTC
Naturemove,Standby,since_yesterday_utc_2026-04-23,incremental,outbound,sent,14552,39974,0,9,39965,0,0,0,0,0,0.0,0,9,0,14543,0,14552,16,0,2026-04-24T11:43:39Z,24887728912,2026-04-24 11:43 UTC
Rafa,Broadcast,since_yesterday_utc_2026-04-23,incremental,outbound,sent,0,0,0,0,0,0,0,0,0,0,0.0,0,0,0,0,0,0,1,0,2026-04-24T11:43:39Z,24887728912,2026-04-24 11:43 UTC
Rehableaf,Standby,since_yesterday_utc_2026-04-23,incremental,outbound,sent,0,0,0,0,0,0,0,0,0,0,0.0,0,0,0,0,0,0,1,0,2026-04-24T11:43:39Z,24887728912,2026-04-24 11:43 UTC
Richard,Standby,since_yesterday_utc_2026-04-23,incremental,outbound,sent,529229,768367,683302,40258,28815,15992,0,0,0,0,88.93,459052,40258,0,19570,10349,529229,541,0,2026-04-24T11:43:39Z,24887728912,2026-04-24 11:43 UTC
Bernardo,Broadcast,since_yesterday_utc_2026-04-24,incremental,outbound,sent,171141,171631,138965,19748,6524,6394,0,0,0,0,80.97,138516,19748,0,6502,6375,171141,174,0,2026-04-25T10:11:31Z,24928541432,2026-04-25 10:11 UTC
Havenmove,Standby,since_yesterday_utc_2026-04-24,incremental,outbound,sent,0,0,0,0,0,0,0,0,0,0,0.0,0,0,0,0,0,0,1,0,2026-04-25T10:11:31Z,24928541432,2026-04-25 10:11 UTC
Joao,Broadcast,since_yesterday_utc_2026-04-24,incremental,outbound,sent,0,0,0,0,0,0,0,0,0,0,0.0,0,0,0,0,0,0,1,0,2026-04-25T10:11:31Z,24928541432,2026-04-25 10:11 UTC
NS,Recuperação,since_yesterday_utc_2026-04-24,incremental,outbound,sent,5392,10772,10312,78,210,172,0,0,0,0,95.73,5124,78,0,104,86,5392,6,0,2026-04-25T10:11:31Z,24928541432,2026-04-25 10:11 UTC
Naturemove,Standby,since_yesterday_utc_2026-04-24,incremental,outbound,sent,0,0,0,0,0,0,0,0,0,0,0.0,0,0,0,0,0,0,1,0,2026-04-25T10:11:31Z,24928541432,2026-04-25 10:11 UTC
Rafa,Broadcast,since_yesterday_utc_2026-04-24,incremental,outbound,sent,0,0,0,0,0,0,0,0,0,0,0.0,0,0,0,0,0,0,1,0,2026-04-25T10:11:31Z,24928541432,2026-04-25 10:11 UTC
Rehableaf,Standby,since_yesterday_utc_2026-04-24,incremental,outbound,sent,0,0,0,0,0,0,0,0,0,0,0.0,0,0,0,0,0,0,1,0,2026-04-25T10:11:31Z,24928541432,2026-04-25 10:11 UTC
Richard,Standby,since_yesterday_utc_2026-04-24,incremental,outbound,sent,397353,398014,323968,45023,15108,13915,0,0,0,0,81.4,323342,45023,0,15092,13896,397353,407,0,2026-04-25T10:11:31Z,24928541432,2026-04-25 10:11 UTC
Bernardo,Broadcast,since_yesterday_utc_2026-04-25,incremental,outbound,sent,549621,552222,475326,49093,17956,9847,0,0,0,0,86.08,472852,49093,0,17878,9798,549621,557,0,2026-04-26T10:29:36Z,24954430768,2026-04-26 10:29 UTC
Havenmove,Standby,since_yesterday_utc_2026-04-25,incremental,outbound,sent,0,0,0,0,0,0,0,0,0,0,0.0,0,0,0,0,0,0,1,0,2026-04-26T10:29:36Z,24954430768,2026-04-26 10:29 UTC
Joao,Broadcast,since_yesterday_utc_2026-04-25,incremental,outbound,sent,0,0,0,0,0,0,0,0,0,0,0.0,0,0,0,0,0,0,1,0,2026-04-26T10:29:36Z,24954430768,2026-04-26 10:29 UTC
NS,Recuperação,since_yesterday_utc_2026-04-25,incremental,outbound,sent,6056,12027,11546,85,228,168,0,0,0,0,96.0,5773,85,0,114,84,6056,7,0,2026-04-26T10:29:36Z,24954430768,2026-04-26 10:29 UTC
Naturemove,Standby,since_yesterday_utc_2026-04-25,incremental,outbound,sent,0,0,0,0,0,0,0,0,0,0,0.0,0,0,0,0,0,0,1,0,2026-04-26T10:29:36Z,24954430768,2026-04-26 10:29 UTC
Rafa,Broadcast,since_yesterday_utc_2026-04-25,incremental,outbound,sent,0,0,0,0,0,0,0,0,0,0,0.0,0,0,0,0,0,0,1,0,2026-04-26T10:29:36Z,24954430768,2026-04-26 10:29 UTC
Rehableaf,Standby,since_yesterday_utc_2026-04-25,incremental,outbound,sent,0,0,0,0,0,0,0,0,0,0,0.0,0,0,0,0,0,0,1,0,2026-04-26T10:29:36Z,24954430768,2026-04-26 10:29 UTC
Richard,Standby,since_yesterday_utc_2026-04-25,incremental,outbound,sent,962982,964439,801768,111446,36139,15086,0,0,0,0,83.13,800373,111446,0,36093,15070,962982,983,0,2026-04-26T10:29:36Z,24954430768,2026-04-26 10:29 UTC
Bernardo,Broadcast,since_yesterday_utc_2026-04-26,incremental,outbound,sent,598152,599496,523915,47039,16986,11556,0,0,0,0,87.39,522677,47039,0,16911,11525,598152,615,0,2026-04-27T12:23:01Z,24994755171,2026-04-27 12:23 UTC
Havenmove,Standby,since_yesterday_utc_2026-04-26,incremental,outbound,sent,0,0,0,0,0,0,0,0,0,0,0.0,0,0,0,0,0,0,1,0,2026-04-27T12:23:01Z,24994755171,2026-04-27 12:23 UTC
Joao,Broadcast,since_yesterday_utc_2026-04-26,incremental,outbound,sent,0,0,0,0,0,0,0,0,0,0,0.0,0,0,0,0,0,0,1,0,2026-04-27T12:23:01Z,24994755171,2026-04-27 12:23 UTC
NS,Recuperação,since_yesterday_utc_2026-04-26,incremental,outbound,sent,4016,7982,7696,50,152,84,0,0,0,0,96.42,3848,50,0,76,42,4016,5,0,2026-04-27T12:23:01Z,24994755171,2026-04-27 12:23 UTC
Naturemove,Standby,since_yesterday_utc_2026-04-26,incremental,outbound,sent,0,0,0,0,0,0,0,0,0,0,0.0,0,0,0,0,0,0,1,0,2026-04-27T12:23:01Z,24994755171,2026-04-27 12:23 UTC
Rafa,Broadcast,since_yesterday_utc_2026-04-26,incremental,outbound,sent,0,0,0,0,0,0,0,0,0,0,0.0,0,0,0,0,0,0,1,0,2026-04-27T12:23:01Z,24994755171,2026-04-27 12:23 UTC
Rehableaf,Standby,since_yesterday_utc_2026-04-26,incremental,outbound,sent,0,0,0,0,0,0,0,0,0,0,0.0,0,0,0,0,0,0,1,0,2026-04-27T12:23:01Z,24994755171,2026-04-27 12:23 UTC
Richard,Standby,since_yesterday_utc_2026-04-26,incremental,outbound,sent,1094816,1098326,925237,112020,39285,21784,0,0,0,0,84.24,921906,112020,0,39188,21702,1094816,1127,0,2026-04-27T12:23:01Z,24994755171,2026-04-27 12:23 UTC
Bernardo,Broadcast,since_yesterday_utc_2026-04-27,incremental,outbound,sent,587693,588592,519502,42881,14744,11465,0,0,0,0,88.26,518649,42881,0,14723,11440,587693,607,0,2026-04-28T13:19:14Z,25055204887,2026-04-28 13:19 UTC
Havenmove,Standby,since_yesterday_utc_2026-04-27,incremental,outbound,sent,0,0,0,0,0,0,0,0,0,0,0.0,0,0,0,0,0,0,1,0,2026-04-28T13:19:14Z,25055204887,2026-04-28 13:19 UTC
Joao,Broadcast,since_yesterday_utc_2026-04-27,incremental,outbound,sent,0,0,0,0,0,0,0,0,0,0,0.0,0,0,0,0,0,0,1,0,2026-04-28T13:19:14Z,25055204887,2026-04-28 13:19 UTC
NS,Recuperação,since_yesterday_utc_2026-04-27,incremental,outbound,sent,27289,60344,58398,133,812,1001,0,0,0,0,96.78,26293,133,0,381,482,27289,29,0,2026-04-28T13:19:14Z,25055204887,2026-04-28 13:19 UTC
Naturemove,Standby,since_yesterday_utc_2026-04-27,incremental,outbound,sent,0,0,0,0,0,0,0,0,0,0,0.0,0,0,0,0,0,0,1,0,2026-04-28T13:19:14Z,25055204887,2026-04-28 13:19 UTC
Rafa,Broadcast,since_yesterday_utc_2026-04-27,incremental,outbound,sent,0,0,0,0,0,0,0,0,0,0,0.0,0,0,0,0,0,0,1,0,2026-04-28T13:19:14Z,25055204887,2026-04-28 13:19 UTC
Rehableaf,Standby,since_yesterday_utc_2026-04-27,incremental,outbound,sent,0,0,0,0,0,0,0,0,0,0,0.0,0,0,0,0,0,0,1,0,2026-04-28T13:19:14Z,25055204887,2026-04-28 13:19 UTC
Richard,Standby,since_yesterday_utc_2026-04-27,incremental,outbound,sent,513560,516241,414277,67892,22566,11506,0,0,0,0,80.25,411695,67892,0,22495,11478,513560,531,0,2026-04-28T13:19:14Z,25055204887,2026-04-28 13:19 UTC
Bernardo,Broadcast,since_yesterday_utc_2026-04-28,incremental,outbound,sent,2,2,2,0,0,0,0,0,0,0,100.0,2,0,0,0,0,2,2,0,2026-04-29T12:22:07Z,25108533652,2026-04-29 12:22 UTC
Havenmove,Standby,since_yesterday_utc_2026-04-28,incremental,outbound,sent,0,0,0,0,0,0,0,0,0,0,0.0,0,0,0,0,0,0,1,0,2026-04-29T12:22:07Z,25108533652,2026-04-29 12:22 UTC
Joao,Broadcast,since_yesterday_utc_2026-04-28,incremental,outbound,sent,0,0,0,0,0,0,0,0,0,0,0.0,0,0,0,0,0,0,1,0,2026-04-29T12:22:07Z,25108533652,2026-04-29 12:22 UTC
NS,Recuperação,since_yesterday_utc_2026-04-28,incremental,outbound,sent,49116,97101,93807,979,1271,1044,0,0,0,0,96.61,46879,979,0,664,594,49116,52,0,2026-04-29T12:22:07Z,25108533652,2026-04-29 12:22 UTC
Naturemove,Standby,since_yesterday_utc_2026-04-28,incremental,outbound,sent,0,0,0,0,0,0,0,0,0,0,0.0,0,0,0,0,0,0,1,0,2026-04-29T12:22:07Z,25108533652,2026-04-29 12:22 UTC
Rafa,Broadcast,since_yesterday_utc_2026-04-28,incremental,outbound,sent,0,0,0,0,0,0,0,0,0,0,0.0,0,0,0,0,0,0,1,0,2026-04-29T12:22:07Z,25108533652,2026-04-29 12:22 UTC
Rehableaf,Standby,since_yesterday_utc_2026-04-28,incremental,outbound,sent,0,0,0,0,0,0,0,0,0,0,0.0,0,0,0,0,0,0,1,0,2026-04-29T12:22:07Z,25108533652,2026-04-29 12:22 UTC
Richard,Standby,since_yesterday_utc_2026-04-28,incremental,outbound,sent,653707,655535,556572,64307,23005,11651,0,0,0,0,84.9,554818,64307,0,22953,11629,653707,672,0,2026-04-29T12:22:07Z,25108533652,2026-04-29 12:22 UTC
Bernardo,Broadcast,since_yesterday_utc_2026-04-29,incremental,outbound,sent,0,0,0,0,0,0,0,0,0,0,0.0,0,0,0,0,0,0,1,0,2026-04-30T09:52:45Z,25159018727,2026-04-30 09:52 UTC
Havenmove,Standby,since_yesterday_utc_2026-04-29,incremental,outbound,sent,0,0,0,0,0,0,0,0,0,0,0.0,0,0,0,0,0,0,1,0,2026-04-30T09:52:45Z,25159018727,2026-04-30 09:52 UTC
Joao,Broadcast,since_yesterday_utc_2026-04-29,incremental,outbound,sent,0,0,0,0,0,0,0,0,0,0,0.0,0,0,0,0,0,0,1,0,2026-04-30T09:52:45Z,25159018727,2026-04-30 09:52 UTC
NS,Recuperação,since_yesterday_utc_2026-04-29,incremental,outbound,sent,23333,38456,36784,944,497,231,0,0,0,0,95.65,21942,944,0,316,131,23333,25,0,2026-04-30T09:52:45Z,25159018727,2026-04-30 09:52 UTC
Naturemove,Standby,since_yesterday_utc_2026-04-29,incremental,outbound,sent,0,0,0,0,0,0,0,0,0,0,0.0,0,0,0,0,0,0,1,0,2026-04-30T09:52:45Z,25159018727,2026-04-30 09:52 UTC
Rafa,Broadcast,since_yesterday_utc_2026-04-29,incremental,outbound,sent,0,0,0,0,0,0,0,0,0,0,0.0,0,0,0,0,0,0,1,0,2026-04-30T09:52:45Z,25159018727,2026-04-30 09:52 UTC
Rehableaf,Standby,since_yesterday_utc_2026-04-29,incremental,outbound,sent,0,0,0,0,0,0,0,0,0,0,0.0,0,0,0,0,0,0,1,0,2026-04-30T09:52:45Z,25159018727,2026-04-30 09:52 UTC
Richard,Standby,since_yesterday_utc_2026-04-29,incremental,outbound,sent,835195,855013,744876,66821,27582,15734,0,0,0,0,87.12,725874,66821,0,27221,15279,835195,866,0,2026-04-30T09:52:45Z,25159018727,2026-04-30 09:52 UTC
Bernardo,Broadcast,since_yesterday_utc_2026-04-30,incremental,outbound,sent,94831,279761,260139,2366,9609,7647,0,0,0,0,92.99,86713,2366,0,3203,2549,94831,97,0,2026-05-01T09:21:56Z,25209461307,2026-05-01 09:21 UTC
Havenmove,Standby,since_yesterday_utc_2026-04-30,incremental,outbound,sent,0,0,0,0,0,0,0,0,0,0,0.0,0,0,0,0,0,0,1,0,2026-05-01T09:21:56Z,25209461307,2026-05-01 09:21 UTC
Joao,Broadcast,since_yesterday_utc_2026-04-30,incremental,outbound,sent,0,0,0,0,0,0,0,0,0,0,0.0,0,0,0,0,0,0,1,0,2026-05-01T09:21:56Z,25209461307,2026-05-01 09:21 UTC
NS,Recuperação,since_yesterday_utc_2026-04-30,incremental,outbound,sent,2755,4025,3818,104,44,59,0,0,0,0,94.86,2579,104,0,32,40,2755,4,0,2026-05-01T09:21:56Z,25209461307,2026-05-01 09:21 UTC
Naturemove,Standby,since_yesterday_utc_2026-04-30,incremental,outbound,sent,0,0,0,0,0,0,0,0,0,0,0.0,0,0,0,0,0,0,1,0,2026-05-01T09:21:56Z,25209461307,2026-05-01 09:21 UTC
Rafa,Broadcast,since_yesterday_utc_2026-04-30,incremental,outbound,sent,0,0,0,0,0,0,0,0,0,0,0.0,0,0,0,0,0,0,1,0,2026-05-01T09:21:56Z,25209461307,2026-05-01 09:21 UTC
Rehableaf,Standby,since_yesterday_utc_2026-04-30,incremental,outbound,sent,0,0,0,0,0,0,0,0,0,0,0.0,0,0,0,0,0,0,1,0,2026-05-01T09:21:56Z,25209461307,2026-05-01 09:21 UTC
Richard,Standby,since_yesterday_utc_2026-04-30,incremental,outbound,sent,753193,1315989,1193341,66593,33795,22260,0,0,0,0,90.68,653329,66593,0,20941,12330,753193,783,0,2026-05-01T09:21:56Z,25209461307,2026-05-01 09:21 UTC
Bernardo,Broadcast,since_yesterday_utc_2026-05-01,incremental,outbound,sent,0,0,0,0,0,0,0,0,0,0,0.0,0,0,0,0,0,0,1,0,2026-05-02T08:53:16Z,25248306469,2026-05-02 08:53 UTC
Havenmove,Standby,since_yesterday_utc_2026-05-01,incremental,outbound,sent,0,0,0,0,0,0,0,0,0,0,0.0,0,0,0,0,0,0,1,0,2026-05-02T08:53:16Z,25248306469,2026-05-02 08:53 UTC
Joao,Broadcast,since_yesterday_utc_2026-05-01,incremental,outbound,sent,0,0,0,0,0,0,0,0,0,0,0.0,0,0,0,0,0,0,1,0,2026-05-02T08:53:16Z,25248306469,2026-05-02 08:53 UTC
NS,Recuperação,since_yesterday_utc_2026-05-01,incremental,outbound,sent,886,1405,1339,35,20,11,0,0,0,0,95.3,834,35,0,13,4,886,2,0,2026-05-02T08:53:16Z,25248306469,2026-05-02 08:53 UTC
Naturemove,Standby,since_yesterday_utc_2026-05-01,incremental,outbound,sent,0,0,0,0,0,0,0,0,0,0,0.0,0,0,0,0,0,0,1,0,2026-05-02T08:53:16Z,25248306469,2026-05-02 08:53 UTC
Rafa,Broadcast,since_yesterday_utc_2026-05-01,incremental,outbound,sent,0,0,0,0,0,0,0,0,0,0,0.0,0,0,0,0,0,0,1,0,2026-05-02T08:53:16Z,25248306469,2026-05-02 08:53 UTC
Rehableaf,Standby,since_yesterday_utc_2026-05-01,incremental,outbound,sent,0,0,0,0,0,0,0,0,0,0,0.0,0,0,0,0,0,0,1,0,2026-05-02T08:53:16Z,25248306469,2026-05-02 08:53 UTC
Richard,Standby,since_yesterday_utc_2026-05-01,incremental,outbound,sent,559070,560553,469527,58446,17960,14620,0,0,0,0,83.76,468132,58446,0,17912,14580,559070,572,0,2026-05-02T08:53:16Z,25248306469,2026-05-02 08:53 UTC
Bernardo,Broadcast,since_yesterday_utc_2026-05-02,incremental,outbound,sent,59113,60142,49744,7450,1882,1066,0,0,0,0,82.71,48759,7450,0,1857,1047,59113,62,0,2026-05-03T09:08:11Z,25275066644,2026-05-03 09:08 UTC
Havenmove,Standby,since_yesterday_utc_2026-05-02,incremental,outbound,sent,0,0,0,0,0,0,0,0,0,0,0.0,0,0,0,0,0,0,1,0,2026-05-03T09:08:11Z,25275066644,2026-05-03 09:08 UTC
Joao,Broadcast,since_yesterday_utc_2026-05-02,incremental,outbound,sent,2398,4657,4374,139,70,74,0,0,0,0,93.92,2187,139,0,35,37,2398,3,0,2026-05-03T09:08:11Z,25275066644,2026-05-03 09:08 UTC
NS,Recuperação,since_yesterday_utc_2026-05-02,incremental,outbound,sent,0,0,0,0,0,0,0,0,0,0,0.0,0,0,0,0,0,0,0,0,2026-05-03T09:08:11Z,25275066644,2026-05-03 09:08 UTC
Naturemove,Standby,since_yesterday_utc_2026-05-02,incremental,outbound,sent,0,0,0,0,0,0,0,0,0,0,0.0,0,0,0,0,0,0,1,0,2026-05-03T09:08:11Z,25275066644,2026-05-03 09:08 UTC
Rafa,Broadcast,since_yesterday_utc_2026-05-02,incremental,outbound,sent,0,0,0,0,0,0,0,0,0,0,0.0,0,0,0,0,0,0,1,0,2026-05-03T09:08:11Z,25275066644,2026-05-03 09:08 UTC
Rehableaf,Standby,since_yesterday_utc_2026-05-02,incremental,outbound,sent,0,0,0,0,0,0,0,0,0,0,0.0,0,0,0,0,0,0,1,0,2026-05-03T09:08:11Z,25275066644,2026-05-03 09:08 UTC
Richard,Standby,since_yesterday_utc_2026-05-02,incremental,outbound,sent,1041388,1045885,694139,163817,174406,13523,0,0,0,0,66.37,690240,163568,0,174123,13457,1041388,1082,0,2026-05-03T09:08:11Z,25275066644,2026-05-03 09:08 UTC
Bernardo,Broadcast,since_yesterday_utc_2026-05-03,incremental,outbound,sent,568597,571111,451215,98105,13993,7798,0,0,0,0,79.01,448802,98105,0,13936,7754,568597,585,0,2026-05-04T10:01:07Z,25312850505,2026-05-04 10:01 UTC
Havenmove,Standby,since_yesterday_utc_2026-05-03,incremental,outbound,sent,0,0,0,0,0,0,0,0,0,0,0.0,0,0,0,0,0,0,1,0,2026-05-04T10:01:07Z,25312850505,2026-05-04 10:01 UTC
Joao,Broadcast,since_yesterday_utc_2026-05-03,incremental,outbound,sent,2491,4867,4640,117,70,40,0,0,0,0,95.34,2319,117,0,35,20,2491,3,0,2026-05-04T10:01:07Z,25312850505,2026-05-04 10:01 UTC
NS,Recuperação,since_yesterday_utc_2026-05-03,incremental,outbound,sent,0,0,0,0,0,0,0,0,0,0,0.0,0,0,0,0,0,0,0,0,2026-05-04T10:01:07Z,25312850505,2026-05-04 10:01 UTC
Naturemove,Standby,since_yesterday_utc_2026-05-03,incremental,outbound,sent,0,0,0,0,0,0,0,0,0,0,0.0,0,0,0,0,0,0,1,0,2026-05-04T10:01:07Z,25312850505,2026-05-04 10:01 UTC
Rafa,Broadcast,since_yesterday_utc_2026-05-03,incremental,outbound,sent,0,0,0,0,0,0,0,0,0,0,0.0,0,0,0,0,0,0,1,0,2026-05-04T10:01:07Z,25312850505,2026-05-04 10:01 UTC
Rehableaf,Standby,since_yesterday_utc_2026-05-03,incremental,outbound,sent,0,0,0,0,0,0,0,0,0,0,0.0,0,0,0,0,0,0,1,0,2026-05-04T10:01:07Z,25312850505,2026-05-04 10:01 UTC
Richard,Standby,since_yesterday_utc_2026-05-03,incremental,outbound,sent,1114230,1115765,887896,174887,33507,19475,0,0,0,0,79.58,886447,174887,0,33455,19441,1114230,1162,0,2026-05-04T10:01:07Z,25312850505,2026-05-04 10:01 UTC
Bernardo,Broadcast,since_yesterday_utc_2026-05-04,incremental,outbound,sent,102771,162977,137283,13969,8793,2932,0,0,0,0,84.23,82708,13969,0,4499,1595,102771,111,0,2026-05-05T09:31:44Z,25368618452,2026-05-05 09:31 UTC
Havenmove,Standby,since_yesterday_utc_2026-05-04,incremental,outbound,sent,0,0,0,0,0,0,0,0,0,0,0.0,0,0,0,0,0,0,1,0,2026-05-05T09:31:44Z,25368618452,2026-05-05 09:31 UTC
Joao,Broadcast,since_yesterday_utc_2026-05-04,incremental,outbound,sent,679,1303,1200,55,26,22,0,0,0,0,92.1,600,55,0,13,11,679,1,0,2026-05-05T09:31:44Z,25368618452,2026-05-05 09:31 UTC
NS,Recuperação,since_yesterday_utc_2026-05-04,incremental,outbound,sent,0,0,0,0,0,0,0,0,0,0,0.0,0,0,0,0,0,0,0,0,2026-05-05T09:31:44Z,25368618452,2026-05-05 09:31 UTC
Naturemove,Standby,since_yesterday_utc_2026-05-04,incremental,outbound,sent,0,0,0,0,0,0,0,0,0,0,0.0,0,0,0,0,0,0,1,0,2026-05-05T09:31:44Z,25368618452,2026-05-05 09:31 UTC
Rafa,Broadcast,since_yesterday_utc_2026-05-04,incremental,outbound,sent,0,0,0,0,0,0,0,0,0,0,0.0,0,0,0,0,0,0,1,0,2026-05-05T09:31:44Z,25368618452,2026-05-05 09:31 UTC
Rehableaf,Standby,since_yesterday_utc_2026-05-04,incremental,outbound,sent,0,0,0,0,0,0,0,0,0,0,0.0,0,0,0,0,0,0,1,0,2026-05-05T09:31:44Z,25368618452,2026-05-05 09:31 UTC
Richard,Standby,since_yesterday_utc_2026-05-04,incremental,outbound,sent,846803,1797845,1601953,108351,53430,34111,0,0,0,0,89.1,698889,108351,0,24960,14603,846803,888,0,2026-05-05T09:31:44Z,25368618452,2026-05-05 09:31 UTC
Bernardo,Broadcast,since_yesterday_utc_2026-05-05,incremental,outbound,sent,34221,91712,86721,2489,1959,543,0,0,0,0,94.56,30848,2489,0,684,200,34221,37,0,2026-05-06T10:03:22Z,25428835341,2026-05-06 10:03 UTC
Havenmove,Standby,since_yesterday_utc_2026-05-05,incremental,outbound,sent,0,0,0,0,0,0,0,0,0,0,0.0,0,0,0,0,0,0,1,0,2026-05-06T10:03:22Z,25428835341,2026-05-06 10:03 UTC
Joao,Broadcast,since_yesterday_utc_2026-05-05,incremental,outbound,sent,77807,173305,164781,4131,3044,1349,0,0,0,0,95.08,71711,4131,0,1243,722,77807,82,0,2026-05-06T10:03:22Z,25428835341,2026-05-06 10:03 UTC
NS,Recuperação,since_yesterday_utc_2026-05-05,incremental,outbound,sent,0,0,0,0,0,0,0,0,0,0,0.0,0,0,0,0,0,0,0,0,2026-05-06T10:03:22Z,25428835341,2026-05-06 10:03 UTC
Naturemove,Standby,since_yesterday_utc_2026-05-05,incremental,outbound,sent,0,0,0,0,0,0,0,0,0,0,0.0,0,0,0,0,0,0,1,0,2026-05-06T10:03:22Z,25428835341,2026-05-06 10:03 UTC
Rafa,Broadcast,since_yesterday_utc_2026-05-05,incremental,outbound,sent,0,0,0,0,0,0,0,0,0,0,0.0,0,0,0,0,0,0,1,0,2026-05-06T10:03:22Z,25428835341,2026-05-06 10:03 UTC
Rehableaf,Standby,since_yesterday_utc_2026-05-05,incremental,outbound,sent,0,0,0,0,0,0,0,0,0,0,0.0,0,0,0,0,0,0,1,0,2026-05-06T10:03:22Z,25428835341,2026-05-06 10:03 UTC
Richard,Standby,since_yesterday_utc_2026-05-05,incremental,outbound,sent,734787,752382,571701,112437,51967,16277,0,0,0,0,75.99,554748,112437,0,51535,16067,734787,758,0,2026-05-06T10:03:22Z,25428835341,2026-05-06 10:03 UTC
Bernardo,Broadcast,since_yesterday_utc_2026-05-06,incremental,outbound,sent,228674,319490,291144,14242,8041,6063,0,0,0,0,91.13,202624,14242,0,6485,5323,228674,238,0,2026-05-07T10:08:54Z,25489480501,2026-05-07 10:08 UTC
Havenmove,Standby,since_yesterday_utc_2026-05-06,incremental,outbound,sent,0,0,0,0,0,0,0,0,0,0,0.0,0,0,0,0,0,0,1,0,2026-05-07T10:08:54Z,25489480501,2026-05-07 10:08 UTC
Joao,Broadcast,since_yesterday_utc_2026-05-06,incremental,outbound,sent,8420,17693,16566,798,213,116,0,0,0,0,93.63,7470,798,0,99,53,8420,10,0,2026-05-07T10:08:54Z,25489480501,2026-05-07 10:08 UTC
NS,Recuperação,since_yesterday_utc_2026-05-06,incremental,outbound,sent,0,0,0,0,0,0,0,0,0,0,0.0,0,0,0,0,0,0,0,0,2026-05-07T10:08:54Z,25489480501,2026-05-07 10:08 UTC
Naturemove,Standby,since_yesterday_utc_2026-05-06,incremental,outbound,sent,0,0,0,0,0,0,0,0,0,0,0.0,0,0,0,0,0,0,1,0,2026-05-07T10:08:54Z,25489480501,2026-05-07 10:08 UTC
Rafa,Broadcast,since_yesterday_utc_2026-05-06,incremental,outbound,sent,0,0,0,0,0,0,0,0,0,0,0.0,0,0,0,0,0,0,1,0,2026-05-07T10:08:54Z,25489480501,2026-05-07 10:08 UTC
Rehableaf,Standby,since_yesterday_utc_2026-05-06,incremental,outbound,sent,0,0,0,0,0,0,0,0,0,0,0.0,0,0,0,0,0,0,1,0,2026-05-07T10:08:54Z,25489480501,2026-05-07 10:08 UTC
Richard,Standby,since_yesterday_utc_2026-05-06,incremental,outbound,sent,611797,612269,494565,86776,17400,13528,0,0,0,0,80.78,494132,86776,0,17384,13505,611797,632,0,2026-05-07T10:08:54Z,25489480501,2026-05-07 10:08 UTC
Bernardo,Broadcast,since_yesterday_utc_2026-05-07,incremental,outbound,sent,5468,8861,8489,162,127,83,0,0,0,0,95.8,5183,162,0,75,48,5468,8,0,2026-05-08T09:00:35Z,25546883552,2026-05-08 09:00 UTC
Havenmove,Standby,since_yesterday_utc_2026-05-07,incremental,outbound,sent,0,0,0,0,0,0,0,0,0,0,0.0,0,0,0,0,0,0,1,0,2026-05-08T09:00:35Z,25546883552,2026-05-08 09:00 UTC
Joao,Broadcast,since_yesterday_utc_2026-05-07,incremental,outbound,sent,5538,10826,10322,131,200,173,0,0,0,0,95.34,5214,131,0,101,92,5538,6,0,2026-05-08T09:00:35Z,25546883552,2026-05-08 09:00 UTC
NS,Recuperação,since_yesterday_utc_2026-05-07,incremental,outbound,sent,0,0,0,0,0,0,0,0,0,0,0.0,0,0,0,0,0,0,0,0,2026-05-08T09:00:35Z,25546883552,2026-05-08 09:00 UTC
Naturemove,Standby,since_yesterday_utc_2026-05-07,incremental,outbound,sent,0,0,0,0,0,0,0,0,0,0,0.0,0,0,0,0,0,0,1,0,2026-05-08T09:00:35Z,25546883552,2026-05-08 09:00 UTC
Rafa,Broadcast,since_yesterday_utc_2026-05-07,incremental,outbound,sent,0,0,0,0,0,0,0,0,0,0,0.0,0,0,0,0,0,0,1,0,2026-05-08T09:00:35Z,25546883552,2026-05-08 09:00 UTC
Rehableaf,Standby,since_yesterday_utc_2026-05-07,incremental,outbound,sent,0,0,0,0,0,0,0,0,0,0,0.0,0,0,0,0,0,0,1,0,2026-05-08T09:00:35Z,25546883552,2026-05-08 09:00 UTC
Richard,Standby,since_yesterday_utc_2026-05-07,incremental,outbound,sent,643164,643530,500263,79503,49352,14412,0,0,0,0,77.74,499927,79503,0,49323,14411,643164,659,0,2026-05-08T09:00:35Z,25546883552,2026-05-08 09:00 UTC
Bernardo,Broadcast,since_yesterday_utc_2026-05-08,incremental,outbound,sent,938,1748,1561,101,41,45,0,0,0,0,89.3,796,101,0,21,20,938,2,0,2026-05-09T09:03:06Z,25597201775,2026-05-09 09:03 UTC
Havenmove,Standby,since_yesterday_utc_2026-05-08,incremental,outbound,sent,0,0,0,0,0,0,0,0,0,0,0.0,0,0,0,0,0,0,1,0,2026-05-09T09:03:06Z,25597201775,2026-05-09 09:03 UTC
Joao,Broadcast,since_yesterday_utc_2026-05-08,incremental,outbound,sent,9191,18199,17398,205,346,250,0,0,0,0,95.6,8682,205,0,174,130,9191,10,0,2026-05-09T09:03:06Z,25597201775,2026-05-09 09:03 UTC
NS,Recuperação,since_yesterday_utc_2026-05-08,incremental,outbound,sent,0,0,0,0,0,0,0,0,0,0,0.0,0,0,0,0,0,0,0,0,2026-05-09T09:03:06Z,25597201775,2026-05-09 09:03 UTC
Naturemove,Standby,since_yesterday_utc_2026-05-08,incremental,outbound,sent,0,0,0,0,0,0,0,0,0,0,0.0,0,0,0,0,0,0,1,0,2026-05-09T09:03:06Z,25597201775,2026-05-09 09:03 UTC
Rafa,Broadcast,since_yesterday_utc_2026-05-08,incremental,outbound,sent,0,0,0,0,0,0,0,0,0,0,0.0,0,0,0,0,0,0,1,0,2026-05-09T09:03:06Z,25597201775,2026-05-09 09:03 UTC
Rehableaf,Standby,since_yesterday_utc_2026-05-08,incremental,outbound,sent,0,0,0,0,0,0,0,0,0,0,0.0,0,0,0,0,0,0,1,0,2026-05-09T09:03:06Z,25597201775,2026-05-09 09:03 UTC
Richard,Standby,since_yesterday_utc_2026-05-08,incremental,outbound,sent,782248,783298,628637,106807,24259,23595,0,0,0,0,80.26,627677,106807,0,24213,23551,782248,804,0,2026-05-09T09:03:06Z,25597201775,2026-05-09 09:03 UTC
Bernardo,Broadcast,since_yesterday_utc_2026-05-09,incremental,outbound,sent,167670,200332,157609,35719,3844,3160,0,0,0,0,78.67,126195,35719,0,3442,2314,167670,174,0,2026-05-10T09:16:46Z,25624984541,2026-05-10 09:16 UTC
Havenmove,Standby,since_yesterday_utc_2026-05-09,incremental,outbound,sent,0,0,0,0,0,0,0,0,0,0,0.0,0,0,0,0,0,0,1,0,2026-05-10T09:16:46Z,25624984541,2026-05-10 09:16 UTC
Joao,Broadcast,since_yesterday_utc_2026-05-09,incremental,outbound,sent,6798,12523,11738,482,134,169,0,0,0,0,93.73,6157,482,0,71,88,6798,8,0,2026-05-10T09:16:46Z,25624984541,2026-05-10 09:16 UTC
NS,Recuperação,since_yesterday_utc_2026-05-09,incremental,outbound,sent,0,0,0,0,0,0,0,0,0,0,0.0,0,0,0,0,0,0,0,0,2026-05-10T09:16:46Z,25624984541,2026-05-10 09:16 UTC
Naturemove,Standby,since_yesterday_utc_2026-05-09,incremental,outbound,sent,0,0,0,0,0,0,0,0,0,0,0.0,0,0,0,0,0,0,1,0,2026-05-10T09:16:46Z,25624984541,2026-05-10 09:16 UTC
Rafa,Broadcast,since_yesterday_utc_2026-05-09,incremental,outbound,sent,0,0,0,0,0,0,0,0,0,0,0.0,0,0,0,0,0,0,1,0,2026-05-10T09:16:46Z,25624984541,2026-05-10 09:16 UTC
Rehableaf,Standby,since_yesterday_utc_2026-05-09,incremental,outbound,sent,0,0,0,0,0,0,0,0,0,0,0.0,0,0,0,0,0,0,1,0,2026-05-10T09:16:46Z,25624984541,2026-05-10 09:16 UTC
Richard,Standby,since_yesterday_utc_2026-05-09,incremental,outbound,sent,1503803,1505573,1311005,115187,47699,31682,0,0,0,0,87.08,1309355,115187,0,47629,31632,1503803,1540,0,2026-05-10T09:16:46Z,25624984541,2026-05-10 09:16 UTC
Bernardo,Broadcast,since_yesterday_utc_2026-05-10,incremental,outbound,sent,736521,945108,820287,85878,25221,13722,0,0,0,0,86.79,620053,85878,0,20548,10042,736521,757,0,2026-05-11T10:48:20Z,25665563169,2026-05-11 10:48 UTC
Havenmove,Standby,since_yesterday_utc_2026-05-10,incremental,outbound,sent,0,0,0,0,0,0,0,0,0,0,0.0,0,0,0,0,0,0,0,0,2026-05-11T10:48:20Z,25665563169,2026-05-11 10:48 UTC
Joao,Broadcast,since_yesterday_utc_2026-05-10,incremental,outbound,sent,2094,3819,3539,209,50,21,0,0,0,0,92.67,1851,209,0,23,11,2094,3,0,2026-05-11T10:48:20Z,25665563169,2026-05-11 10:48 UTC
NS,Recuperação,since_yesterday_utc_2026-05-10,incremental,outbound,sent,0,0,0,0,0,0,0,0,0,0,0.0,0,0,0,0,0,0,0,0,2026-05-11T10:48:20Z,25665563169,2026-05-11 10:48 UTC
Naturemove,Standby,since_yesterday_utc_2026-05-10,incremental,outbound,sent,3,3,0,3,0,0,0,0,0,0,0.0,0,3,0,0,0,3,1,0,2026-05-11T10:48:20Z,25665563169,2026-05-11 10:48 UTC
Rafa,Broadcast,since_yesterday_utc_2026-05-10,incremental,outbound,sent,3,6,6,0,0,0,0,0,0,0,100.0,3,0,0,0,0,3,1,0,2026-05-11T10:48:20Z,25665563169,2026-05-11 10:48 UTC
Rehableaf,Standby,since_yesterday_utc_2026-05-10,incremental,outbound,sent,0,0,0,0,0,0,0,0,0,0,0.0,0,0,0,0,0,0,1,0,2026-05-11T10:48:20Z,25665563169,2026-05-11 10:48 UTC
Richard,Standby,since_yesterday_utc_2026-05-10,incremental,outbound,sent,686089,854263,771626,29802,32451,20384,0,0,0,0,90.33,614127,29802,0,25357,16803,686089,704,0,2026-05-11T10:48:20Z,25665563169,2026-05-11 10:48 UTC
Bernardo,Broadcast,since_yesterday_utc_2026-05-11,incremental,outbound,sent,92520,93688,76462,9447,2961,4818,0,0,0,0,81.61,75333,9447,0,2945,4795,92520,98,0,2026-05-12T10:15:00Z,25728044703,2026-05-12 10:15 UTC
Havenmove,Standby,since_yesterday_utc_2026-05-11,incremental,outbound,sent,0,0,0,0,0,0,0,0,0,0,0.0,0,0,0,0,0,0,0,0,2026-05-12T10:15:00Z,25728044703,2026-05-12 10:15 UTC
Joao,Broadcast,since_yesterday_utc_2026-05-11,incremental,outbound,sent,19819,51435,48010,581,745,2099,0,0,0,0,93.34,18174,581,0,283,781,19819,21,0,2026-05-12T10:15:00Z,25728044703,2026-05-12 10:15 UTC
NS,Recuperação,since_yesterday_utc_2026-05-11,incremental,outbound,sent,0,0,0,0,0,0,0,0,0,0,0.0,0,0,0,0,0,0,0,0,2026-05-12T10:15:00Z,25728044703,2026-05-12 10:15 UTC
Naturemove,Standby,since_yesterday_utc_2026-05-11,incremental,outbound,sent,0,0,0,0,0,0,0,0,0,0,0.0,0,0,0,0,0,0,1,0,2026-05-12T10:15:00Z,25728044703,2026-05-12 10:15 UTC
Rafa,Broadcast,since_yesterday_utc_2026-05-11,incremental,outbound,sent,3,6,6,0,0,0,0,0,0,0,100.0,3,0,0,0,0,3,1,0,2026-05-12T10:15:00Z,25728044703,2026-05-12 10:15 UTC
Rehableaf,Standby,since_yesterday_utc_2026-05-11,incremental,outbound,sent,0,0,0,0,0,0,0,0,0,0,0.0,0,0,0,0,0,0,1,0,2026-05-12T10:15:00Z,25728044703,2026-05-12 10:15 UTC
Richard,Standby,since_yesterday_utc_2026-05-11,incremental,outbound,sent,669543,844882,749833,12979,33240,48830,0,0,0,0,88.75,587977,12979,0,26352,42235,669543,687,0,2026-05-12T10:15:00Z,25728044703,2026-05-12 10:15 UTC
Bernardo,Broadcast,since_yesterday_utc_2026-05-12,incremental,outbound,sent,1308,2566,2479,26,28,33,0,0,0,0,96.61,1249,26,0,15,18,1308,3,0,2026-05-13T10:08:36Z,25792475303,2026-05-13 10:08 UTC
Havenmove,Standby,since_yesterday_utc_2026-05-12,incremental,outbound,sent,0,0,0,0,0,0,0,0,0,0,0.0,0,0,0,0,0,0,0,0,2026-05-13T10:08:36Z,25792475303,2026-05-13 10:08 UTC
Joao,Broadcast,since_yesterday_utc_2026-05-12,incremental,outbound,sent,31083,75206,72427,930,1092,757,0,0,0,0,96.3,29360,930,0,439,354,31083,33,0,2026-05-13T10:08:36Z,25792475303,2026-05-13 10:08 UTC
NS,Recuperação,since_yesterday_utc_2026-05-12,incremental,outbound,sent,0,0,0,0,0,0,0,0,0,0,0.0,0,0,0,0,0,0,0,0,2026-05-13T10:08:36Z,25792475303,2026-05-13 10:08 UTC
Naturemove,Standby,since_yesterday_utc_2026-05-12,incremental,outbound,sent,0,0,0,0,0,0,0,0,0,0,0.0,0,0,0,0,0,0,1,0,2026-05-13T10:08:36Z,25792475303,2026-05-13 10:08 UTC
Rafa,Broadcast,since_yesterday_utc_2026-05-12,incremental,outbound,sent,0,0,0,0,0,0,0,0,0,0,0.0,0,0,0,0,0,0,1,0,2026-05-13T10:08:36Z,25792475303,2026-05-13 10:08 UTC
Rehableaf,Standby,since_yesterday_utc_2026-05-12,incremental,outbound,sent,0,0,0,0,0,0,0,0,0,0,0.0,0,0,0,0,0,0,1,0,2026-05-13T10:08:36Z,25792475303,2026-05-13 10:08 UTC
Richard,Standby,since_yesterday_utc_2026-05-12,incremental,outbound,sent,574105,574603,524354,15019,22445,12785,0,0,0,0,91.26,523887,15019,0,22428,12771,574105,584,0,2026-05-13T10:08:36Z,25792475303,2026-05-13 10:08 UTC
Bernardo,Broadcast,since_yesterday_utc_2026-05-13,incremental,outbound,sent,0,0,0,0,0,0,0,0,0,0,0.0,0,0,0,0,0,0,1,0,2026-05-14T09:59:03Z,25853901583,2026-05-14 09:59 UTC
Havenmove,Standby,since_yesterday_utc_2026-05-13,incremental,outbound,sent,2627,5769,4914,294,504,57,0,0,0,0,85.18,2129,294,0,175,29,2627,3,0,2026-05-14T09:59:03Z,25853901583,2026-05-14 09:59 UTC
Joao,Broadcast,since_yesterday_utc_2026-05-13,incremental,outbound,sent,27134,55824,53473,1010,808,533,0,0,0,0,95.79,25490,1010,0,383,251,27134,29,0,2026-05-14T09:59:03Z,25853901583,2026-05-14 09:59 UTC
NS,Recuperação,since_yesterday_utc_2026-05-13,incremental,outbound,sent,0,0,0,0,0,0,0,0,0,0,0.0,0,0,0,0,0,0,0,0,2026-05-14T09:59:03Z,25853901583,2026-05-14 09:59 UTC
Naturemove,Standby,since_yesterday_utc_2026-05-13,incremental,outbound,sent,0,0,0,0,0,0,0,0,0,0,0.0,0,0,0,0,0,0,1,0,2026-05-14T09:59:03Z,25853901583,2026-05-14 09:59 UTC
Rafa,Broadcast,since_yesterday_utc_2026-05-13,incremental,outbound,sent,0,0,0,0,0,0,0,0,0,0,0.0,0,0,0,0,0,0,1,0,2026-05-14T09:59:03Z,25853901583,2026-05-14 09:59 UTC
Rehableaf,Standby,since_yesterday_utc_2026-05-13,incremental,outbound,sent,0,0,0,0,0,0,0,0,0,0,0.0,0,0,0,0,0,0,1,0,2026-05-14T09:59:03Z,25853901583,2026-05-14 09:59 UTC
Richard,Standby,since_yesterday_utc_2026-05-13,incremental,outbound,sent,514691,515365,463227,23752,17304,11082,0,0,0,0,89.88,462590,23752,0,17286,11063,514691,529,0,2026-05-14T09:59:03Z,25853901583,2026-05-14 09:59 UTC
Bernardo,Broadcast,since_yesterday_utc_2026-05-14,incremental,outbound,sent,0,0,0,0,0,0,0,0,0,0,0.0,0,0,0,0,0,0,1,0,2026-05-15T10:06:57Z,25912201427,2026-05-15 10:06 UTC
Havenmove,Standby,since_yesterday_utc_2026-05-14,incremental,outbound,sent,2887,5740,5203,353,120,64,0,0,0,0,90.64,2442,353,0,60,32,2887,4,0,2026-05-15T10:06:57Z,25912201427,2026-05-15 10:06 UTC
Joao,Broadcast,since_yesterday_utc_2026-05-14,incremental,outbound,sent,15330,31819,30517,396,502,404,0,0,0,0,95.91,14501,396,0,240,193,15330,17,0,2026-05-15T10:06:57Z,25912201427,2026-05-15 10:06 UTC
NS,Recuperação,since_yesterday_utc_2026-05-14,incremental,outbound,sent,0,0,0,0,0,0,0,0,0,0,0.0,0,0,0,0,0,0,0,0,2026-05-15T10:06:57Z,25912201427,2026-05-15 10:06 UTC
Naturemove,Standby,since_yesterday_utc_2026-05-14,incremental,outbound,sent,0,0,0,0,0,0,0,0,0,0,0.0,0,0,0,0,0,0,1,0,2026-05-15T10:06:57Z,25912201427,2026-05-15 10:06 UTC
Rafa,Broadcast,since_yesterday_utc_2026-05-14,incremental,outbound,sent,0,0,0,0,0,0,0,0,0,0,0.0,0,0,0,0,0,0,1,0,2026-05-15T10:06:57Z,25912201427,2026-05-15 10:06 UTC
Rehableaf,Standby,since_yesterday_utc_2026-05-14,incremental,outbound,sent,0,0,0,0,0,0,0,0,0,0,0.0,0,0,0,0,0,0,1,0,2026-05-15T10:06:57Z,25912201427,2026-05-15 10:06 UTC
Richard,Standby,since_yesterday_utc_2026-05-14,incremental,outbound,sent,710867,1547776,1450567,15578,50130,31501,0,0,0,0,93.72,655180,15578,0,24542,15567,710867,726,0,2026-05-15T10:06:57Z,25912201427,2026-05-15 10:06 UTC
Bernardo,Broadcast,since_yesterday_utc_2026-05-15,incremental,outbound,sent,0,0,0,0,0,0,0,0,0,0,0.0,0,0,0,0,0,0,1,0,2026-05-16T09:15:39Z,25958221360,2026-05-16 09:15 UTC
Havenmove,Standby,since_yesterday_utc_2026-05-15,incremental,outbound,sent,1004,1936,1731,167,17,21,0,0,0,0,89.41,821,167,0,7,9,1004,2,0,2026-05-16T09:15:39Z,25958221360,2026-05-16 09:15 UTC
Joao,Broadcast,since_yesterday_utc_2026-05-15,incremental,outbound,sent,12530,26228,25272,259,363,334,0,0,0,0,96.36,11938,259,0,173,160,12530,14,0,2026-05-16T09:15:39Z,25958221360,2026-05-16 09:15 UTC
NS,Recuperação,since_yesterday_utc_2026-05-15,incremental,outbound,sent,0,0,0,0,0,0,0,0,0,0,0.0,0,0,0,0,0,0,0,0,2026-05-16T09:15:39Z,25958221360,2026-05-16 09:15 UTC
Naturemove,Standby,since_yesterday_utc_2026-05-15,incremental,outbound,sent,0,0,0,0,0,0,0,0,0,0,0.0,0,0,0,0,0,0,1,0,2026-05-16T09:15:39Z,25958221360,2026-05-16 09:15 UTC
Rafa,Broadcast,since_yesterday_utc_2026-05-15,incremental,outbound,sent,0,0,0,0,0,0,0,0,0,0,0.0,0,0,0,0,0,0,1,0,2026-05-16T09:15:39Z,25958221360,2026-05-16 09:15 UTC
Rehableaf,Standby,since_yesterday_utc_2026-05-15,incremental,outbound,sent,0,0,0,0,0,0,0,0,0,0,0.0,0,0,0,0,0,0,1,0,2026-05-16T09:15:39Z,25958221360,2026-05-16 09:15 UTC
Richard,Standby,since_yesterday_utc_2026-05-15,incremental,outbound,sent,775865,1008901,912029,15855,62201,18816,0,0,0,0,90.4,689352,15855,0,55441,15217,775865,790,0,2026-05-16T09:15:39Z,25958221360,2026-05-16 09:15 UTC
Bernardo,Broadcast,since_yesterday_utc_2026-05-16,incremental,outbound,sent,649781,650418,539040,79535,20953,10890,0,0,0,0,82.88,538447,79535,0,20929,10870,649781,661,0,2026-05-17T09:23:30Z,25987004220,2026-05-17 09:23 UTC
Havenmove,Standby,since_yesterday_utc_2026-05-16,incremental,outbound,sent,16900,42692,40388,821,1042,441,0,0,0,0,94.6,15508,821,0,393,178,16900,18,0,2026-05-17T09:23:30Z,25987004220,2026-05-17 09:23 UTC
Joao,Broadcast,since_yesterday_utc_2026-05-16,incremental,outbound,sent,17725,36068,34902,330,585,251,0,0,0,0,96.77,16987,330,0,284,124,17725,19,0,2026-05-17T09:23:30Z,25987004220,2026-05-17 09:23 UTC
NS,Recuperação,since_yesterday_utc_2026-05-16,incremental,outbound,sent,0,0,0,0,0,0,0,0,0,0,0.0,0,0,0,0,0,0,0,0,2026-05-17T09:23:30Z,25987004220,2026-05-17 09:23 UTC
Naturemove,Standby,since_yesterday_utc_2026-05-16,incremental,outbound,sent,0,0,0,0,0,0,0,0,0,0,0.0,0,0,0,0,0,0,1,0,2026-05-17T09:23:30Z,25987004220,2026-05-17 09:23 UTC
Rafa,Broadcast,since_yesterday_utc_2026-05-16,incremental,outbound,sent,0,0,0,0,0,0,0,0,0,0,0.0,0,0,0,0,0,0,1,0,2026-05-17T09:23:30Z,25987004220,2026-05-17 09:23 UTC
Rehableaf,Standby,since_yesterday_utc_2026-05-16,incremental,outbound,sent,0,0,0,0,0,0,0,0,0,0,0.0,0,0,0,0,0,0,1,0,2026-05-17T09:23:30Z,25987004220,2026-05-17 09:23 UTC
Richard,Standby,since_yesterday_utc_2026-05-16,incremental,outbound,sent,1111561,1112639,993201,27698,68287,23453,0,0,0,0,89.27,992218,27698,0,68212,23433,1111561,1126,0,2026-05-17T09:23:30Z,25987004220,2026-05-17 09:23 UTC
Bernardo,Broadcast,since_yesterday_utc_2026-05-17,incremental,outbound,sent,520248,520923,434498,56245,17978,12202,0,0,0,0,83.41,433883,56245,0,17942,12178,520248,530,0,2026-05-18T11:32:48Z,26030867429,2026-05-18 11:32 UTC
Havenmove,Standby,since_yesterday_utc_2026-05-17,incremental,outbound,sent,10546,21058,20082,445,315,216,0,0,0,0,95.37,9838,445,0,158,105,10546,12,0,2026-05-18T11:32:48Z,26030867429,2026-05-18 11:32 UTC
Joao,Broadcast,since_yesterday_utc_2026-05-17,incremental,outbound,sent,3034,6171,5960,74,84,53,0,0,0,0,96.58,2895,74,0,38,27,3034,4,0,2026-05-18T11:32:48Z,26030867429,2026-05-18 11:32 UTC
NS,Recuperação,since_yesterday_utc_2026-05-17,incremental,outbound,sent,0,0,0,0,0,0,0,0,0,0,0.0,0,0,0,0,0,0,0,0,2026-05-18T11:32:48Z,26030867429,2026-05-18 11:32 UTC
Naturemove,Standby,since_yesterday_utc_2026-05-17,incremental,outbound,sent,0,0,0,0,0,0,0,0,0,0,0.0,0,0,0,0,0,0,1,0,2026-05-18T11:32:48Z,26030867429,2026-05-18 11:32 UTC
Rafa,Broadcast,since_yesterday_utc_2026-05-17,incremental,outbound,sent,0,0,0,0,0,0,0,0,0,0,0.0,0,0,0,0,0,0,1,0,2026-05-18T11:32:48Z,26030867429,2026-05-18 11:32 UTC
Rehableaf,Standby,since_yesterday_utc_2026-05-17,incremental,outbound,sent,0,0,0,0,0,0,0,0,0,0,0.0,0,0,0,0,0,0,1,0,2026-05-18T11:32:48Z,26030867429,2026-05-18 11:32 UTC
Richard,Standby,since_yesterday_utc_2026-05-17,incremental,outbound,sent,1281096,1282431,1180467,20707,56870,24387,0,0,0,0,92.05,1179213,20707,0,56816,24360,1281096,1321,0,2026-05-18T11:32:48Z,26030867429,2026-05-18 11:32 UTC
Bernardo,Broadcast,since_yesterday_utc_2026-05-18,incremental,outbound,sent,0,0,0,0,0,0,0,0,0,0,0.0,0,0,0,0,0,0,3,0,2026-05-19T10:49:50Z,26092426722,2026-05-19 10:49 UTC
Havenmove,Standby,since_yesterday_utc_2026-05-18,incremental,outbound,sent,6269,12535,11952,301,161,121,0,0,0,0,95.35,5834,301,0,79,55,6269,7,0,2026-05-19T10:49:50Z,26092426722,2026-05-19 10:49 UTC
Joao,Broadcast,since_yesterday_utc_2026-05-18,incremental,outbound,sent,5688,11793,11294,138,208,153,0,0,0,0,95.77,5377,138,0,102,71,5688,7,0,2026-05-19T10:49:50Z,26092426722,2026-05-19 10:49 UTC
NS,Recuperação,since_yesterday_utc_2026-05-18,incremental,outbound,sent,0,0,0,0,0,0,0,0,0,0,0.0,0,0,0,0,0,0,0,0,2026-05-19T10:49:50Z,26092426722,2026-05-19 10:49 UTC
Naturemove,Standby,since_yesterday_utc_2026-05-18,incremental,outbound,sent,0,0,0,0,0,0,0,0,0,0,0.0,0,0,0,0,0,0,1,0,2026-05-19T10:49:50Z,26092426722,2026-05-19 10:49 UTC
Rafa,Broadcast,since_yesterday_utc_2026-05-18,incremental,outbound,sent,0,0,0,0,0,0,0,0,0,0,0.0,0,0,0,0,0,0,1,0,2026-05-19T10:49:50Z,26092426722,2026-05-19 10:49 UTC
Rehableaf,Standby,since_yesterday_utc_2026-05-18,incremental,outbound,sent,0,0,0,0,0,0,0,0,0,0,0.0,0,0,0,0,0,0,1,0,2026-05-19T10:49:50Z,26092426722,2026-05-19 10:49 UTC
Richard,Standby,since_yesterday_utc_2026-05-18,incremental,outbound,sent,420119,420435,384138,10813,16026,9458,0,0,0,0,91.37,383846,10813,0,16010,9450,420119,435,0,2026-05-19T10:49:50Z,26092426722,2026-05-19 10:49 UTC
Bernardo,Broadcast,since_yesterday_utc_2026-05-19,incremental,outbound,sent,0,0,0,0,0,0,0,0,0,0,0.0,0,0,0,0,0,0,1,0,2026-05-20T10:37:10Z,26157128188,2026-05-20 10:37 UTC
Havenmove,Standby,since_yesterday_utc_2026-05-19,incremental,outbound,sent,554,1029,876,116,11,26,0,0,0,0,85.13,423,116,0,5,10,554,1,0,2026-05-20T10:37:10Z,26157128188,2026-05-20 10:37 UTC
Joao,Broadcast,since_yesterday_utc_2026-05-19,incremental,outbound,sent,9611,20582,19714,229,329,310,0,0,0,0,95.78,9081,229,0,155,146,9611,11,0,2026-05-20T10:37:10Z,26157128188,2026-05-20 10:37 UTC
NS,Recuperação,since_yesterday_utc_2026-05-19,incremental,outbound,sent,0,0,0,0,0,0,0,0,0,0,0.0,0,0,0,0,0,0,0,0,2026-05-20T10:37:10Z,26157128188,2026-05-20 10:37 UTC
Naturemove,Standby,since_yesterday_utc_2026-05-19,incremental,outbound,sent,0,0,0,0,0,0,0,0,0,0,0.0,0,0,0,0,0,0,1,0,2026-05-20T10:37:10Z,26157128188,2026-05-20 10:37 UTC
Rafa,Broadcast,since_yesterday_utc_2026-05-19,incremental,outbound,sent,0,0,0,0,0,0,0,0,0,0,0.0,0,0,0,0,0,0,1,0,2026-05-20T10:37:10Z,26157128188,2026-05-20 10:37 UTC
Rehableaf,Standby,since_yesterday_utc_2026-05-19,incremental,outbound,sent,0,0,0,0,0,0,0,0,0,0,0.0,0,0,0,0,0,0,1,0,2026-05-20T10:37:10Z,26157128188,2026-05-20 10:37 UTC
Richard,Standby,since_yesterday_utc_2026-05-19,incremental,outbound,sent,282769,283168,257448,5926,11910,7884,0,0,0,0,90.92,257075,5926,0,11898,7870,282769,290,0,2026-05-20T10:37:10Z,26157128188,2026-05-20 10:37 UTC
Bernardo,Broadcast,since_yesterday_utc_2026-05-20,incremental,outbound,sent,197606,197892,179840,4484,7661,5907,0,0,0,0,90.88,179577,4484,0,7645,5900,197606,201,0,2026-05-21T10:54:20Z,26221597005,2026-05-21 10:54 UTC
Havenmove,Standby,since_yesterday_utc_2026-05-20,incremental,outbound,sent,581,1175,1054,78,14,29,0,0,0,0,89.7,485,78,0,6,12,581,1,0,2026-05-21T10:54:20Z,26221597005,2026-05-21 10:54 UTC
Joao,Broadcast,since_yesterday_utc_2026-05-20,incremental,outbound,sent,9862,21438,20588,203,353,294,0,0,0,0,96.04,9357,203,0,163,139,9862,11,0,2026-05-21T10:54:20Z,26221597005,2026-05-21 10:54 UTC
NS,Recuperação,since_yesterday_utc_2026-05-20,incremental,outbound,sent,0,0,0,0,0,0,0,0,0,0,0.0,0,0,0,0,0,0,0,0,2026-05-21T10:54:20Z,26221597005,2026-05-21 10:54 UTC
Naturemove,Standby,since_yesterday_utc_2026-05-20,incremental,outbound,sent,0,0,0,0,0,0,0,0,0,0,0.0,0,0,0,0,0,0,1,0,2026-05-21T10:54:20Z,26221597005,2026-05-21 10:54 UTC
Rafa,Broadcast,since_yesterday_utc_2026-05-20,incremental,outbound,sent,0,0,0,0,0,0,0,0,0,0,0.0,0,0,0,0,0,0,1,0,2026-05-21T10:54:20Z,26221597005,2026-05-21 10:54 UTC
Rehableaf,Standby,since_yesterday_utc_2026-05-20,incremental,outbound,sent,0,0,0,0,0,0,0,0,0,0,0.0,0,0,0,0,0,0,1,0,2026-05-21T10:54:20Z,26221597005,2026-05-21 10:54 UTC
Richard,Standby,since_yesterday_utc_2026-05-20,incremental,outbound,sent,572788,573560,526419,13310,21114,12717,0,0,0,0,91.78,525704,13310,0,21089,12685,572788,583,0,2026-05-21T10:54:20Z,26221597005,2026-05-21 10:54 UTC
Bernardo,Broadcast,since_yesterday_utc_2026-05-21,incremental,outbound,sent,29847,29914,27557,337,1434,586,0,0,0,0,92.12,27496,337,0,1428,586,29847,31,0,2026-05-22T10:36:27Z,26282878066,2026-05-22 10:36 UTC
Havenmove,Standby,since_yesterday_utc_2026-05-21,incremental,outbound,sent,4780,9865,9409,176,141,139,0,0,0,0,95.38,4478,176,0,63,63,4780,6,0,2026-05-22T10:36:27Z,26282878066,2026-05-22 10:36 UTC
Joao,Broadcast,since_yesterday_utc_2026-05-21,incremental,outbound,sent,5149,11068,10670,110,194,94,0,0,0,0,96.4,4901,110,0,91,47,5149,6,0,2026-05-22T10:36:27Z,26282878066,2026-05-22 10:36 UTC
NS,Recuperação,since_yesterday_utc_2026-05-21,incremental,outbound,sent,0,0,0,0,0,0,0,0,0,0,0.0,0,0,0,0,0,0,0,0,2026-05-22T10:36:27Z,26282878066,2026-05-22 10:36 UTC
Naturemove,Standby,since_yesterday_utc_2026-05-21,incremental,outbound,sent,0,0,0,0,0,0,0,0,0,0,0.0,0,0,0,0,0,0,1,0,2026-05-22T10:36:27Z,26282878066,2026-05-22 10:36 UTC
Rafa,Broadcast,since_yesterday_utc_2026-05-21,incremental,outbound,sent,0,0,0,0,0,0,0,0,0,0,0.0,0,0,0,0,0,0,1,0,2026-05-22T10:36:27Z,26282878066,2026-05-22 10:36 UTC
Rehableaf,Standby,since_yesterday_utc_2026-05-21,incremental,outbound,sent,0,0,0,0,0,0,0,0,0,0,0.0,0,0,0,0,0,0,1,0,2026-05-22T10:36:27Z,26282878066,2026-05-22 10:36 UTC
Richard,Standby,since_yesterday_utc_2026-05-21,incremental,outbound,sent,637836,638706,593400,9294,22610,13402,0,0,0,0,92.91,592589,9294,0,22576,13377,637836,652,0,2026-05-22T10:36:27Z,26282878066,2026-05-22 10:36 UTC
Bernardo,Broadcast,since_yesterday_utc_2026-05-22,incremental,outbound,sent,5,7,6,1,0,0,0,0,0,0,85.71,4,1,0,0,0,5,1,0,2026-05-23T09:26:18Z,26329219889,2026-05-23 09:26 UTC
Havenmove,Standby,since_yesterday_utc_2026-05-22,incremental,outbound,sent,4542,9409,9014,158,146,91,0,0,0,0,95.8,4279,158,0,65,40,4542,5,0,2026-05-23T09:26:18Z,26329219889,2026-05-23 09:26 UTC
Joao,Broadcast,since_yesterday_utc_2026-05-22,incremental,outbound,sent,4591,9523,9143,108,152,120,0,0,0,0,96.01,4351,108,0,74,58,4591,5,0,2026-05-23T09:26:18Z,26329219889,2026-05-23 09:26 UTC
NS,Recuperação,since_yesterday_utc_2026-05-22,incremental,outbound,sent,0,0,0,0,0,0,0,0,0,0,0.0,0,0,0,0,0,0,0,0,2026-05-23T09:26:18Z,26329219889,2026-05-23 09:26 UTC
Naturemove,Standby,since_yesterday_utc_2026-05-22,incremental,outbound,sent,0,0,0,0,0,0,0,0,0,0,0.0,0,0,0,0,0,0,1,0,2026-05-23T09:26:18Z,26329219889,2026-05-23 09:26 UTC
Rafa,Broadcast,since_yesterday_utc_2026-05-22,incremental,outbound,sent,0,0,0,0,0,0,0,0,0,0,0.0,0,0,0,0,0,0,1,0,2026-05-23T09:26:18Z,26329219889,2026-05-23 09:26 UTC
Rehableaf,Standby,since_yesterday_utc_2026-05-22,incremental,outbound,sent,0,0,0,0,0,0,0,0,0,0,0.0,0,0,0,0,0,0,1,0,2026-05-23T09:26:18Z,26329219889,2026-05-23 09:26 UTC
Richard,Standby,since_yesterday_utc_2026-05-22,incremental,outbound,sent,701618,702213,617017,16025,53184,15987,0,0,0,0,87.87,616473,16025,0,53143,15977,701618,712,0,2026-05-23T09:26:18Z,26329219889,2026-05-23 09:26 UTC
Bernardo,Broadcast,since_yesterday_utc_2026-05-23,incremental,outbound,sent,528960,529422,478837,22726,17687,10172,0,0,0,0,90.45,478404,22726,0,17669,10161,528960,539,0,2026-05-24T09:31:47Z,26357647078,2026-05-24 09:31 UTC
Havenmove,Standby,since_yesterday_utc_2026-05-23,incremental,outbound,sent,4505,9280,8795,186,166,133,0,0,0,0,94.77,4175,186,0,80,64,4505,5,0,2026-05-24T09:31:47Z,26357647078,2026-05-24 09:31 UTC
Joao,Broadcast,since_yesterday_utc_2026-05-23,incremental,outbound,sent,5328,11051,10620,141,199,91,0,0,0,0,96.1,5051,141,0,93,43,5328,6,0,2026-05-24T09:31:47Z,26357647078,2026-05-24 09:31 UTC
NS,Recuperação,since_yesterday_utc_2026-05-23,incremental,outbound,sent,0,0,0,0,0,0,0,0,0,0,0.0,0,0,0,0,0,0,0,0,2026-05-24T09:31:47Z,26357647078,2026-05-24 09:31 UTC
Naturemove,Standby,since_yesterday_utc_2026-05-23,incremental,outbound,sent,0,0,0,0,0,0,0,0,0,0,0.0,0,0,0,0,0,0,1,0,2026-05-24T09:31:47Z,26357647078,2026-05-24 09:31 UTC
Rafa,Broadcast,since_yesterday_utc_2026-05-23,incremental,outbound,sent,0,0,0,0,0,0,0,0,0,0,0.0,0,0,0,0,0,0,1,0,2026-05-24T09:31:47Z,26357647078,2026-05-24 09:31 UTC
Rehableaf,Standby,since_yesterday_utc_2026-05-23,incremental,outbound,sent,0,0,0,0,0,0,0,0,0,0,0.0,0,0,0,0,0,0,1,0,2026-05-24T09:31:47Z,26357647078,2026-05-24 09:31 UTC
Richard,Standby,since_yesterday_utc_2026-05-23,incremental,outbound,sent,619029,619950,563118,15376,23732,17724,0,0,0,0,90.83,562262,15376,0,23701,17690,619029,628,0,2026-05-24T09:31:47Z,26357647078,2026-05-24 09:31 UTC
Bernardo,Broadcast,since_yesterday_utc_2026-05-24,incremental,outbound,sent,433958,434381,373515,39685,13402,7779,0,0,0,0,85.99,373115,39685,0,13387,7771,433958,441,0,2026-05-25T11:38:18Z,26398529191,2026-05-25 11:38 UTC
Havenmove,Standby,since_yesterday_utc_2026-05-24,incremental,outbound,sent,6208,12487,11972,224,210,81,0,0,0,0,95.88,5848,224,0,98,38,6208,7,0,2026-05-25T11:38:18Z,26398529191,2026-05-25 11:38 UTC
Joao,Broadcast,since_yesterday_utc_2026-05-24,incremental,outbound,sent,4749,9939,9480,124,181,154,0,0,0,0,95.38,4469,124,0,86,70,4749,5,0,2026-05-25T11:38:18Z,26398529191,2026-05-25 11:38 UTC
NS,Recuperação,since_yesterday_utc_2026-05-24,incremental,outbound,sent,0,0,0,0,0,0,0,0,0,0,0.0,0,0,0,0,0,0,0,0,2026-05-25T11:38:18Z,26398529191,2026-05-25 11:38 UTC
Naturemove,Standby,since_yesterday_utc_2026-05-24,incremental,outbound,sent,0,0,0,0,0,0,0,0,0,0,0.0,0,0,0,0,0,0,1,0,2026-05-25T11:38:18Z,26398529191,2026-05-25 11:38 UTC
Rafa,Broadcast,since_yesterday_utc_2026-05-24,incremental,outbound,sent,0,0,0,0,0,0,0,0,0,0,0.0,0,0,0,0,0,0,1,0,2026-05-25T11:38:18Z,26398529191,2026-05-25 11:38 UTC
Rehableaf,Standby,since_yesterday_utc_2026-05-24,incremental,outbound,sent,0,0,0,0,0,0,0,0,0,0,0.0,0,0,0,0,0,0,1,0,2026-05-25T11:38:18Z,26398529191,2026-05-25 11:38 UTC
Richard,Standby,since_yesterday_utc_2026-05-24,incremental,outbound,sent,644017,645075,591222,13952,25438,14463,0,0,0,0,91.65,590239,13952,0,25391,14435,644017,652,0,2026-05-25T11:38:18Z,26398529191,2026-05-25 11:38 UTC
Bernardo,Broadcast,since_yesterday_utc_2026-05-27,incremental,outbound,sent,0,0,0,0,0,0,0,0,0,0,0.0,0,0,0,0,0,0,1,0,2026-05-28T11:24:23Z,26571721019,2026-05-28 11:24 UTC
Havenmove,Standby,since_yesterday_utc_2026-05-27,incremental,outbound,sent,1244,2592,2441,104,15,32,0,0,0,0,94.17,1116,104,0,8,16,1244,2,0,2026-05-28T11:24:23Z,26571721019,2026-05-28 11:24 UTC
Joao,Broadcast,since_yesterday_utc_2026-05-27,incremental,outbound,sent,9292,20442,19739,223,306,174,0,0,0,0,96.56,8857,223,0,135,77,9292,10,0,2026-05-28T11:24:23Z,26571721019,2026-05-28 11:24 UTC
NS,Recuperação,since_yesterday_utc_2026-05-27,incremental,outbound,sent,0,0,0,0,0,0,0,0,0,0,0.0,0,0,0,0,0,0,0,0,2026-05-28T11:24:23Z,26571721019,2026-05-28 11:24 UTC
Naturemove,Standby,since_yesterday_utc_2026-05-27,incremental,outbound,sent,0,0,0,0,0,0,0,0,0,0,0.0,0,0,0,0,0,0,1,0,2026-05-28T11:24:23Z,26571721019,2026-05-28 11:24 UTC
Rafa,Broadcast,since_yesterday_utc_2026-05-27,incremental,outbound,sent,0,0,0,0,0,0,0,0,0,0,0.0,0,0,0,0,0,0,1,0,2026-05-28T11:24:23Z,26571721019,2026-05-28 11:24 UTC
Rehableaf,Standby,since_yesterday_utc_2026-05-27,incremental,outbound,sent,0,0,0,0,0,0,0,0,0,0,0.0,0,0,0,0,0,0,1,0,2026-05-28T11:24:23Z,26571721019,2026-05-28 11:24 UTC
Richard,Standby,since_yesterday_utc_2026-05-27,incremental,outbound,sent,667655,668456,593154,41367,21958,11977,0,0,0,0,88.73,592405,41367,0,21934,11949,667655,687,0,2026-05-28T11:24:23Z,26571721019,2026-05-28 11:24 UTC
Bernardo,Broadcast,since_yesterday_utc_2026-05-28,incremental,outbound,sent,0,0,0,0,0,0,0,0,0,0,0.0,0,0,0,0,0,0,1,0,2026-05-29T10:59:00Z,26633421991,2026-05-29 10:59 UTC
Havenmove,Standby,since_yesterday_utc_2026-05-28,incremental,outbound,sent,898,1850,1698,98,23,31,0,0,0,0,91.78,778,98,0,10,12,898,2,0,2026-05-29T10:59:00Z,26633421991,2026-05-29 10:59 UTC
Joao,Broadcast,since_yesterday_utc_2026-05-28,incremental,outbound,sent,9531,20861,20171,199,293,198,0,0,0,0,96.69,9106,199,0,135,91,9531,10,0,2026-05-29T10:59:00Z,26633421991,2026-05-29 10:59 UTC
NS,Recuperação,since_yesterday_utc_2026-05-28,incremental,outbound,sent,0,0,0,0,0,0,0,0,0,0,0.0,0,0,0,0,0,0,1,0,2026-05-29T10:59:00Z,26633421991,2026-05-29 10:59 UTC
Naturemove,Standby,since_yesterday_utc_2026-05-28,incremental,outbound,sent,0,0,0,0,0,0,0,0,0,0,0.0,0,0,0,0,0,0,1,0,2026-05-29T10:59:00Z,26633421991,2026-05-29 10:59 UTC
Rafa,Broadcast,since_yesterday_utc_2026-05-28,incremental,outbound,sent,0,0,0,0,0,0,0,0,0,0,0.0,0,0,0,0,0,0,1,0,2026-05-29T10:59:00Z,26633421991,2026-05-29 10:59 UTC
Rehableaf,Standby,since_yesterday_utc_2026-05-28,incremental,outbound,sent,0,0,0,0,0,0,0,0,0,0,0.0,0,0,0,0,0,0,1,0,2026-05-29T10:59:00Z,26633421991,2026-05-29 10:59 UTC
Richard,Standby,since_yesterday_utc_2026-05-28,incremental,outbound,sent,782705,783642,710741,28727,26866,17308,0,0,0,0,90.7,709855,28727,0,26845,17278,782705,803,0,2026-05-29T10:59:00Z,26633421991,2026-05-29 10:59 UTC
Bernardo,Broadcast,since_yesterday_utc_2026-05-29,incremental,outbound,sent,0,0,0,0,0,0,0,0,0,0,0.0,0,0,0,0,0,0,1,0,2026-05-30T09:32:53Z,26680479658,2026-05-30 09:32 UTC
Havenmove,Standby,since_yesterday_utc_2026-05-29,incremental,outbound,sent,4724,10237,9774,212,130,121,0,0,0,0,95.48,4398,212,0,57,57,4724,5,0,2026-05-30T09:32:53Z,26680479658,2026-05-30 09:32 UTC
Joao,Broadcast,since_yesterday_utc_2026-05-29,incremental,outbound,sent,5868,12549,12197,96,178,78,0,0,0,0,97.19,5656,96,0,83,33,5868,7,0,2026-05-30T09:32:53Z,26680479658,2026-05-30 09:32 UTC
NS,Recuperação,since_yesterday_utc_2026-05-29,incremental,outbound,sent,0,0,0,0,0,0,0,0,0,0,0.0,0,0,0,0,0,0,1,0,2026-05-30T09:32:53Z,26680479658,2026-05-30 09:32 UTC
Naturemove,Standby,since_yesterday_utc_2026-05-29,incremental,outbound,sent,0,0,0,0,0,0,0,0,0,0,0.0,0,0,0,0,0,0,1,0,2026-05-30T09:32:53Z,26680479658,2026-05-30 09:32 UTC
Rafa,Broadcast,since_yesterday_utc_2026-05-29,incremental,outbound,sent,0,0,0,0,0,0,0,0,0,0,0.0,0,0,0,0,0,0,1,0,2026-05-30T09:32:53Z,26680479658,2026-05-30 09:32 UTC
Rehableaf,Standby,since_yesterday_utc_2026-05-29,incremental,outbound,sent,0,0,0,0,0,0,0,0,0,0,0.0,0,0,0,0,0,0,1,0,2026-05-30T09:32:53Z,26680479658,2026-05-30 09:32 UTC
Richard,Standby,since_yesterday_utc_2026-05-29,incremental,outbound,sent,535523,536068,485628,18506,19458,12476,0,0,0,0,90.59,485114,18506,0,19442,12461,535523,549,0,2026-05-30T09:32:53Z,26680479658,2026-05-30 09:32 UTC
Bernardo,Broadcast,since_yesterday_utc_2026-05-30,incremental,outbound,sent,135916,136027,110106,17703,5775,2443,0,0,0,0,80.94,110001,17703,0,5770,2442,135916,138,0,2026-05-31T10:03:04Z,26709610615,2026-05-31 10:03 UTC
Havenmove,Standby,since_yesterday_utc_2026-05-30,incremental,outbound,sent,4569,9570,9185,237,113,35,0,0,0,0,95.98,4264,237,0,53,15,4569,5,0,2026-05-31T10:03:04Z,26709610615,2026-05-31 10:03 UTC
Joao,Broadcast,since_yesterday_utc_2026-05-30,incremental,outbound,sent,4731,10421,10034,111,143,133,0,0,0,0,96.29,4499,111,0,61,60,4731,5,0,2026-05-31T10:03:04Z,26709610615,2026-05-31 10:03 UTC
NS,Recuperação,since_yesterday_utc_2026-05-30,incremental,outbound,sent,0,0,0,0,0,0,0,0,0,0,0.0,0,0,0,0,0,0,1,0,2026-05-31T10:03:04Z,26709610615,2026-05-31 10:03 UTC
Naturemove,Standby,since_yesterday_utc_2026-05-30,incremental,outbound,sent,0,0,0,0,0,0,0,0,0,0,0.0,0,0,0,0,0,0,1,0,2026-05-31T10:03:04Z,26709610615,2026-05-31 10:03 UTC
Rafa,Broadcast,since_yesterday_utc_2026-05-30,incremental,outbound,sent,0,0,0,0,0,0,0,0,0,0,0.0,0,0,0,0,0,0,1,0,2026-05-31T10:03:04Z,26709610615,2026-05-31 10:03 UTC
Rehableaf,Standby,since_yesterday_utc_2026-05-30,incremental,outbound,sent,0,0,0,0,0,0,0,0,0,0,0.0,0,0,0,0,0,0,1,0,2026-05-31T10:03:04Z,26709610615,2026-05-31 10:03 UTC
Richard,Standby,since_yesterday_utc_2026-05-30,incremental,outbound,sent,733072,734046,671404,24485,23834,14323,0,0,0,0,91.47,670479,24485,0,23811,14297,733072,748,0,2026-05-31T10:03:04Z,26709610615,2026-05-31 10:03 UTC
Bernardo,Broadcast,since_yesterday_utc_2026-05-31,incremental,outbound,sent,125068,125254,105705,11057,5964,2528,0,0,0,0,84.39,105531,11057,0,5960,2520,125068,128,0,2026-06-01T13:17:28Z,26757326000,2026-06-01 13:17 UTC
Havenmove,Standby,since_yesterday_utc_2026-05-31,incremental,outbound,sent,1248,2562,2370,138,30,24,0,0,0,0,92.51,1087,138,0,12,11,1248,2,0,2026-06-01T13:17:28Z,26757326000,2026-06-01 13:17 UTC
Joao,Broadcast,since_yesterday_utc_2026-05-31,incremental,outbound,sent,8828,18823,18231,235,227,130,0,0,0,0,96.85,8426,235,0,107,60,8828,10,0,2026-06-01T13:17:28Z,26757326000,2026-06-01 13:17 UTC
NS,Recuperação,since_yesterday_utc_2026-05-31,incremental,outbound,sent,0,0,0,0,0,0,0,0,0,0,0.0,0,0,0,0,0,0,1,0,2026-06-01T13:17:28Z,26757326000,2026-06-01 13:17 UTC
Naturemove,Standby,since_yesterday_utc_2026-05-31,incremental,outbound,sent,0,0,0,0,0,0,0,0,0,0,0.0,0,0,0,0,0,0,1,0,2026-06-01T13:17:28Z,26757326000,2026-06-01 13:17 UTC
Rafa,Broadcast,since_yesterday_utc_2026-05-31,incremental,outbound,sent,0,0,0,0,0,0,0,0,0,0,0.0,0,0,0,0,0,0,1,0,2026-06-01T13:17:28Z,26757326000,2026-06-01 13:17 UTC
Rehableaf,Standby,since_yesterday_utc_2026-05-31,incremental,outbound,sent,0,0,0,0,0,0,0,0,0,0,0.0,0,0,0,0,0,0,1,0,2026-06-01T13:17:28Z,26757326000,2026-06-01 13:17 UTC
Richard,Standby,since_yesterday_utc_2026-05-31,incremental,outbound,sent,895148,895988,820512,29567,29768,16141,0,0,0,0,91.58,819719,29567,0,29742,16120,895148,917,0,2026-06-01T13:17:28Z,26757326000,2026-06-01 13:17 UTC
Bernardo,Broadcast,since_yesterday_utc_2026-06-01,incremental,outbound,sent,0,0,0,0,0,0,0,0,0,0,0.0,0,0,0,0,0,0,1,0,2026-06-02T11:52:20Z,26817897869,2026-06-02 11:52 UTC
Havenmove,Standby,since_yesterday_utc_2026-06-01,incremental,outbound,sent,1008,1962,1836,96,10,20,0,0,0,0,93.58,899,96,0,5,8,1008,2,0,2026-06-02T11:52:20Z,26817897869,2026-06-02 11:52 UTC
Joao,Broadcast,since_yesterday_utc_2026-06-01,incremental,outbound,sent,9003,19041,18451,193,231,166,0,0,0,0,96.9,8623,193,0,110,77,9003,10,0,2026-06-02T11:52:20Z,26817897869,2026-06-02 11:52 UTC
NS,Recuperação,since_yesterday_utc_2026-06-01,incremental,outbound,sent,0,0,0,0,0,0,0,0,0,0,0.0,0,0,0,0,0,0,1,0,2026-06-02T11:52:20Z,26817897869,2026-06-02 11:52 UTC
Naturemove,Standby,since_yesterday_utc_2026-06-01,incremental,outbound,sent,0,0,0,0,0,0,0,0,0,0,0.0,0,0,0,0,0,0,1,0,2026-06-02T11:52:20Z,26817897869,2026-06-02 11:52 UTC
Rafa,Broadcast,since_yesterday_utc_2026-06-01,incremental,outbound,sent,0,0,0,0,0,0,0,0,0,0,0.0,0,0,0,0,0,0,1,0,2026-06-02T11:52:20Z,26817897869,2026-06-02 11:52 UTC
Rehableaf,Standby,since_yesterday_utc_2026-06-01,incremental,outbound,sent,0,0,0,0,0,0,0,0,0,0,0.0,0,0,0,0,0,0,1,0,2026-06-02T11:52:20Z,26817897869,2026-06-02 11:52 UTC
Richard,Standby,since_yesterday_utc_2026-06-01,incremental,outbound,sent,688113,689006,629541,22750,24340,12375,0,0,0,0,91.37,628686,22750,0,24320,12357,688113,699,0,2026-06-02T11:52:20Z,26817897869,2026-06-02 11:52 UTC
Bernardo,Broadcast,since_yesterday_utc_2026-06-02,incremental,outbound,sent,0,0,0,0,0,0,0,0,0,0,0.0,0,0,0,0,0,0,1,0,2026-06-03T12:25:13Z,26884550044,2026-06-03 12:25 UTC
Havenmove,Standby,since_yesterday_utc_2026-06-02,incremental,outbound,sent,954,1833,1698,100,15,20,0,0,0,0,92.64,836,100,0,7,11,954,2,0,2026-06-03T12:25:13Z,26884550044,2026-06-03 12:25 UTC
Joao,Broadcast,since_yesterday_utc_2026-06-02,incremental,outbound,sent,9373,19858,19186,204,290,178,0,0,0,0,96.62,8956,204,0,135,78,9373,10,0,2026-06-03T12:25:13Z,26884550044,2026-06-03 12:25 UTC
NS,Recuperação,since_yesterday_utc_2026-06-02,incremental,outbound,sent,95,203,201,0,2,0,0,0,0,0,99.01,94,0,0,1,0,95,1,0,2026-06-03T12:25:13Z,26884550044,2026-06-03 12:25 UTC
Naturemove,Standby,since_yesterday_utc_2026-06-02,incremental,outbound,sent,0,0,0,0,0,0,0,0,0,0,0.0,0,0,0,0,0,0,1,0,2026-06-03T12:25:13Z,26884550044,2026-06-03 12:25 UTC
Rafa,Broadcast,since_yesterday_utc_2026-06-02,incremental,outbound,sent,8,8,4,3,1,0,0,0,0,0,50.0,4,3,0,1,0,8,1,0,2026-06-03T12:25:13Z,26884550044,2026-06-03 12:25 UTC
Rehableaf,Standby,since_yesterday_utc_2026-06-02,incremental,outbound,sent,0,0,0,0,0,0,0,0,0,0,0.0,0,0,0,0,0,0,1,0,2026-06-03T12:25:13Z,26884550044,2026-06-03 12:25 UTC
Richard,Standby,since_yesterday_utc_2026-06-02,incremental,outbound,sent,860628,861960,786237,28567,30141,17015,0,0,0,0,91.22,784963,28567,0,30106,16992,860628,877,0,2026-06-03T12:25:13Z,26884550044,2026-06-03 12:25 UTC
Bernardo,Broadcast,since_yesterday_utc_2026-06-03,incremental,outbound,sent,0,0,0,0,0,0,0,0,0,0,0.0,0,0,0,0,0,0,1,0,2026-06-04T10:50:54Z,26947195218,2026-06-04 10:50 UTC
Havenmove,Standby,since_yesterday_utc_2026-06-03,incremental,outbound,sent,905,1888,1779,93,7,9,0,0,0,0,94.23,805,93,0,3,4,905,2,0,2026-06-04T10:50:54Z,26947195218,2026-06-04 10:50 UTC
Joao,Broadcast,since_yesterday_utc_2026-06-03,incremental,outbound,sent,7065,15350,14775,142,262,171,0,0,0,0,96.25,6732,142,0,119,72,7065,8,0,2026-06-04T10:50:54Z,26947195218,2026-06-04 10:50 UTC
NS,Recuperação,since_yesterday_utc_2026-06-03,incremental,outbound,sent,1751,3773,3707,6,43,17,0,0,0,0,98.25,1720,6,0,18,7,1751,2,0,2026-06-04T10:50:54Z,26947195218,2026-06-04 10:50 UTC
Naturemove,Standby,since_yesterday_utc_2026-06-03,incremental,outbound,sent,0,0,0,0,0,0,0,0,0,0,0.0,0,0,0,0,0,0,1,0,2026-06-04T10:50:54Z,26947195218,2026-06-04 10:50 UTC
Rafa,Broadcast,since_yesterday_utc_2026-06-03,incremental,outbound,sent,2,2,1,1,0,0,0,0,0,0,50.0,1,1,0,0,0,2,1,0,2026-06-04T10:50:54Z,26947195218,2026-06-04 10:50 UTC
Rehableaf,Standby,since_yesterday_utc_2026-06-03,incremental,outbound,sent,0,0,0,0,0,0,0,0,0,0,0.0,0,0,0,0,0,0,1,0,2026-06-04T10:50:54Z,26947195218,2026-06-04 10:50 UTC
Richard,Standby,since_yesterday_utc_2026-06-03,incremental,outbound,sent,662317,663470,599041,25672,24403,14354,0,0,0,0,90.29,597945,25672,0,24365,14335,662317,674,0,2026-06-04T10:50:54Z,26947195218,2026-06-04 10:50 UTC
Bernardo,Broadcast,since_yesterday_utc_2026-06-04,incremental,outbound,sent,0,0,0,0,0,0,0,0,0,0,0.0,0,0,0,0,0,0,1,0,2026-06-05T10:59:46Z,27010990110,2026-06-05 10:59 UTC
Havenmove,Standby,since_yesterday_utc_2026-06-04,incremental,outbound,sent,4217,9268,8828,138,143,159,0,0,0,0,95.25,3949,138,0,63,67,4217,5,0,2026-06-05T10:59:46Z,27010990110,2026-06-05 10:59 UTC
Joao,Broadcast,since_yesterday_utc_2026-06-04,incremental,outbound,sent,5019,10907,10543,98,207,59,0,0,0,0,96.66,4800,98,0,96,25,5019,6,0,2026-06-05T10:59:46Z,27010990110,2026-06-05 10:59 UTC
NS,Recuperação,since_yesterday_utc_2026-06-04,incremental,outbound,sent,390,874,846,5,8,15,0,0,0,0,96.8,374,5,0,5,6,390,1,0,2026-06-05T10:59:46Z,27010990110,2026-06-05 10:59 UTC
Naturemove,Standby,since_yesterday_utc_2026-06-04,incremental,outbound,sent,0,0,0,0,0,0,0,0,0,0,0.0,0,0,0,0,0,0,1,0,2026-06-05T10:59:46Z,27010990110,2026-06-05 10:59 UTC
Rafa,Broadcast,since_yesterday_utc_2026-06-04,incremental,outbound,sent,0,0,0,0,0,0,0,0,0,0,0.0,0,0,0,0,0,0,1,0,2026-06-05T10:59:46Z,27010990110,2026-06-05 10:59 UTC
Rehableaf,Standby,since_yesterday_utc_2026-06-04,incremental,outbound,sent,0,0,0,0,0,0,0,0,0,0,0.0,0,0,0,0,0,0,1,0,2026-06-05T10:59:46Z,27010990110,2026-06-05 10:59 UTC
Richard,Standby,since_yesterday_utc_2026-06-04,incremental,outbound,sent,702603,703578,635749,26594,26052,15183,0,0,0,0,90.36,634810,26594,0,26028,15171,702603,711,0,2026-06-05T10:59:46Z,27010990110,2026-06-05 10:59 UTC
Bernardo,Broadcast,since_yesterday_utc_2026-06-05,incremental,outbound,sent,0,0,0,0,0,0,0,0,0,0,0.0,0,0,0,0,0,0,1,0,2026-06-06T09:48:35Z,27059055833,2026-06-06 09:48 UTC
Havenmove,Standby,since_yesterday_utc_2026-06-05,incremental,outbound,sent,4748,10201,9815,205,124,57,0,0,0,0,96.22,4456,205,0,59,28,4748,6,0,2026-06-06T09:48:35Z,27059055833,2026-06-06 09:48 UTC
Joao,Broadcast,since_yesterday_utc_2026-06-05,incremental,outbound,sent,3777,8493,8114,79,147,153,0,0,0,0,95.54,3562,79,0,65,71,3777,4,0,2026-06-06T09:48:35Z,27059055833,2026-06-06 09:48 UTC
NS,Recuperação,since_yesterday_utc_2026-06-05,incremental,outbound,sent,319,736,708,3,16,9,0,0,0,0,96.2,305,3,0,6,5,319,1,0,2026-06-06T09:48:35Z,27059055833,2026-06-06 09:48 UTC
Naturemove,Standby,since_yesterday_utc_2026-06-05,incremental,outbound,sent,0,0,0,0,0,0,0,0,0,0,0.0,0,0,0,0,0,0,1,0,2026-06-06T09:48:35Z,27059055833,2026-06-06 09:48 UTC
Rafa,Broadcast,since_yesterday_utc_2026-06-05,incremental,outbound,sent,0,0,0,0,0,0,0,0,0,0,0.0,0,0,0,0,0,0,1,0,2026-06-06T09:48:35Z,27059055833,2026-06-06 09:48 UTC
Rehableaf,Standby,since_yesterday_utc_2026-06-05,incremental,outbound,sent,0,0,0,0,0,0,0,0,0,0,0.0,0,0,0,0,0,0,1,0,2026-06-06T09:48:35Z,27059055833,2026-06-06 09:48 UTC
Richard,Standby,since_yesterday_utc_2026-06-05,incremental,outbound,sent,580347,581357,490840,25479,51599,13439,0,0,0,0,84.43,489899,25479,0,51552,13417,580347,587,0,2026-06-06T09:48:35Z,27059055833,2026-06-06 09:48 UTC
Bernardo,Broadcast,since_yesterday_utc_2026-06-06,incremental,outbound,sent,388872,389798,341812,23597,16326,8063,0,0,0,0,87.69,340916,23597,0,16310,8049,388872,393,0,2026-06-07T10:16:35Z,27089666034,2026-06-07 10:16 UTC
Havenmove,Standby,since_yesterday_utc_2026-06-06,incremental,outbound,sent,470,947,866,72,0,9,0,0,0,0,91.45,395,72,0,0,3,470,1,0,2026-06-07T10:16:35Z,27089666034,2026-06-07 10:16 UTC
Joao,Broadcast,since_yesterday_utc_2026-06-06,incremental,outbound,sent,3942,8589,8288,88,154,59,0,0,0,0,96.5,3755,88,0,71,28,3942,5,0,2026-06-07T10:16:35Z,27089666034,2026-06-07 10:16 UTC
NS,Recuperação,since_yesterday_utc_2026-06-06,incremental,outbound,sent,4770,10683,10292,33,199,159,0,0,0,0,96.34,4573,33,0,93,71,4770,5,0,2026-06-07T10:16:35Z,27089666034,2026-06-07 10:16 UTC
Naturemove,Standby,since_yesterday_utc_2026-06-06,incremental,outbound,sent,0,0,0,0,0,0,0,0,0,0,0.0,0,0,0,0,0,0,1,0,2026-06-07T10:16:35Z,27089666034,2026-06-07 10:16 UTC
Rafa,Broadcast,since_yesterday_utc_2026-06-06,incremental,outbound,sent,0,0,0,0,0,0,0,0,0,0,0.0,0,0,0,0,0,0,1,0,2026-06-07T10:16:35Z,27089666034,2026-06-07 10:16 UTC
Rehableaf,Standby,since_yesterday_utc_2026-06-06,incremental,outbound,sent,0,0,0,0,0,0,0,0,0,0,0.0,0,0,0,0,0,0,1,0,2026-06-07T10:16:35Z,27089666034,2026-06-07 10:16 UTC
Richard,Standby,since_yesterday_utc_2026-06-06,incremental,outbound,sent,467277,467926,321390,14181,124414,7941,0,0,0,0,68.68,320852,14181,0,124307,7937,467277,476,0,2026-06-07T10:16:35Z,27089666034,2026-06-07 10:16 UTC
Bernardo,Broadcast,since_yesterday_utc_2026-06-07,incremental,outbound,sent,611472,612546,510561,67915,23453,10617,0,0,0,0,83.35,509550,67915,0,23408,10599,611472,618,0,2026-06-08T12:16:32Z,27137003311,2026-06-08 12:16 UTC
Havenmove,Standby,since_yesterday_utc_2026-06-07,incremental,outbound,sent,490,987,885,67,8,27,0,0,0,0,89.67,408,67,0,4,11,490,1,0,2026-06-08T12:16:32Z,27137003311,2026-06-08 12:16 UTC
Joao,Broadcast,since_yesterday_utc_2026-06-07,incremental,outbound,sent,6178,13408,12784,141,246,237,0,0,0,0,95.35,5829,141,0,113,95,6178,7,0,2026-06-08T12:16:32Z,27137003311,2026-06-08 12:16 UTC
NS,Recuperação,since_yesterday_utc_2026-06-07,incremental,outbound,sent,3067,6593,6394,12,144,43,0,0,0,0,96.98,2965,12,0,71,19,3067,4,0,2026-06-08T12:16:32Z,27137003311,2026-06-08 12:16 UTC
Naturemove,Standby,since_yesterday_utc_2026-06-07,incremental,outbound,sent,0,0,0,0,0,0,0,0,0,0,0.0,0,0,0,0,0,0,1,0,2026-06-08T12:16:32Z,27137003311,2026-06-08 12:16 UTC
Rafa,Broadcast,since_yesterday_utc_2026-06-07,incremental,outbound,sent,0,0,0,0,0,0,0,0,0,0,0.0,0,0,0,0,0,0,1,0,2026-06-08T12:16:32Z,27137003311,2026-06-08 12:16 UTC
Rehableaf,Standby,since_yesterday_utc_2026-06-07,incremental,outbound,sent,0,0,0,0,0,0,0,0,0,0,0.0,0,0,0,0,0,0,1,0,2026-06-08T12:16:32Z,27137003311,2026-06-08 12:16 UTC
Richard,Standby,since_yesterday_utc_2026-06-07,incremental,outbound,sent,263065,263385,178213,7335,72298,5539,0,0,0,0,67.66,177964,7335,0,72237,5529,263065,267,0,2026-06-08T12:16:32Z,27137003311,2026-06-08 12:16 UTC
Bernardo,Broadcast,since_yesterday_utc_2026-06-08,incremental,outbound,sent,566563,567597,480119,53456,22320,11702,0,0,0,0,84.59,479130,53456,0,22291,11686,566563,573,0,2026-06-09T10:48:01Z,27200988953,2026-06-09 10:48 UTC
Havenmove,Standby,since_yesterday_utc_2026-06-08,incremental,outbound,sent,359,668,599,59,3,7,0,0,0,0,89.67,296,59,0,1,3,359,1,0,2026-06-09T10:48:01Z,27200988953,2026-06-09 10:48 UTC
Joao,Broadcast,since_yesterday_utc_2026-06-08,incremental,outbound,sent,5244,10903,10507,128,179,89,0,0,0,0,96.37,4986,128,0,88,42,5244,6,0,2026-06-09T10:48:01Z,27200988953,2026-06-09 10:48 UTC
NS,Recuperação,since_yesterday_utc_2026-06-08,incremental,outbound,sent,3652,7976,7673,47,163,93,0,0,0,0,96.2,3487,47,0,73,45,3652,4,0,2026-06-09T10:48:01Z,27200988953,2026-06-09 10:48 UTC
Naturemove,Standby,since_yesterday_utc_2026-06-08,incremental,outbound,sent,0,0,0,0,0,0,0,0,0,0,0.0,0,0,0,0,0,0,1,0,2026-06-09T10:48:01Z,27200988953,2026-06-09 10:48 UTC
Rafa,Broadcast,since_yesterday_utc_2026-06-08,incremental,outbound,sent,0,0,0,0,0,0,0,0,0,0,0.0,0,0,0,0,0,0,1,0,2026-06-09T10:48:01Z,27200988953,2026-06-09 10:48 UTC
Rehableaf,Standby,since_yesterday_utc_2026-06-08,incremental,outbound,sent,0,0,0,0,0,0,0,0,0,0,0.0,0,0,0,0,0,0,1,0,2026-06-09T10:48:01Z,27200988953,2026-06-09 10:48 UTC
Richard,Standby,since_yesterday_utc_2026-06-08,incremental,outbound,sent,185975,186266,173651,1027,7370,4218,0,0,0,0,93.23,173375,1027,0,7364,4209,185975,189,0,2026-06-09T10:48:01Z,27200988953,2026-06-09 10:48 UTC
Bernardo,Broadcast,since_yesterday_utc_2026-06-09,incremental,outbound,sent,468696,469452,223547,53866,186890,5149,0,0,0,0,47.62,223140,53866,0,186561,5129,468696,472,0,2026-06-10T11:26:06Z,27272924060,2026-06-10 11:26 UTC
Havenmove,Standby,since_yesterday_utc_2026-06-09,incremental,outbound,sent,480,1001,936,47,9,9,0,0,0,0,93.51,425,47,0,4,4,480,1,0,2026-06-10T11:26:06Z,27272924060,2026-06-10 11:26 UTC
Joao,Broadcast,since_yesterday_utc_2026-06-09,incremental,outbound,sent,3801,8402,8011,85,185,121,0,0,0,0,95.35,3581,85,0,77,58,3801,4,0,2026-06-10T11:26:06Z,27272924060,2026-06-10 11:26 UTC
NS,Recuperação,since_yesterday_utc_2026-06-09,incremental,outbound,sent,4096,8568,8295,41,179,53,0,0,0,0,96.81,3947,41,0,83,25,4096,5,0,2026-06-10T11:26:06Z,27272924060,2026-06-10 11:26 UTC
Naturemove,Standby,since_yesterday_utc_2026-06-09,incremental,outbound,sent,0,0,0,0,0,0,0,0,0,0,0.0,0,0,0,0,0,0,1,0,2026-06-10T11:26:06Z,27272924060,2026-06-10 11:26 UTC
Rafa,Broadcast,since_yesterday_utc_2026-06-09,incremental,outbound,sent,3,3,3,0,0,0,0,0,0,0,100.0,3,0,0,0,0,3,1,0,2026-06-10T11:26:06Z,27272924060,2026-06-10 11:26 UTC
Rehableaf,Standby,since_yesterday_utc_2026-06-09,incremental,outbound,sent,0,0,0,0,0,0,0,0,0,0,0.0,0,0,0,0,0,0,1,0,2026-06-10T11:26:06Z,27272924060,2026-06-10 11:26 UTC
Richard,Standby,since_yesterday_utc_2026-06-09,incremental,outbound,sent,267549,267916,191356,20732,51501,4327,0,0,0,0,71.42,191030,20732,0,51468,4319,267549,270,0,2026-06-10T11:26:06Z,27272924060,2026-06-10 11:26 UTC
Bernardo,Broadcast,since_yesterday_utc_2026-06-10,incremental,outbound,sent,13,36,30,0,6,0,0,0,0,0,83.33,11,0,0,2,0,13,1,0,2026-06-11T11:59:29Z,27345173032,2026-06-11 11:59 UTC
Havenmove,Standby,since_yesterday_utc_2026-06-10,incremental,outbound,sent,15845,16477,8070,7843,391,173,0,0,0,0,48.98,7453,7843,0,381,168,15845,17,0,2026-06-11T11:59:29Z,27345173032,2026-06-11 11:59 UTC
Joao,Broadcast,since_yesterday_utc_2026-06-10,incremental,outbound,sent,7437,16430,15840,160,288,142,0,0,0,0,96.41,7092,160,0,119,66,7437,8,0,2026-06-11T11:59:29Z,27345173032,2026-06-11 11:59 UTC
NS,Recuperação,since_yesterday_utc_2026-06-10,incremental,outbound,sent,194,455,435,7,8,5,0,0,0,0,95.6,181,7,0,4,2,194,1,0,2026-06-11T11:59:29Z,27345173032,2026-06-11 11:59 UTC
Naturemove,Standby,since_yesterday_utc_2026-06-10,incremental,outbound,sent,2566,2588,2340,79,115,54,0,0,0,0,90.42,2324,79,0,109,54,2566,3,0,2026-06-11T11:59:29Z,27345173032,2026-06-11 11:59 UTC
Rafa,Broadcast,since_yesterday_utc_2026-06-10,incremental,outbound,sent,0,0,0,0,0,0,0,0,0,0,0.0,0,0,0,0,0,0,1,0,2026-06-11T11:59:29Z,27345173032,2026-06-11 11:59 UTC
Rehableaf,Standby,since_yesterday_utc_2026-06-10,incremental,outbound,sent,2559,2579,1848,603,80,48,0,0,0,0,71.66,1828,603,0,80,48,2559,3,0,2026-06-11T11:59:29Z,27345173032,2026-06-11 11:59 UTC
Richard,Standby,since_yesterday_utc_2026-06-10,incremental,outbound,sent,136401,136554,83507,8451,43139,1457,0,0,0,0,61.15,83401,8451,0,43092,1457,136401,139,0,2026-06-11T11:59:29Z,27345173032,2026-06-11 11:59 UTC
Bernardo,Broadcast,since_yesterday_utc_2026-06-11,incremental,outbound,sent,127,376,363,1,12,0,0,0,0,0,96.54,122,1,0,4,0,127,1,0,2026-06-12T11:29:10Z,27412852570,2026-06-12 11:29 UTC
Havenmove,Standby,since_yesterday_utc_2026-06-11,incremental,outbound,sent,18982,19489,17510,810,839,330,0,0,0,0,89.85,17004,810,0,838,330,18982,20,0,2026-06-12T11:29:10Z,27412852570,2026-06-12 11:29 UTC
Joao,Broadcast,since_yesterday_utc_2026-06-11,incremental,outbound,sent,436551,442545,355531,23338,55636,8040,0,0,0,0,80.34,349837,23338,0,55391,7985,436551,445,0,2026-06-12T11:29:10Z,27412852570,2026-06-12 11:29 UTC
NS,Recuperação,since_yesterday_utc_2026-06-11,incremental,outbound,sent,3276,7451,7194,40,121,96,0,0,0,0,96.55,3142,40,0,53,41,3276,4,0,2026-06-12T11:29:10Z,27412852570,2026-06-12 11:29 UTC
Naturemove,Standby,since_yesterday_utc_2026-06-11,incremental,outbound,sent,13921,13947,12505,569,602,271,0,0,0,0,89.66,12479,569,0,602,271,13921,15,0,2026-06-12T11:29:10Z,27412852570,2026-06-12 11:29 UTC
Rafa,Broadcast,since_yesterday_utc_2026-06-11,incremental,outbound,sent,0,0,0,0,0,0,0,0,0,0,0.0,0,0,0,0,0,0,1,0,2026-06-12T11:29:10Z,27412852570,2026-06-12 11:29 UTC
Rehableaf,Standby,since_yesterday_utc_2026-06-11,incremental,outbound,sent,9218,9246,8255,379,424,188,0,0,0,0,89.28,8231,379,0,422,186,9218,10,0,2026-06-12T11:29:10Z,27412852570,2026-06-12 11:29 UTC
Richard,Standby,since_yesterday_utc_2026-06-11,incremental,outbound,sent,325,975,945,0,30,0,0,0,0,0,96.92,315,0,0,10,0,325,1,0,2026-06-12T11:29:10Z,27412852570,2026-06-12 11:29 UTC
Bernardo,Broadcast,since_yesterday_utc_2026-06-12,incremental,outbound,sent,0,0,0,0,0,0,0,0,0,0,0.0,0,0,0,0,0,0,1,0,2026-06-13T10:16:43Z,27463931914,2026-06-13 10:16 UTC
Havenmove,Standby,since_yesterday_utc_2026-06-12,incremental,outbound,sent,70217,70679,63991,2583,2740,1365,0,0,0,0,90.54,63537,2583,0,2734,1363,70217,73,0,2026-06-13T10:16:43Z,27463931914,2026-06-13 10:16 UTC
Joao,Broadcast,since_yesterday_utc_2026-06-12,incremental,outbound,sent,612198,616781,510504,28084,65609,12584,0,0,0,0,82.77,506188,28084,0,65419,12507,612198,622,0,2026-06-13T10:16:43Z,27463931914,2026-06-13 10:16 UTC
NS,Recuperação,since_yesterday_utc_2026-06-12,incremental,outbound,sent,3991,8793,8525,45,148,75,0,0,0,0,96.95,3846,45,0,67,33,3991,5,0,2026-06-13T10:16:43Z,27463931914,2026-06-13 10:16 UTC
Naturemove,Standby,since_yesterday_utc_2026-06-12,incremental,outbound,sent,52222,52343,47361,1843,2137,1002,0,0,0,0,90.48,47250,1843,0,2127,1002,52222,55,0,2026-06-13T10:16:43Z,27463931914,2026-06-13 10:16 UTC
Rafa,Broadcast,since_yesterday_utc_2026-06-12,incremental,outbound,sent,0,0,0,0,0,0,0,0,0,0,0.0,0,0,0,0,0,0,1,0,2026-06-13T10:16:43Z,27463931914,2026-06-13 10:16 UTC
Rehableaf,Standby,since_yesterday_utc_2026-06-12,incremental,outbound,sent,35057,35163,31791,1269,1402,701,0,0,0,0,90.41,31689,1269,0,1402,697,35057,37,0,2026-06-13T10:16:43Z,27463931914,2026-06-13 10:16 UTC
Richard,Standby,since_yesterday_utc_2026-06-12,incremental,outbound,sent,0,0,0,0,0,0,0,0,0,0,0.0,0,0,0,0,0,0,1,0,2026-06-13T10:16:43Z,27463931914,2026-06-13 10:16 UTC
Bernardo,Broadcast,since_yesterday_utc_2026-06-13,incremental,outbound,sent,0,0,0,0,0,0,0,0,0,0,0.0,0,0,0,0,0,0,1,0,2026-06-14T10:39:51Z,27496245512,2026-06-14 10:39 UTC
Havenmove,Standby,since_yesterday_utc_2026-06-13,incremental,outbound,sent,66323,66920,60437,2456,2686,1341,0,0,0,0,90.31,59862,2456,0,2673,1332,66323,69,0,2026-06-14T10:39:51Z,27496245512,2026-06-14 10:39 UTC
Joao,Broadcast,since_yesterday_utc_2026-06-13,incremental,outbound,sent,426104,432712,389826,11691,20240,10955,0,0,0,0,90.09,383429,11691,0,20118,10866,426104,434,0,2026-06-14T10:39:51Z,27496245512,2026-06-14 10:39 UTC
NS,Recuperação,since_yesterday_utc_2026-06-13,incremental,outbound,sent,669,1372,1319,12,22,19,0,0,0,0,96.14,637,12,0,11,9,669,1,0,2026-06-14T10:39:51Z,27496245512,2026-06-14 10:39 UTC
Naturemove,Standby,since_yesterday_utc_2026-06-13,incremental,outbound,sent,46087,46199,41740,1727,1820,912,0,0,0,0,90.35,41634,1727,0,1814,912,46087,48,0,2026-06-14T10:39:51Z,27496245512,2026-06-14 10:39 UTC
Rafa,Broadcast,since_yesterday_utc_2026-06-13,incremental,outbound,sent,0,0,0,0,0,0,0,0,0,0,0.0,0,0,0,0,0,0,1,0,2026-06-14T10:39:51Z,27496245512,2026-06-14 10:39 UTC
Rehableaf,Standby,since_yesterday_utc_2026-06-13,incremental,outbound,sent,30861,30937,27964,1143,1231,599,0,0,0,0,90.39,27890,1143,0,1231,597,30861,33,0,2026-06-14T10:39:51Z,27496245512,2026-06-14 10:39 UTC
Richard,Standby,since_yesterday_utc_2026-06-13,incremental,outbound,sent,0,0,0,0,0,0,0,0,0,0,0.0,0,0,0,0,0,0,1,0,2026-06-14T10:39:51Z,27496245512,2026-06-14 10:39 UTC
Bernardo,Broadcast,since_yesterday_utc_2026-06-14,incremental,outbound,sent,0,0,0,0,0,0,0,0,0,0,0.0,0,0,0,0,0,0,1,0,2026-06-15T13:41:03Z,27550388780,2026-06-15 13:41 UTC
Havenmove,Standby,since_yesterday_utc_2026-06-14,incremental,outbound,sent,53996,54577,50751,512,2125,1189,0,0,0,0,92.99,50187,512,0,2117,1180,53996,58,0,2026-06-15T13:41:03Z,27550388780,2026-06-15 13:41 UTC
Joao,Broadcast,since_yesterday_utc_2026-06-14,incremental,outbound,sent,633521,640297,566181,31847,27622,14647,0,0,0,0,88.42,559623,31847,0,27502,14549,633521,643,0,2026-06-15T13:41:03Z,27550388780,2026-06-15 13:41 UTC
NS,Recuperação,since_yesterday_utc_2026-06-14,incremental,outbound,sent,390,813,787,6,14,6,0,0,0,0,96.8,376,6,0,6,2,390,1,0,2026-06-15T13:41:03Z,27550388780,2026-06-15 13:41 UTC
Naturemove,Standby,since_yesterday_utc_2026-06-14,incremental,outbound,sent,33660,33736,30010,1802,1252,672,0,0,0,0,88.96,29938,1802,0,1248,672,33660,36,0,2026-06-15T13:41:03Z,27550388780,2026-06-15 13:41 UTC
Rafa,Broadcast,since_yesterday_utc_2026-06-14,incremental,outbound,sent,0,0,0,0,0,0,0,0,0,0,0.0,0,0,0,0,0,0,1,0,2026-06-15T13:41:03Z,27550388780,2026-06-15 13:41 UTC
Rehableaf,Standby,since_yesterday_utc_2026-06-14,incremental,outbound,sent,22479,22533,20064,1148,833,488,0,0,0,0,89.04,20015,1148,0,832,484,22479,24,0,2026-06-15T13:41:03Z,27550388780,2026-06-15 13:41 UTC
Richard,Standby,since_yesterday_utc_2026-06-14,incremental,outbound,sent,0,0,0,0,0,0,0,0,0,0,0.0,0,0,0,0,0,0,1,0,2026-06-15T13:41:03Z,27550388780,2026-06-15 13:41 UTC
Bernardo,Broadcast,since_yesterday_utc_2026-06-15,incremental,outbound,sent,0,0,0,0,0,0,0,0,0,0,0.0,0,0,0,0,0,0,1,0,2026-06-16T12:31:39Z,27617684624,2026-06-16 12:31 UTC
Havenmove,Standby,since_yesterday_utc_2026-06-15,incremental,outbound,sent,81613,82066,76652,513,3300,1601,0,0,0,0,93.4,76204,513,0,3298,1598,81613,85,0,2026-06-16T12:31:39Z,27617684624,2026-06-16 12:31 UTC
Joao,Broadcast,since_yesterday_utc_2026-06-15,incremental,outbound,sent,577191,581184,527389,14826,25716,13253,0,0,0,0,90.74,523552,14826,0,25619,13194,577191,587,0,2026-06-16T12:31:39Z,27617684624,2026-06-16 12:31 UTC
NS,Recuperação,since_yesterday_utc_2026-06-15,incremental,outbound,sent,2906,6148,5919,27,116,86,0,0,0,0,96.28,2786,27,0,55,38,2906,4,0,2026-06-16T12:31:39Z,27617684624,2026-06-16 12:31 UTC
Naturemove,Standby,since_yesterday_utc_2026-06-15,incremental,outbound,sent,32864,32944,29579,1523,1248,594,0,0,0,0,89.79,29503,1523,0,1246,592,32864,35,0,2026-06-16T12:31:39Z,27617684624,2026-06-16 12:31 UTC
Rafa,Broadcast,since_yesterday_utc_2026-06-15,incremental,outbound,sent,0,0,0,0,0,0,0,0,0,0,0.0,0,0,0,0,0,0,1,0,2026-06-16T12:31:39Z,27617684624,2026-06-16 12:31 UTC
Rehableaf,Standby,since_yesterday_utc_2026-06-15,incremental,outbound,sent,21868,21918,19656,1005,847,410,0,0,0,0,89.68,19610,1005,0,845,408,21868,23,0,2026-06-16T12:31:39Z,27617684624,2026-06-16 12:31 UTC
Richard,Standby,since_yesterday_utc_2026-06-15,incremental,outbound,sent,0,0,0,0,0,0,0,0,0,0,0.0,0,0,0,0,0,0,1,0,2026-06-16T12:31:39Z,27617684624,2026-06-16 12:31 UTC
Bernardo,Broadcast,since_yesterday_utc_2026-06-16,incremental,outbound,sent,0,0,0,0,0,0,0,0,0,0,0.0,0,0,0,0,0,0,1,0,2026-06-17T12:07:16Z,27687734579,2026-06-17 12:07 UTC
Havenmove,Standby,since_yesterday_utc_2026-06-16,incremental,outbound,sent,528372,529735,497387,2954,15429,13965,0,0,0,0,93.89,496077,2954,0,15404,13937,528372,576,0,2026-06-17T12:07:16Z,27687734579,2026-06-17 12:07 UTC
Joao,Broadcast,since_yesterday_utc_2026-06-16,incremental,outbound,sent,186178,195554,172782,10291,7825,4656,0,0,0,0,88.36,163775,10291,0,7667,4445,186178,192,0,2026-06-17T12:07:16Z,27687734579,2026-06-17 12:07 UTC
NS,Recuperação,since_yesterday_utc_2026-06-16,incremental,outbound,sent,27780,55761,52480,110,1383,1788,0,0,0,0,94.12,25943,110,0,884,843,27780,30,0,2026-06-17T12:07:16Z,27687734579,2026-06-17 12:07 UTC
Naturemove,Standby,since_yesterday_utc_2026-06-16,incremental,outbound,sent,34739,34810,30953,1671,1348,838,0,0,0,0,88.92,30894,1671,0,1340,834,34739,37,0,2026-06-17T12:07:16Z,27687734579,2026-06-17 12:07 UTC
Rafa,Broadcast,since_yesterday_utc_2026-06-16,incremental,outbound,sent,0,0,0,0,0,0,0,0,0,0,0.0,0,0,0,0,0,0,1,0,2026-06-17T12:07:16Z,27687734579,2026-06-17 12:07 UTC
Rehableaf,Standby,since_yesterday_utc_2026-06-16,incremental,outbound,sent,23162,23216,20560,1119,989,548,0,0,0,0,88.56,20508,1119,0,987,548,23162,25,0,2026-06-17T12:07:16Z,27687734579,2026-06-17 12:07 UTC
Richard,Standby,since_yesterday_utc_2026-06-16,incremental,outbound,sent,0,0,0,0,0,0,0,0,0,0,0.0,0,0,0,0,0,0,1,0,2026-06-17T12:07:16Z,27687734579,2026-06-17 12:07 UTC
Bernardo,Broadcast,since_yesterday_utc_2026-06-17,incremental,outbound,sent,0,0,0,0,0,0,0,0,0,0,0.0,0,0,0,0,0,0,1,0,2026-06-18T11:39:09Z,27756829806,2026-06-18 11:39 UTC
Havenmove,Standby,since_yesterday_utc_2026-06-17,incremental,outbound,sent,499366,500565,441689,33607,15302,9967,0,0,0,0,88.24,440528,33607,0,15278,9953,499366,530,0,2026-06-18T11:39:09Z,27756829806,2026-06-18 11:39 UTC
Joao,Broadcast,since_yesterday_utc_2026-06-17,incremental,outbound,sent,220955,232533,209556,8147,9658,5172,0,0,0,0,90.12,198361,8147,0,9453,4994,220955,226,0,2026-06-18T11:39:09Z,27756829806,2026-06-18 11:39 UTC
NS,Recuperação,since_yesterday_utc_2026-06-17,incremental,outbound,sent,3540,7449,7068,113,137,131,0,0,0,0,94.89,3301,113,0,63,63,3540,4,0,2026-06-18T11:39:09Z,27756829806,2026-06-18 11:39 UTC
Naturemove,Standby,since_yesterday_utc_2026-06-17,incremental,outbound,sent,38728,38825,34612,1908,1507,798,0,0,0,0,89.15,34522,1908,0,1502,796,38728,41,0,2026-06-18T11:39:09Z,27756829806,2026-06-18 11:39 UTC
Rafa,Broadcast,since_yesterday_utc_2026-06-17,incremental,outbound,sent,11,11,3,8,0,0,0,0,0,0,27.27,3,8,0,0,0,11,1,0,2026-06-18T11:39:09Z,27756829806,2026-06-18 11:39 UTC
Rehableaf,Standby,since_yesterday_utc_2026-06-17,incremental,outbound,sent,28666,28744,25649,1391,1114,590,0,0,0,0,89.23,25575,1391,0,1110,590,28666,31,0,2026-06-18T11:39:09Z,27756829806,2026-06-18 11:39 UTC
Richard,Standby,since_yesterday_utc_2026-06-17,incremental,outbound,sent,57,57,13,0,44,0,0,0,0,0,22.81,13,0,0,44,0,57,1,0,2026-06-18T11:39:09Z,27756829806,2026-06-18 11:39 UTC
Bernardo,Broadcast,since_yesterday_utc_2026-06-18,incremental,outbound,sent,0,0,0,0,0,0,0,0,0,0,0.0,0,0,0,0,0,0,1,0,2026-06-19T11:53:53Z,27824135003,2026-06-19 11:53 UTC
Havenmove,Standby,since_yesterday_utc_2026-06-18,incremental,outbound,sent,569337,570592,491715,51071,16854,10952,0,0,0,0,86.18,490511,51071,0,16822,10933,569337,602,0,2026-06-19T11:53:53Z,27824135003,2026-06-19 11:53 UTC
Joao,Broadcast,since_yesterday_utc_2026-06-18,incremental,outbound,sent,216618,219921,195977,8438,9712,5794,0,0,0,0,89.11,192796,8438,0,9641,5743,216618,221,0,2026-06-19T11:53:53Z,27824135003,2026-06-19 11:53 UTC
NS,Recuperação,since_yesterday_utc_2026-06-18,incremental,outbound,sent,10597,19525,18225,596,308,396,0,0,0,0,93.34,9615,596,0,162,224,10597,12,0,2026-06-19T11:53:53Z,27824135003,2026-06-19 11:53 UTC
Naturemove,Standby,since_yesterday_utc_2026-06-18,incremental,outbound,sent,40843,40947,36253,1952,1721,1021,0,0,0,0,88.54,36151,1952,0,1721,1019,40843,43,0,2026-06-19T11:53:53Z,27824135003,2026-06-19 11:53 UTC
Rafa,Broadcast,since_yesterday_utc_2026-06-18,incremental,outbound,sent,11,11,3,8,0,0,0,0,0,0,27.27,3,8,0,0,0,11,1,0,2026-06-19T11:53:53Z,27824135003,2026-06-19 11:53 UTC
Rehableaf,Standby,since_yesterday_utc_2026-06-18,incremental,outbound,sent,27779,27858,24569,1565,1058,666,0,0,0,0,88.19,24494,1565,0,1057,663,27779,30,0,2026-06-19T11:53:53Z,27824135003,2026-06-19 11:53 UTC
Richard,Standby,since_yesterday_utc_2026-06-18,incremental,outbound,sent,14,14,14,0,0,0,0,0,0,0,100.0,14,0,0,0,0,14,1,0,2026-06-19T11:53:53Z,27824135003,2026-06-19 11:53 UTC
Bernardo,Broadcast,since_yesterday_utc_2026-06-19,incremental,outbound,sent,0,0,0,0,0,0,0,0,0,0,0.0,0,0,0,0,0,0,1,0,2026-06-20T10:21:46Z,27868240716,2026-06-20 10:21 UTC
Havenmove,Standby,since_yesterday_utc_2026-06-19,incremental,outbound,sent,479741,484903,367147,16004,93074,8678,0,0,0,0,75.72,365007,16004,0,90105,8625,479741,501,0,2026-06-20T10:21:46Z,27868240716,2026-06-20 10:21 UTC
Joao,Broadcast,since_yesterday_utc_2026-06-19,incremental,outbound,sent,207365,213271,190869,7856,9451,5095,0,0,0,0,89.5,185199,7856,0,9354,4956,207365,213,0,2026-06-20T10:21:46Z,27868240716,2026-06-20 10:21 UTC
NS,Recuperação,since_yesterday_utc_2026-06-19,incremental,outbound,sent,8835,20930,19932,265,359,374,0,0,0,0,95.23,8271,265,0,150,149,8835,10,0,2026-06-20T10:21:46Z,27868240716,2026-06-20 10:21 UTC
Naturemove,Standby,since_yesterday_utc_2026-06-19,incremental,outbound,sent,39174,39248,34758,2147,1506,837,0,0,0,0,88.56,34686,2147,0,1506,835,39174,42,0,2026-06-20T10:21:46Z,27868240716,2026-06-20 10:21 UTC
Rafa,Broadcast,since_yesterday_utc_2026-06-19,incremental,outbound,sent,0,0,0,0,0,0,0,0,0,0,0.0,0,0,0,0,0,0,1,0,2026-06-20T10:21:46Z,27868240716,2026-06-20 10:21 UTC
Rehableaf,Standby,since_yesterday_utc_2026-06-19,incremental,outbound,sent,27095,27147,23767,1773,1014,593,0,0,0,0,87.55,23717,1773,0,1012,593,27095,29,0,2026-06-20T10:21:46Z,27868240716,2026-06-20 10:21 UTC
Richard,Standby,since_yesterday_utc_2026-06-19,incremental,outbound,sent,405279,405852,365167,22736,11215,6734,0,0,0,0,89.98,364628,22736,0,11199,6716,405279,430,0,2026-06-20T10:21:46Z,27868240716,2026-06-20 10:21 UTC
Bernardo,Broadcast,since_yesterday_utc_2026-06-20,incremental,outbound,sent,0,0,0,0,0,0,0,0,0,0,0.0,0,0,0,0,0,0,1,0,2026-06-21T10:55:24Z,27902070284,2026-06-21 10:55 UTC
Havenmove,Standby,since_yesterday_utc_2026-06-20,incremental,outbound,sent,16348,18394,41,266,18086,1,0,0,0,0,0.22,38,266,0,16043,1,16348,20,0,2026-06-21T10:55:24Z,27902070284,2026-06-21 10:55 UTC
Joao,Broadcast,since_yesterday_utc_2026-06-20,incremental,outbound,sent,395827,396586,358927,13145,15846,8668,0,0,0,0,90.5,358212,13145,0,15821,8649,395827,409,0,2026-06-21T10:55:24Z,27902070284,2026-06-21 10:55 UTC
NS,Recuperação,since_yesterday_utc_2026-06-20,incremental,outbound,sent,7076,16951,16195,213,332,211,0,0,0,0,95.54,6639,213,0,139,85,7076,8,0,2026-06-21T10:55:24Z,27902070284,2026-06-21 10:55 UTC
Naturemove,Standby,since_yesterday_utc_2026-06-20,incremental,outbound,sent,240040,240342,216759,9530,9015,5038,0,0,0,0,90.19,216472,9530,0,9004,5034,240040,250,0,2026-06-21T10:55:24Z,27902070284,2026-06-21 10:55 UTC
Rafa,Broadcast,since_yesterday_utc_2026-06-20,incremental,outbound,sent,0,0,0,0,0,0,0,0,0,0,0.0,0,0,0,0,0,0,1,0,2026-06-21T10:55:24Z,27902070284,2026-06-21 10:55 UTC
Rehableaf,Standby,since_yesterday_utc_2026-06-20,incremental,outbound,sent,114899,115106,102335,6902,3758,2111,0,0,0,0,88.91,102132,6902,0,3754,2111,114899,122,0,2026-06-21T10:55:24Z,27902070284,2026-06-21 10:55 UTC
Richard,Standby,since_yesterday_utc_2026-06-20,incremental,outbound,sent,159689,159954,136281,17283,4307,2083,0,0,0,0,85.2,136030,17283,0,4299,2077,159689,179,0,2026-06-21T10:55:24Z,27902070284,2026-06-21 10:55 UTC
Bernardo,Broadcast,since_yesterday_utc_2026-06-21,incremental,outbound,sent,4,4,2,1,1,0,0,0,0,0,50.0,2,1,0,1,0,4,1,0,2026-06-22T13:17:58Z,27955611310,2026-06-22 13:17 UTC
Havenmove,Standby,since_yesterday_utc_2026-06-21,incremental,outbound,sent,13,19,4,1,14,0,0,0,0,0,21.05,4,1,0,8,0,13,2,0,2026-06-22T13:17:58Z,27955611310,2026-06-22 13:17 UTC
Joao,Broadcast,since_yesterday_utc_2026-06-21,incremental,outbound,sent,237442,237895,96264,5615,134431,1585,0,0,0,0,40.46,96154,5615,0,134088,1585,237442,250,0,2026-06-22T13:17:58Z,27955611310,2026-06-22 13:17 UTC
NS,Recuperação,since_yesterday_utc_2026-06-21,incremental,outbound,sent,11723,23593,22606,202,458,327,0,0,0,0,95.82,11133,202,0,227,161,11723,13,0,2026-06-22T13:17:58Z,27955611310,2026-06-22 13:17 UTC
Naturemove,Standby,since_yesterday_utc_2026-06-21,incremental,outbound,sent,50474,50543,24013,4028,21864,638,0,0,0,0,47.51,23994,4028,0,21818,634,50474,55,0,2026-06-22T13:17:58Z,27955611310,2026-06-22 13:17 UTC
Rafa,Broadcast,since_yesterday_utc_2026-06-21,incremental,outbound,sent,0,0,0,0,0,0,0,0,0,0,0.0,0,0,0,0,0,0,1,0,2026-06-22T13:17:58Z,27955611310,2026-06-22 13:17 UTC
Rehableaf,Standby,since_yesterday_utc_2026-06-21,incremental,outbound,sent,79222,79379,15306,2822,60899,352,0,0,0,0,19.28,15290,2822,0,60758,352,79222,82,0,2026-06-22T13:17:58Z,27955611310,2026-06-22 13:17 UTC
Richard,Standby,since_yesterday_utc_2026-06-21,incremental,outbound,sent,436659,437198,369450,46349,13453,7946,0,0,0,0,84.5,368939,46349,0,13437,7934,436659,465,0,2026-06-22T13:17:58Z,27955611310,2026-06-22 13:17 UTC
Bernardo,Broadcast,since_yesterday_utc_2026-06-22,incremental,outbound,sent,7136,7150,6348,338,315,149,0,0,0,0,88.78,6334,338,0,315,149,7136,8,0,2026-06-23T10:49:13Z,28020787935,2026-06-23 10:49 UTC
Havenmove,Standby,since_yesterday_utc_2026-06-22,incremental,outbound,sent,6778,6782,6328,13,282,159,0,0,0,0,93.31,6324,13,0,282,159,6778,9,0,2026-06-23T10:49:13Z,28020787935,2026-06-23 10:49 UTC
Joao,Broadcast,since_yesterday_utc_2026-06-22,incremental,outbound,sent,100055,100263,91353,463,6118,2329,0,0,0,0,91.11,91160,463,0,6107,2325,100055,106,0,2026-06-23T10:49:13Z,28020787935,2026-06-23 10:49 UTC
NS,Recuperação,since_yesterday_utc_2026-06-22,incremental,outbound,sent,5088,10180,9800,18,214,148,0,0,0,0,96.27,4889,18,0,107,74,5088,6,0,2026-06-23T10:49:13Z,28020787935,2026-06-23 10:49 UTC
Naturemove,Standby,since_yesterday_utc_2026-06-22,incremental,outbound,sent,659,659,0,600,59,0,0,0,0,0,0.0,0,600,0,59,0,659,2,0,2026-06-23T10:49:13Z,28020787935,2026-06-23 10:49 UTC
Rafa,Broadcast,since_yesterday_utc_2026-06-22,incremental,outbound,sent,0,0,0,0,0,0,0,0,0,0,0.0,0,0,0,0,0,0,1,0,2026-06-23T10:49:13Z,28020787935,2026-06-23 10:49 UTC
Rehableaf,Standby,since_yesterday_utc_2026-06-22,incremental,outbound,sent,421,421,0,374,47,0,0,0,0,0,0.0,0,374,0,47,0,421,1,0,2026-06-23T10:49:13Z,28020787935,2026-06-23 10:49 UTC
Richard,Standby,since_yesterday_utc_2026-06-22,incremental,outbound,sent,296973,297209,244818,36917,9869,5605,0,0,0,0,82.37,244594,36917,0,9863,5599,296973,316,0,2026-06-23T10:49:13Z,28020787935,2026-06-23 10:49 UTC
Bernardo,Broadcast,since_yesterday_utc_2026-06-23,incremental,outbound,sent,13233,13248,11765,619,522,342,0,0,0,0,88.81,11753,619,0,519,342,13233,14,0,2026-06-24T10:35:42Z,28092500374,2026-06-24 10:35 UTC
Havenmove,Standby,since_yesterday_utc_2026-06-23,incremental,outbound,sent,162706,162851,153161,18,6068,3604,0,0,0,0,94.05,153021,18,0,6063,3604,162706,172,0,2026-06-24T10:35:42Z,28092500374,2026-06-24 10:35 UTC
Joao,Broadcast,since_yesterday_utc_2026-06-23,incremental,outbound,sent,175247,175559,161670,988,7770,5131,0,0,0,0,92.09,161381,988,0,7757,5121,175247,183,0,2026-06-24T10:35:42Z,28092500374,2026-06-24 10:35 UTC
NS,Recuperação,since_yesterday_utc_2026-06-23,incremental,outbound,sent,4628,9283,8885,17,232,149,0,0,0,0,95.71,4421,17,0,116,74,4628,5,0,2026-06-24T10:35:42Z,28092500374,2026-06-24 10:35 UTC
Naturemove,Standby,since_yesterday_utc_2026-06-23,incremental,outbound,sent,381,381,0,338,43,0,0,0,0,0,0.0,0,338,0,43,0,381,1,0,2026-06-24T10:35:42Z,28092500374,2026-06-24 10:35 UTC
Rafa,Broadcast,since_yesterday_utc_2026-06-23,incremental,outbound,sent,0,0,0,0,0,0,0,0,0,0,0.0,0,0,0,0,0,0,1,0,2026-06-24T10:35:42Z,28092500374,2026-06-24 10:35 UTC
Rehableaf,Standby,since_yesterday_utc_2026-06-23,incremental,outbound,sent,242,242,0,228,14,0,0,0,0,0,0.0,0,228,0,14,0,242,1,0,2026-06-24T10:35:42Z,28092500374,2026-06-24 10:35 UTC
Richard,Standby,since_yesterday_utc_2026-06-23,incremental,outbound,sent,314552,315021,269847,27090,10555,7529,0,0,0,0,85.66,269404,27090,0,10542,7516,314552,332,0,2026-06-24T10:35:42Z,28092500374,2026-06-24 10:35 UTC
Bernardo,Broadcast,since_yesterday_utc_2026-06-24,incremental,outbound,sent,19991,20017,17969,871,780,397,0,0,0,0,89.77,17943,871,0,780,397,19991,21,0,2026-06-25T10:29:07Z,28163816495,2026-06-25 10:29 UTC
Havenmove,Standby,since_yesterday_utc_2026-06-24,incremental,outbound,sent,383966,384261,354029,8121,14549,7562,0,0,0,0,92.13,353745,8121,0,14540,7560,383966,413,0,2026-06-25T10:29:07Z,28163816495,2026-06-25 10:29 UTC
Joao,Broadcast,since_yesterday_utc_2026-06-24,incremental,outbound,sent,222865,223153,208724,1515,8346,4568,0,0,0,0,93.53,208452,1515,0,8334,4564,222865,236,0,2026-06-25T10:29:07Z,28163816495,2026-06-25 10:29 UTC
NS,Recuperação,since_yesterday_utc_2026-06-24,incremental,outbound,sent,4582,9181,8807,18,218,138,0,0,0,0,95.93,4386,18,0,109,69,4582,5,0,2026-06-25T10:29:07Z,28163816495,2026-06-25 10:29 UTC
Naturemove,Standby,since_yesterday_utc_2026-06-24,incremental,outbound,sent,135,135,7,108,20,0,0,0,0,0,5.19,7,108,0,20,0,135,1,0,2026-06-25T10:29:07Z,28163816495,2026-06-25 10:29 UTC
Rafa,Broadcast,since_yesterday_utc_2026-06-24,incremental,outbound,sent,0,0,0,0,0,0,0,0,0,0,0.0,0,0,0,0,0,0,1,0,2026-06-25T10:29:07Z,28163816495,2026-06-25 10:29 UTC
Rehableaf,Standby,since_yesterday_utc_2026-06-24,incremental,outbound,sent,156,156,4,133,19,0,0,0,0,0,2.56,4,133,0,19,0,156,1,0,2026-06-25T10:29:07Z,28163816495,2026-06-25 10:29 UTC
Richard,Standby,since_yesterday_utc_2026-06-24,incremental,outbound,sent,474013,474712,410531,42125,14022,8034,0,0,0,0,86.48,409877,42125,0,14004,8007,474013,506,0,2026-06-25T10:29:07Z,28163816495,2026-06-25 10:29 UTC
Bernardo,Broadcast,since_yesterday_utc_2026-06-25,incremental,outbound,sent,27195,27229,23451,1296,1689,793,0,0,0,0,86.13,23417,1296,0,1689,793,27195,29,0,2026-06-26T10:38:31Z,28232858442,2026-06-26 10:38 UTC
Havenmove,Standby,since_yesterday_utc_2026-06-25,incremental,outbound,sent,238694,238875,206045,18635,8926,5269,0,0,0,0,86.26,205868,18635,0,8922,5269,238694,248,0,2026-06-26T10:38:31Z,28232858442,2026-06-26 10:38 UTC
Joao,Broadcast,since_yesterday_utc_2026-06-25,incremental,outbound,sent,261538,261936,227294,5293,21498,7851,0,0,0,0,86.77,226965,5293,0,21439,7841,261538,272,0,2026-06-26T10:38:31Z,28232858442,2026-06-26 10:38 UTC
NS,Recuperação,since_yesterday_utc_2026-06-25,incremental,outbound,sent,6262,12515,11924,30,246,315,0,0,0,0,95.28,5951,30,0,123,158,6262,7,0,2026-06-26T10:38:31Z,28232858442,2026-06-26 10:38 UTC
Naturemove,Standby,since_yesterday_utc_2026-06-25,incremental,outbound,sent,52,52,7,0,45,0,0,0,0,0,13.46,7,0,0,45,0,52,1,0,2026-06-26T10:38:31Z,28232858442,2026-06-26 10:38 UTC
Rafa,Broadcast,since_yesterday_utc_2026-06-25,incremental,outbound,sent,0,0,0,0,0,0,0,0,0,0,0.0,0,0,0,0,0,0,1,0,2026-06-26T10:38:31Z,28232858442,2026-06-26 10:38 UTC
Rehableaf,Standby,since_yesterday_utc_2026-06-25,incremental,outbound,sent,138,138,7,99,32,0,0,0,0,0,5.07,7,99,0,32,0,138,1,0,2026-06-26T10:38:31Z,28232858442,2026-06-26 10:38 UTC
Richard,Standby,since_yesterday_utc_2026-06-25,incremental,outbound,sent,465211,465818,381906,48950,24457,10505,0,0,0,0,81.99,381360,48950,0,24412,10489,465211,492,0,2026-06-26T10:38:31Z,28232858442,2026-06-26 10:38 UTC
Bernardo,Broadcast,since_yesterday_utc_2026-06-26,incremental,outbound,sent,10422,10448,8805,854,358,431,0,0,0,0,84.27,8782,854,0,356,430,10422,12,0,2026-06-27T09:50:56Z,28285702538,2026-06-27 09:50 UTC
Havenmove,Standby,since_yesterday_utc_2026-06-26,incremental,outbound,sent,191068,191186,174634,5242,6543,4767,0,0,0,0,91.34,174522,5242,0,6539,4765,191068,198,0,2026-06-27T09:50:56Z,28285702538,2026-06-27 09:50 UTC
Joao,Broadcast,since_yesterday_utc_2026-06-26,incremental,outbound,sent,138249,138473,123587,2784,5795,6307,0,0,0,0,89.25,123381,2784,0,5784,6300,138249,145,0,2026-06-27T09:50:56Z,28285702538,2026-06-27 09:50 UTC
NS,Recuperação,since_yesterday_utc_2026-06-26,incremental,outbound,sent,5506,10967,10484,15,280,188,0,0,0,0,95.6,5257,15,0,140,94,5506,6,0,2026-06-27T09:50:56Z,28285702538,2026-06-27 09:50 UTC
Naturemove,Standby,since_yesterday_utc_2026-06-26,incremental,outbound,sent,8,8,2,0,6,0,0,0,0,0,25.0,2,0,0,6,0,8,1,0,2026-06-27T09:50:56Z,28285702538,2026-06-27 09:50 UTC
Rafa,Broadcast,since_yesterday_utc_2026-06-26,incremental,outbound,sent,0,0,0,0,0,0,0,0,0,0,0.0,0,0,0,0,0,0,1,0,2026-06-27T09:50:56Z,28285702538,2026-06-27 09:50 UTC
Rehableaf,Standby,since_yesterday_utc_2026-06-26,incremental,outbound,sent,112,112,2,90,20,0,0,0,0,0,1.79,2,90,0,20,0,112,1,0,2026-06-27T09:50:56Z,28285702538,2026-06-27 09:50 UTC
Richard,Standby,since_yesterday_utc_2026-06-26,incremental,outbound,sent,443526,444101,378391,41372,12852,11486,0,0,0,0,85.2,377856,41372,0,12824,11474,443526,474,0,2026-06-27T09:50:56Z,28285702538,2026-06-27 09:50 UTC
Bernardo,Broadcast,since_yesterday_utc_2026-06-27,incremental,outbound,sent,29428,29469,23624,2526,2704,615,0,0,0,0,80.17,23600,2526,0,2687,615,29428,32,0,2026-06-28T10:15:56Z,28319003741,2026-06-28 10:15 UTC
Havenmove,Standby,since_yesterday_utc_2026-06-27,incremental,outbound,sent,545339,545934,506617,6155,18359,14803,0,0,0,0,92.8,506053,6155,0,18338,14793,545339,575,0,2026-06-28T10:15:56Z,28319003741,2026-06-28 10:15 UTC
Joao,Broadcast,since_yesterday_utc_2026-06-27,incremental,outbound,sent,201089,201482,184342,3223,8301,5616,0,0,0,0,91.49,184023,3223,0,8236,5607,201089,209,0,2026-06-28T10:15:56Z,28319003741,2026-06-28 10:15 UTC
NS,Recuperação,since_yesterday_utc_2026-06-27,incremental,outbound,sent,7422,14762,14268,23,306,165,0,0,0,0,96.65,7163,23,0,153,83,7422,8,0,2026-06-28T10:15:56Z,28319003741,2026-06-28 10:15 UTC
Naturemove,Standby,since_yesterday_utc_2026-06-27,incremental,outbound,sent,4,4,1,0,3,0,0,0,0,0,25.0,1,0,0,3,0,4,1,0,2026-06-28T10:15:56Z,28319003741,2026-06-28 10:15 UTC
Rafa,Broadcast,since_yesterday_utc_2026-06-27,incremental,outbound,sent,0,0,0,0,0,0,0,0,0,0,0.0,0,0,0,0,0,0,1,0,2026-06-28T10:15:56Z,28319003741,2026-06-28 10:15 UTC
Rehableaf,Standby,since_yesterday_utc_2026-06-27,incremental,outbound,sent,77,77,1,68,8,0,0,0,0,0,1.3,1,68,0,8,0,77,1,0,2026-06-28T10:15:56Z,28319003741,2026-06-28 10:15 UTC
Richard,Standby,since_yesterday_utc_2026-06-27,incremental,outbound,sent,194141,194551,163781,19088,6531,5151,0,0,0,0,84.18,163415,19088,0,6489,5149,194141,208,0,2026-06-28T10:15:56Z,28319003741,2026-06-28 10:15 UTC
Bernardo,Broadcast,since_yesterday_utc_2026-06-28,incremental,outbound,sent,177161,177478,156216,14778,4084,2400,0,0,0,0,88.02,155917,14778,0,4071,2395,177161,193,0,2026-06-29T12:17:32Z,28371398313,2026-06-29 12:17 UTC
Havenmove,Standby,since_yesterday_utc_2026-06-28,incremental,outbound,sent,375792,376277,346093,8096,13187,8901,0,0,0,0,91.98,345636,8096,0,13165,8895,375792,396,0,2026-06-29T12:17:32Z,28371398313,2026-06-29 12:17 UTC
Joao,Broadcast,since_yesterday_utc_2026-06-28,incremental,outbound,sent,190510,190930,173942,4884,7727,4377,0,0,0,0,91.1,173574,4884,0,7675,4377,190510,198,0,2026-06-29T12:17:32Z,28371398313,2026-06-29 12:17 UTC
NS,Recuperação,since_yesterday_utc_2026-06-28,incremental,outbound,sent,7482,14907,14367,22,320,198,0,0,0,0,96.38,7202,22,0,160,98,7482,8,0,2026-06-29T12:17:32Z,28371398313,2026-06-29 12:17 UTC
Naturemove,Standby,since_yesterday_utc_2026-06-28,incremental,outbound,sent,0,0,0,0,0,0,0,0,0,0,0.0,0,0,0,0,0,0,1,0,2026-06-29T12:17:32Z,28371398313,2026-06-29 12:17 UTC
Rafa,Broadcast,since_yesterday_utc_2026-06-28,incremental,outbound,sent,0,0,0,0,0,0,0,0,0,0,0.0,0,0,0,0,0,0,1,0,2026-06-29T12:17:32Z,28371398313,2026-06-29 12:17 UTC
Rehableaf,Standby,since_yesterday_utc_2026-06-28,incremental,outbound,sent,58,58,0,56,2,0,0,0,0,0,0.0,0,56,0,2,0,58,1,0,2026-06-29T12:17:32Z,28371398313,2026-06-29 12:17 UTC
Richard,Standby,since_yesterday_utc_2026-06-28,incremental,outbound,sent,174069,174446,150829,13873,6053,3691,0,0,0,0,86.46,150467,13873,0,6042,3687,174069,184,0,2026-06-29T12:17:32Z,28371398313,2026-06-29 12:17 UTC
Bernardo,Broadcast,since_yesterday_utc_2026-06-29,incremental,outbound,sent,245832,246305,208021,23590,7322,7372,0,0,0,0,84.46,207575,23590,0,7307,7360,245832,269,0,2026-06-30T10:44:32Z,28438570712,2026-06-30 10:44 UTC
Havenmove,Standby,since_yesterday_utc_2026-06-29,incremental,outbound,sent,204693,204873,187002,3639,8305,5927,0,0,0,0,91.28,186826,3639,0,8301,5927,204693,217,0,2026-06-30T10:44:32Z,28438570712,2026-06-30 10:44 UTC
Joao,Broadcast,since_yesterday_utc_2026-06-29,incremental,outbound,sent,142546,142821,129684,3343,6232,3562,0,0,0,0,90.8,129442,3343,0,6207,3554,142546,149,0,2026-06-30T10:44:32Z,28438570712,2026-06-30 10:44 UTC
NS,Recuperação,since_yesterday_utc_2026-06-29,incremental,outbound,sent,5917,11772,11330,16,264,162,0,0,0,0,96.25,5688,16,0,132,81,5917,7,0,2026-06-30T10:44:32Z,28438570712,2026-06-30 10:44 UTC
Naturemove,Standby,since_yesterday_utc_2026-06-29,incremental,outbound,sent,8,8,2,0,6,0,0,0,0,0,25.0,2,0,0,6,0,8,1,0,2026-06-30T10:44:32Z,28438570712,2026-06-30 10:44 UTC
Rafa,Broadcast,since_yesterday_utc_2026-06-29,incremental,outbound,sent,0,0,0,0,0,0,0,0,0,0,0.0,0,0,0,0,0,0,1,0,2026-06-30T10:44:32Z,28438570712,2026-06-30 10:44 UTC
Rehableaf,Standby,since_yesterday_utc_2026-06-29,incremental,outbound,sent,71,71,2,58,11,0,0,0,0,0,2.82,2,58,0,11,0,71,1,0,2026-06-30T10:44:32Z,28438570712,2026-06-30 10:44 UTC
Richard,Standby,since_yesterday_utc_2026-06-29,incremental,outbound,sent,66573,66678,56512,5974,2613,1579,0,0,0,0,84.75,56415,5974,0,2609,1575,66573,71,0,2026-06-30T10:44:32Z,28438570712,2026-06-30 10:44 UTC
Bernardo,Broadcast,since_yesterday_utc_2026-06-30,incremental,outbound,sent,22888,22908,15835,6148,512,413,0,0,0,0,69.12,15817,6148,0,510,413,22888,29,0,2026-07-01T10:57:17Z,28512525522,2026-07-01 10:57 UTC
Havenmove,Standby,since_yesterday_utc_2026-06-30,incremental,outbound,sent,391968,392554,345816,23988,12176,10574,0,0,0,0,88.09,345271,23988,0,12149,10560,391968,411,0,2026-07-01T10:57:17Z,28512525522,2026-07-01 10:57 UTC
Joao,Broadcast,since_yesterday_utc_2026-06-30,incremental,outbound,sent,170206,170548,153834,4888,7020,4806,0,0,0,0,90.2,153505,4888,0,7008,4805,170206,177,0,2026-07-01T10:57:17Z,28512525522,2026-07-01 10:57 UTC
NS,Recuperação,since_yesterday_utc_2026-06-30,incremental,outbound,sent,3135,6219,5972,9,136,102,0,0,0,0,96.03,3006,9,0,68,52,3135,4,0,2026-07-01T10:57:17Z,28512525522,2026-07-01 10:57 UTC
Naturemove,Standby,since_yesterday_utc_2026-06-30,incremental,outbound,sent,4,4,1,0,3,0,0,0,0,0,25.0,1,0,0,3,0,4,1,0,2026-07-01T10:57:17Z,28512525522,2026-07-01 10:57 UTC
Rafa,Broadcast,since_yesterday_utc_2026-06-30,incremental,outbound,sent,0,0,0,0,0,0,0,0,0,0,0.0,0,0,0,0,0,0,1,0,2026-07-01T10:57:17Z,28512525522,2026-07-01 10:57 UTC
Rehableaf,Standby,since_yesterday_utc_2026-06-30,incremental,outbound,sent,56,56,1,46,9,0,0,0,0,0,1.79,1,46,0,9,0,56,1,0,2026-07-01T10:57:17Z,28512525522,2026-07-01 10:57 UTC
Richard,Standby,since_yesterday_utc_2026-06-30,incremental,outbound,sent,95060,95187,81352,7956,3317,2562,0,0,0,0,85.47,81236,7956,0,3310,2558,95060,100,0,2026-07-01T10:57:17Z,28512525522,2026-07-01 10:57 UTC
Bernardo,Broadcast,since_yesterday_utc_2026-07-01,incremental,outbound,sent,20513,20543,15308,4068,513,654,0,0,0,0,74.52,15282,4068,0,511,652,20513,24,0,2026-07-02T10:20:24Z,28582802029,2026-07-02 10:20 UTC
Havenmove,Standby,since_yesterday_utc_2026-07-01,incremental,outbound,sent,352378,353036,314629,10307,12772,15328,0,0,0,0,89.12,314026,10307,0,12737,15308,352378,373,0,2026-07-02T10:20:24Z,28582802029,2026-07-02 10:20 UTC
Joao,Broadcast,since_yesterday_utc_2026-07-01,incremental,outbound,sent,250224,250661,222030,10468,9060,9103,0,0,0,0,88.58,221625,10468,0,9048,9083,250224,261,0,2026-07-02T10:20:24Z,28582802029,2026-07-02 10:20 UTC
NS,Recuperação,since_yesterday_utc_2026-07-01,incremental,outbound,sent,2883,5710,5517,14,92,87,0,0,0,0,96.62,2779,14,0,46,44,2883,4,0,2026-07-02T10:20:24Z,28582802029,2026-07-02 10:20 UTC
Naturemove,Standby,since_yesterday_utc_2026-07-01,incremental,outbound,sent,8,8,2,0,6,0,0,0,0,0,25.0,2,0,0,6,0,8,1,0,2026-07-02T10:20:24Z,28582802029,2026-07-02 10:20 UTC
Rafa,Broadcast,since_yesterday_utc_2026-07-01,incremental,outbound,sent,0,0,0,0,0,0,0,0,0,0,0.0,0,0,0,0,0,0,1,0,2026-07-02T10:20:24Z,28582802029,2026-07-02 10:20 UTC
Rehableaf,Standby,since_yesterday_utc_2026-07-01,incremental,outbound,sent,60,60,2,51,7,0,0,0,0,0,3.33,2,51,0,7,0,60,1,0,2026-07-02T10:20:24Z,28582802029,2026-07-02 10:20 UTC
Richard,Standby,since_yesterday_utc_2026-07-01,incremental,outbound,sent,118873,119072,101019,9129,4343,4581,0,0,0,0,84.84,100832,9129,0,4333,4579,118873,124,0,2026-07-02T10:20:24Z,28582802029,2026-07-02 10:20 UTC
Bernardo,Broadcast,since_yesterday_utc_2026-07-02,incremental,outbound,sent,404014,404531,338295,47223,11959,7054,0,0,0,0,83.63,337812,47223,0,11933,7046,404014,435,0,2026-07-03T10:18:53Z,28654184006,2026-07-03 10:18 UTC
Havenmove,Standby,since_yesterday_utc_2026-07-02,incremental,outbound,sent,18251,18279,15672,1385,751,471,0,0,0,0,85.74,15644,1385,0,751,471,18251,25,0,2026-07-03T10:18:53Z,28654184006,2026-07-03 10:18 UTC
Joao,Broadcast,since_yesterday_utc_2026-07-02,incremental,outbound,sent,230036,230382,183820,9456,27691,9415,0,0,0,0,79.79,183514,9456,0,27661,9405,230036,237,0,2026-07-03T10:18:53Z,28654184006,2026-07-03 10:18 UTC
NS,Recuperação,since_yesterday_utc_2026-07-02,incremental,outbound,sent,1792,3542,3410,7,66,59,0,0,0,0,96.27,1720,7,0,35,30,1792,2,0,2026-07-03T10:18:53Z,28654184006,2026-07-03 10:18 UTC
Naturemove,Standby,since_yesterday_utc_2026-07-02,incremental,outbound,sent,20,20,5,0,15,0,0,0,0,0,25.0,5,0,0,15,0,20,1,0,2026-07-03T10:18:53Z,28654184006,2026-07-03 10:18 UTC
Rafa,Broadcast,since_yesterday_utc_2026-07-02,incremental,outbound,sent,0,0,0,0,0,0,0,0,0,0,0.0,0,0,0,0,0,0,1,0,2026-07-03T10:18:53Z,28654184006,2026-07-03 10:18 UTC
Rehableaf,Standby,since_yesterday_utc_2026-07-02,incremental,outbound,sent,955,957,7,39,911,0,0,0,0,0,0.73,7,39,0,909,0,955,1,0,2026-07-03T10:18:53Z,28654184006,2026-07-03 10:18 UTC
Richard,Standby,since_yesterday_utc_2026-07-02,incremental,outbound,sent,104113,104303,83370,6560,11494,2879,0,0,0,0,79.93,83198,6560,0,11482,2873,104113,108,0,2026-07-03T10:18:53Z,28654184006,2026-07-03 10:18 UTC
Bernardo,Broadcast,since_yesterday_utc_2026-07-03,incremental,outbound,sent,34109,34133,14263,18397,744,729,0,0,0,0,41.79,14241,18397,0,742,729,34109,52,0,2026-07-04T09:52:12Z,28702497805,2026-07-04 09:52 UTC
Havenmove,Standby,since_yesterday_utc_2026-07-03,incremental,outbound,sent,245752,246099,207780,25125,7841,5353,0,0,0,0,84.43,207455,25125,0,7827,5345,245752,257,0,2026-07-04T09:52:12Z,28702497805,2026-07-04 09:52 UTC
Joao,Broadcast,since_yesterday_utc_2026-07-03,incremental,outbound,sent,148323,148629,129753,4753,6285,7838,0,0,0,0,87.3,129476,4753,0,6270,7824,148323,155,0,2026-07-04T09:52:12Z,28702497805,2026-07-04 09:52 UTC
NS,Recuperação,since_yesterday_utc_2026-07-03,incremental,outbound,sent,1572,3109,2984,3,68,54,0,0,0,0,95.98,1506,3,0,36,27,1572,2,0,2026-07-04T09:52:12Z,28702497805,2026-07-04 09:52 UTC
Naturemove,Standby,since_yesterday_utc_2026-07-03,incremental,outbound,sent,8,8,2,0,6,0,0,0,0,0,25.0,2,0,0,6,0,8,1,0,2026-07-04T09:52:12Z,28702497805,2026-07-04 09:52 UTC
Rafa,Broadcast,since_yesterday_utc_2026-07-03,incremental,outbound,sent,0,0,0,0,0,0,0,0,0,0,0.0,0,0,0,0,0,0,1,0,2026-07-04T09:52:12Z,28702497805,2026-07-04 09:52 UTC
Rehableaf,Standby,since_yesterday_utc_2026-07-03,incremental,outbound,sent,44,44,1,36,7,0,0,0,0,0,2.27,1,36,0,7,0,44,1,0,2026-07-04T09:52:12Z,28702497805,2026-07-04 09:52 UTC
Richard,Standby,since_yesterday_utc_2026-07-03,incremental,outbound,sent,94892,95062,78857,5626,6660,3919,0,0,0,0,82.95,78714,5626,0,6635,3917,94892,100,0,2026-07-04T09:52:12Z,28702497805,2026-07-04 09:52 UTC
Bernardo,Broadcast,since_yesterday_utc_2026-07-04,incremental,outbound,sent,391656,392207,334957,36542,12035,8673,0,0,0,0,85.4,334440,36542,0,12011,8663,391656,416,0,2026-07-05T09:56:23Z,28736927135,2026-07-05 09:56 UTC
Havenmove,Standby,since_yesterday_utc_2026-07-04,incremental,outbound,sent,64647,64729,56583,5038,2048,1060,0,0,0,0,87.42,56503,5038,0,2048,1058,64647,73,0,2026-07-05T09:56:23Z,28736927135,2026-07-05 09:56 UTC
Joao,Broadcast,since_yesterday_utc_2026-07-04,incremental,outbound,sent,232142,232539,203859,14344,7715,6621,0,0,0,0,87.67,203488,14344,0,7697,6613,232142,248,0,2026-07-05T09:56:23Z,28736927135,2026-07-05 09:56 UTC
NS,Recuperação,since_yesterday_utc_2026-07-04,incremental,outbound,sent,1734,3429,3301,2,67,59,0,0,0,0,96.27,1669,2,0,33,30,1734,2,0,2026-07-05T09:56:23Z,28736927135,2026-07-05 09:56 UTC
Naturemove,Standby,since_yesterday_utc_2026-07-04,incremental,outbound,sent,4,4,1,0,3,0,0,0,0,0,25.0,1,0,0,3,0,4,1,0,2026-07-05T09:56:23Z,28736927135,2026-07-05 09:56 UTC
Rafa,Broadcast,since_yesterday_utc_2026-07-04,incremental,outbound,sent,0,0,0,0,0,0,0,0,0,0,0.0,0,0,0,0,0,0,1,0,2026-07-05T09:56:23Z,28736927135,2026-07-05 09:56 UTC
Rehableaf,Standby,since_yesterday_utc_2026-07-04,incremental,outbound,sent,26,26,1,22,3,0,0,0,0,0,3.85,1,22,0,3,0,26,1,0,2026-07-05T09:56:23Z,28736927135,2026-07-05 09:56 UTC
Richard,Standby,since_yesterday_utc_2026-07-04,incremental,outbound,sent,92426,92592,80196,6350,3585,2461,0,0,0,0,86.61,80042,6350,0,3577,2457,92426,98,0,2026-07-05T09:56:23Z,28736927135,2026-07-05 09:56 UTC
Bernardo,Broadcast,since_yesterday_utc_2026-07-05,incremental,outbound,sent,21712,21724,13857,7007,423,437,0,0,0,0,63.79,13847,7007,0,423,435,21712,28,0,2026-07-06T11:50:07Z,28789362230,2026-07-06 11:50 UTC
Havenmove,Standby,since_yesterday_utc_2026-07-05,incremental,outbound,sent,9830,9852,8660,437,342,413,0,0,0,0,87.9,8640,437,0,342,411,9830,12,0,2026-07-06T11:50:07Z,28789362230,2026-07-06 11:50 UTC
Joao,Broadcast,since_yesterday_utc_2026-07-05,incremental,outbound,sent,746493,747450,637328,66919,22997,20206,0,0,0,0,85.27,636421,66919,0,22961,20192,746493,818,0,2026-07-06T11:50:07Z,28789362230,2026-07-06 11:50 UTC
NS,Recuperação,since_yesterday_utc_2026-07-05,incremental,outbound,sent,328,622,593,2,17,10,0,0,0,0,95.34,311,2,0,10,5,328,1,0,2026-07-06T11:50:07Z,28789362230,2026-07-06 11:50 UTC
Naturemove,Standby,since_yesterday_utc_2026-07-05,incremental,outbound,sent,12,12,3,0,9,0,0,0,0,0,25.0,3,0,0,9,0,12,1,0,2026-07-06T11:50:07Z,28789362230,2026-07-06 11:50 UTC
Rafa,Broadcast,since_yesterday_utc_2026-07-05,incremental,outbound,sent,0,0,0,0,0,0,0,0,0,0,0.0,0,0,0,0,0,0,1,0,2026-07-06T11:50:07Z,28789362230,2026-07-06 11:50 UTC
Rehableaf,Standby,since_yesterday_utc_2026-07-05,incremental,outbound,sent,36,36,3,27,6,0,0,0,0,0,8.33,3,27,0,6,0,36,1,0,2026-07-06T11:50:07Z,28789362230,2026-07-06 11:50 UTC
Richard,Standby,since_yesterday_utc_2026-07-05,incremental,outbound,sent,87205,87399,75345,6029,3400,2625,0,0,0,0,86.21,75173,6029,0,3390,2613,87205,93,0,2026-07-06T11:50:07Z,28789362230,2026-07-06 11:50 UTC
Bernardo,Broadcast,since_yesterday_utc_2026-07-06,incremental,outbound,sent,18422,18441,13698,3898,382,463,0,0,0,0,74.28,13681,3898,0,382,461,18422,22,0,2026-07-07T10:39:50Z,28860030148,2026-07-07 10:39 UTC
Havenmove,Standby,since_yesterday_utc_2026-07-06,incremental,outbound,sent,11104,11124,9505,919,378,322,0,0,0,0,85.45,9489,919,0,376,320,11104,13,0,2026-07-07T10:39:50Z,28860030148,2026-07-07 10:39 UTC
Joao,Broadcast,since_yesterday_utc_2026-07-06,incremental,outbound,sent,694213,695113,562960,94471,22122,15560,0,0,0,0,80.99,562120,94471,0,22081,15541,694213,734,0,2026-07-07T10:39:50Z,28860030148,2026-07-07 10:39 UTC
NS,Recuperação,since_yesterday_utc_2026-07-06,incremental,outbound,sent,900,1766,1688,4,38,36,0,0,0,0,95.58,858,4,0,20,18,900,1,0,2026-07-07T10:39:50Z,28860030148,2026-07-07 10:39 UTC
Naturemove,Standby,since_yesterday_utc_2026-07-06,incremental,outbound,sent,0,0,0,0,0,0,0,0,0,0,0.0,0,0,0,0,0,0,1,0,2026-07-07T10:39:50Z,28860030148,2026-07-07 10:39 UTC
Rafa,Broadcast,since_yesterday_utc_2026-07-06,incremental,outbound,sent,0,0,0,0,0,0,0,0,0,0,0.0,0,0,0,0,0,0,1,0,2026-07-07T10:39:50Z,28860030148,2026-07-07 10:39 UTC
Rehableaf,Standby,since_yesterday_utc_2026-07-06,incremental,outbound,sent,27,27,0,25,2,0,0,0,0,0,0.0,0,25,0,2,0,27,1,0,2026-07-07T10:39:50Z,28860030148,2026-07-07 10:39 UTC
Richard,Standby,since_yesterday_utc_2026-07-06,incremental,outbound,sent,94787,94970,81395,6751,3608,3216,0,0,0,0,85.71,81220,6751,0,3604,3212,94787,101,0,2026-07-07T10:39:50Z,28860030148,2026-07-07 10:39 UTC
Bernardo,Broadcast,since_yesterday_utc_2026-07-07,incremental,outbound,sent,15313,15323,11702,2799,428,394,0,0,0,0,76.37,11692,2799,0,428,394,15313,18,0,2026-07-08T09:59:03Z,28934092334,2026-07-08 09:59 UTC
Havenmove,Standby,since_yesterday_utc_2026-07-07,incremental,outbound,sent,9629,9663,8257,743,349,314,0,0,0,0,85.45,8225,743,0,347,314,9629,11,0,2026-07-08T09:59:03Z,28934092334,2026-07-08 09:59 UTC
Joao,Broadcast,since_yesterday_utc_2026-07-07,incremental,outbound,sent,741550,742542,632647,66694,25325,17876,0,0,0,0,85.2,631707,66694,0,25289,17860,741550,779,0,2026-07-08T09:59:03Z,28934092334,2026-07-08 09:59 UTC
NS,Recuperação,since_yesterday_utc_2026-07-07,incremental,outbound,sent,9568,19069,18276,45,356,392,0,0,0,0,95.84,9148,45,0,179,196,9568,10,0,2026-07-08T09:59:03Z,28934092334,2026-07-08 09:59 UTC
Naturemove,Standby,since_yesterday_utc_2026-07-07,incremental,outbound,sent,0,0,0,0,0,0,0,0,0,0,0.0,0,0,0,0,0,0,1,0,2026-07-08T09:59:03Z,28934092334,2026-07-08 09:59 UTC
Rafa,Broadcast,since_yesterday_utc_2026-07-07,incremental,outbound,sent,0,0,0,0,0,0,0,0,0,0,0.0,0,0,0,0,0,0,1,0,2026-07-08T09:59:03Z,28934092334,2026-07-08 09:59 UTC
Rehableaf,Standby,since_yesterday_utc_2026-07-07,incremental,outbound,sent,18,18,0,17,1,0,0,0,0,0,0.0,0,17,0,1,0,18,1,0,2026-07-08T09:59:03Z,28934092334,2026-07-08 09:59 UTC
Richard,Standby,since_yesterday_utc_2026-07-07,incremental,outbound,sent,84962,85141,72745,6480,3324,2592,0,0,0,0,85.44,72576,6480,0,3316,2590,84962,90,0,2026-07-08T09:59:03Z,28934092334,2026-07-08 09:59 UTC
Bernardo,Broadcast,since_yesterday_utc_2026-07-08,incremental,outbound,sent,10973,10995,8924,1170,470,431,0,0,0,0,81.16,8906,1170,0,466,431,10973,13,0,2026-07-09T10:40:10Z,29012346779,2026-07-09 10:40 UTC
Havenmove,Standby,since_yesterday_utc_2026-07-08,incremental,outbound,sent,7941,7959,7102,90,350,417,0,0,0,0,89.23,7086,90,0,350,415,7941,9,0,2026-07-09T10:40:10Z,29012346779,2026-07-09 10:40 UTC
Joao,Broadcast,since_yesterday_utc_2026-07-08,incremental,outbound,sent,625661,626597,552300,32928,22993,18376,0,0,0,0,88.14,551419,32928,0,22962,18352,625661,647,0,2026-07-09T10:40:10Z,29012346779,2026-07-09 10:40 UTC
NS,Recuperação,since_yesterday_utc_2026-07-08,incremental,outbound,sent,6482,12913,12491,25,247,150,0,0,0,0,96.73,6258,25,0,124,75,6482,7,0,2026-07-09T10:40:10Z,29012346779,2026-07-09 10:40 UTC
Naturemove,Standby,since_yesterday_utc_2026-07-08,incremental,outbound,sent,0,0,0,0,0,0,0,0,0,0,0.0,0,0,0,0,0,0,1,0,2026-07-09T10:40:10Z,29012346779,2026-07-09 10:40 UTC
Rafa,Broadcast,since_yesterday_utc_2026-07-08,incremental,outbound,sent,0,0,0,0,0,0,0,0,0,0,0.0,0,0,0,0,0,0,1,0,2026-07-09T10:40:10Z,29012346779,2026-07-09 10:40 UTC
Rehableaf,Standby,since_yesterday_utc_2026-07-08,incremental,outbound,sent,27,27,0,26,1,0,0,0,0,0,0.0,0,26,0,1,0,27,1,0,2026-07-09T10:40:10Z,29012346779,2026-07-09 10:40 UTC
Richard,Standby,since_yesterday_utc_2026-07-08,incremental,outbound,sent,76060,76219,65719,3990,3366,3144,0,0,0,0,86.22,65578,3990,0,3358,3134,76060,80,0,2026-07-09T10:40:10Z,29012346779,2026-07-09 10:40 UTC
Bernardo,Broadcast,since_yesterday_utc_2026-07-09,incremental,outbound,sent,11232,11256,9309,1019,451,477,0,0,0,0,82.7,9287,1019,0,449,477,11232,13,0,2026-07-10T10:37:53Z,29086926596,2026-07-10 10:37 UTC
Havenmove,Standby,since_yesterday_utc_2026-07-09,incremental,outbound,sent,8504,8532,7692,174,345,321,0,0,0,0,90.15,7664,174,0,345,321,8504,10,0,2026-07-10T10:37:53Z,29086926596,2026-07-10 10:37 UTC
Joao,Broadcast,since_yesterday_utc_2026-07-09,incremental,outbound,sent,448669,449389,398565,20585,16800,13439,0,0,0,0,88.69,397893,20585,0,16766,13425,448669,463,0,2026-07-10T10:37:53Z,29086926596,2026-07-10 10:37 UTC
NS,Recuperação,since_yesterday_utc_2026-07-09,incremental,outbound,sent,2515,5012,4855,7,100,50,0,0,0,0,96.87,2433,7,0,50,25,2515,3,0,2026-07-10T10:37:53Z,29086926596,2026-07-10 10:37 UTC
Naturemove,Standby,since_yesterday_utc_2026-07-09,incremental,outbound,sent,9,9,2,0,7,0,0,0,0,0,22.22,2,0,0,7,0,9,1,0,2026-07-10T10:37:53Z,29086926596,2026-07-10 10:37 UTC
Rafa,Broadcast,since_yesterday_utc_2026-07-09,incremental,outbound,sent,0,0,0,0,0,0,0,0,0,0,0.0,0,0,0,0,0,0,1,0,2026-07-10T10:37:53Z,29086926596,2026-07-10 10:37 UTC
Rehableaf,Standby,since_yesterday_utc_2026-07-09,incremental,outbound,sent,24,24,1,19,4,0,0,0,0,0,4.17,1,19,0,4,0,24,1,0,2026-07-10T10:37:53Z,29086926596,2026-07-10 10:37 UTC
Richard,Standby,since_yesterday_utc_2026-07-09,incremental,outbound,sent,81132,81287,70515,4174,3643,2955,0,0,0,0,86.75,70365,4174,0,3641,2952,81132,85,0,2026-07-10T10:37:53Z,29086926596,2026-07-10 10:37 UTC
Bernardo,Broadcast,since_yesterday_utc_2026-07-10,incremental,outbound,sent,14445,14479,11810,1177,588,904,0,0,0,0,81.57,11780,1177,0,586,902,14445,16,0,2026-07-11T09:10:05Z,29147285244,2026-07-11 09:10 UTC
Havenmove,Standby,since_yesterday_utc_2026-07-10,incremental,outbound,sent,11285,11305,9787,243,532,743,0,0,0,0,86.57,9769,243,0,532,741,11285,12,0,2026-07-11T09:10:05Z,29147285244,2026-07-11 09:10 UTC
Joao,Broadcast,since_yesterday_utc_2026-07-10,incremental,outbound,sent,436914,437701,384038,18456,17282,17925,0,0,0,0,87.74,383299,18456,0,17258,17901,436914,448,0,2026-07-11T09:10:05Z,29147285244,2026-07-11 09:10 UTC
NS,Recuperação,since_yesterday_utc_2026-07-10,incremental,outbound,sent,4634,9235,8860,26,138,211,0,0,0,0,95.94,4433,26,0,69,106,4634,5,0,2026-07-11T09:10:05Z,29147285244,2026-07-11 09:10 UTC
Naturemove,Standby,since_yesterday_utc_2026-07-10,incremental,outbound,sent,0,0,0,0,0,0,0,0,0,0,0.0,0,0,0,0,0,0,1,0,2026-07-11T09:10:05Z,29147285244,2026-07-11 09:10 UTC
Rafa,Broadcast,since_yesterday_utc_2026-07-10,incremental,outbound,sent,0,0,0,0,0,0,0,0,0,0,0.0,0,0,0,0,0,0,1,0,2026-07-11T09:10:05Z,29147285244,2026-07-11 09:10 UTC
Rehableaf,Standby,since_yesterday_utc_2026-07-10,incremental,outbound,sent,18,18,0,17,1,0,0,0,0,0,0.0,0,17,0,1,0,18,1,0,2026-07-11T09:10:05Z,29147285244,2026-07-11 09:10 UTC
Richard,Standby,since_yesterday_utc_2026-07-10,incremental,outbound,sent,123401,123616,104567,5527,5901,7621,0,0,0,0,84.59,104368,5527,0,5891,7615,123401,127,0,2026-07-11T09:10:05Z,29147285244,2026-07-11 09:10 UTC
Bernardo,Broadcast,since_yesterday_utc_2026-07-11,incremental,outbound,sent,220551,220885,197280,9551,8024,6030,0,0,0,0,89.31,196978,9551,0,8010,6012,220551,231,0,2026-07-12T09:29:36Z,29187551054,2026-07-12 09:29 UTC
Havenmove,Standby,since_yesterday_utc_2026-07-11,incremental,outbound,sent,17565,17607,16458,501,407,241,0,0,0,0,93.47,16420,501,0,403,241,17565,20,0,2026-07-12T09:29:36Z,29187551054,2026-07-12 09:29 UTC
Joao,Broadcast,since_yesterday_utc_2026-07-11,incremental,outbound,sent,270148,270509,233964,21181,10042,5322,0,0,0,0,86.49,233625,21181,0,10028,5314,270148,281,0,2026-07-12T09:29:36Z,29187551054,2026-07-12 09:29 UTC
NS,Recuperação,since_yesterday_utc_2026-07-11,incremental,outbound,sent,4231,8436,8172,15,170,79,0,0,0,0,96.87,4091,15,0,85,40,4231,5,0,2026-07-12T09:29:36Z,29187551054,2026-07-12 09:29 UTC
Naturemove,Standby,since_yesterday_utc_2026-07-11,incremental,outbound,sent,4,4,1,0,3,0,0,0,0,0,25.0,1,0,0,3,0,4,1,0,2026-07-12T09:29:36Z,29187551054,2026-07-12 09:29 UTC
Rafa,Broadcast,since_yesterday_utc_2026-07-11,incremental,outbound,sent,0,0,0,0,0,0,0,0,0,0,0.0,0,0,0,0,0,0,1,0,2026-07-12T09:29:36Z,29187551054,2026-07-12 09:29 UTC
Rehableaf,Standby,since_yesterday_utc_2026-07-11,incremental,outbound,sent,20,20,1,17,2,0,0,0,0,0,5.0,1,17,0,2,0,20,1,0,2026-07-12T09:29:36Z,29187551054,2026-07-12 09:29 UTC
Richard,Standby,since_yesterday_utc_2026-07-11,incremental,outbound,sent,76329,76502,67610,3859,3307,1726,0,0,0,0,88.38,67451,3859,0,3301,1718,76329,80,0,2026-07-12T09:29:36Z,29187551054,2026-07-12 09:29 UTC
Bernardo,Broadcast,since_yesterday_utc_2026-07-12,incremental,outbound,sent,342046,342480,299949,22462,11926,8143,0,0,0,0,87.58,299559,22462,0,11902,8123,342046,357,0,2026-07-13T10:42:16Z,29243665714,2026-07-13 10:42 UTC
Havenmove,Standby,since_yesterday_utc_2026-07-12,incremental,outbound,sent,21110,21141,19747,684,409,301,0,0,0,0,93.41,19716,684,0,409,301,21110,26,0,2026-07-13T10:42:16Z,29243665714,2026-07-13 10:42 UTC
Joao,Broadcast,since_yesterday_utc_2026-07-12,incremental,outbound,sent,146609,146937,127958,8215,6324,4440,0,0,0,0,87.08,127658,8215,0,6312,4424,146609,153,0,2026-07-13T10:42:16Z,29243665714,2026-07-13 10:42 UTC
NS,Recuperação,since_yesterday_utc_2026-07-12,incremental,outbound,sent,4915,9797,9444,14,222,117,0,0,0,0,96.4,4730,14,0,111,60,4915,6,0,2026-07-13T10:42:16Z,29243665714,2026-07-13 10:42 UTC
Naturemove,Standby,since_yesterday_utc_2026-07-12,incremental,outbound,sent,4,4,1,0,3,0,0,0,0,0,25.0,1,0,0,3,0,4,1,0,2026-07-13T10:42:16Z,29243665714,2026-07-13 10:42 UTC
Rafa,Broadcast,since_yesterday_utc_2026-07-12,incremental,outbound,sent,0,0,0,0,0,0,0,0,0,0,0.0,0,0,0,0,0,0,1,0,2026-07-13T10:42:16Z,29243665714,2026-07-13 10:42 UTC
Rehableaf,Standby,since_yesterday_utc_2026-07-12,incremental,outbound,sent,18,18,1,15,2,0,0,0,0,0,5.56,1,15,0,2,0,18,1,0,2026-07-13T10:42:16Z,29243665714,2026-07-13 10:42 UTC
Richard,Standby,since_yesterday_utc_2026-07-12,incremental,outbound,sent,75715,75859,66864,3386,3462,2147,0,0,0,0,88.14,66726,3386,0,3456,2147,75715,79,0,2026-07-13T10:42:16Z,29243665714,2026-07-13 10:42 UTC
Bernardo,Broadcast,since_yesterday_utc_2026-07-13,incremental,outbound,sent,552464,553212,486291,37487,19263,10171,0,0,0,0,87.9,485613,37487,0,19223,10141,552464,573,0,2026-07-14T09:29:21Z,29321886223,2026-07-14 09:29 UTC
Havenmove,Standby,since_yesterday_utc_2026-07-13,incremental,outbound,sent,16211,16225,15234,451,222,318,0,0,0,0,93.89,15222,451,0,222,316,16211,20,0,2026-07-14T09:29:21Z,29321886223,2026-07-14 09:29 UTC
Joao,Broadcast,since_yesterday_utc_2026-07-13,incremental,outbound,sent,88821,89027,77871,5407,3243,2506,0,0,0,0,87.47,77681,5407,0,3235,2498,88821,94,0,2026-07-14T09:29:21Z,29321886223,2026-07-14 09:29 UTC
NS,Recuperação,since_yesterday_utc_2026-07-13,incremental,outbound,sent,4608,9179,8803,10,215,151,0,0,0,0,95.9,4416,10,0,107,75,4608,5,0,2026-07-14T09:29:21Z,29321886223,2026-07-14 09:29 UTC
Naturemove,Standby,since_yesterday_utc_2026-07-13,incremental,outbound,sent,0,0,0,0,0,0,0,0,0,0,0.0,0,0,0,0,0,0,1,0,2026-07-14T09:29:21Z,29321886223,2026-07-14 09:29 UTC
Rafa,Broadcast,since_yesterday_utc_2026-07-13,incremental,outbound,sent,0,0,0,0,0,0,0,0,0,0,0.0,0,0,0,0,0,0,1,0,2026-07-14T09:29:21Z,29321886223,2026-07-14 09:29 UTC
Rehableaf,Standby,since_yesterday_utc_2026-07-13,incremental,outbound,sent,16,16,0,15,1,0,0,0,0,0,0.0,0,15,0,1,0,16,1,0,2026-07-14T09:29:21Z,29321886223,2026-07-14 09:29 UTC
Richard,Standby,since_yesterday_utc_2026-07-13,incremental,outbound,sent,33919,33997,29634,2216,1186,961,0,0,0,0,87.17,29562,2216,0,1180,961,33919,37,0,2026-07-14T09:29:21Z,29321886223,2026-07-14 09:29 UTC
Bernardo,Broadcast,since_yesterday_utc_2026-07-14,incremental,outbound,sent,300969,301411,268359,12949,11367,8736,0,0,0,0,89.03,267959,12949,0,11345,8716,300969,309,0,2026-07-15T09:33:10Z,29404910267,2026-07-15 09:33 UTC
Havenmove,Standby,since_yesterday_utc_2026-07-14,incremental,outbound,sent,21020,21051,19301,546,472,732,0,0,0,0,91.69,19274,546,0,470,730,21020,25,0,2026-07-15T09:33:10Z,29404910267,2026-07-15 09:33 UTC
Joao,Broadcast,since_yesterday_utc_2026-07-14,incremental,outbound,sent,186757,187221,163330,8759,8068,7064,0,0,0,0,87.24,162886,8759,0,8058,7054,186757,192,0,2026-07-15T09:33:10Z,29404910267,2026-07-15 09:33 UTC
NS,Recuperação,since_yesterday_utc_2026-07-14,incremental,outbound,sent,4512,8977,8679,13,148,137,0,0,0,0,96.68,4357,13,0,74,68,4512,5,0,2026-07-15T09:33:10Z,29404910267,2026-07-15 09:33 UTC
Naturemove,Standby,since_yesterday_utc_2026-07-14,incremental,outbound,sent,0,0,0,0,0,0,0,0,0,0,0.0,0,0,0,0,0,0,1,0,2026-07-15T09:33:10Z,29404910267,2026-07-15 09:33 UTC
Rafa,Broadcast,since_yesterday_utc_2026-07-14,incremental,outbound,sent,0,0,0,0,0,0,0,0,0,0,0.0,0,0,0,0,0,0,1,0,2026-07-15T09:33:10Z,29404910267,2026-07-15 09:33 UTC
Rehableaf,Standby,since_yesterday_utc_2026-07-14,incremental,outbound,sent,20,20,0,19,1,0,0,0,0,0,0.0,0,19,0,1,0,20,1,0,2026-07-15T09:33:10Z,29404910267,2026-07-15 09:33 UTC
Richard,Standby,since_yesterday_utc_2026-07-14,incremental,outbound,sent,88593,88769,77386,3778,3980,3625,0,0,0,0,87.18,77236,3778,0,3968,3611,88593,92,0,2026-07-15T09:33:10Z,29404910267,2026-07-15 09:33 UTC
Bernardo,Broadcast,since_yesterday_utc_2026-07-15,incremental,outbound,sent,343783,344400,303171,18082,12669,10478,0,0,0,0,88.03,302591,18082,0,12642,10468,343783,357,0,2026-07-16T09:49:14Z,29488544262,2026-07-16 09:49 UTC
Havenmove,Standby,since_yesterday_utc_2026-07-15,incremental,outbound,sent,19253,19289,18113,449,418,309,0,0,0,0,93.9,18077,449,0,418,309,19253,23,0,2026-07-16T09:49:14Z,29488544262,2026-07-16 09:49 UTC
Joao,Broadcast,since_yesterday_utc_2026-07-15,incremental,outbound,sent,246297,246850,217872,11656,10361,6961,0,0,0,0,88.26,217359,11656,0,10339,6943,246297,254,0,2026-07-16T09:49:14Z,29488544262,2026-07-16 09:49 UTC
NS,Recuperação,since_yesterday_utc_2026-07-15,incremental,outbound,sent,4227,8394,8125,21,142,106,0,0,0,0,96.8,4082,21,0,71,53,4227,5,0,2026-07-16T09:49:14Z,29488544262,2026-07-16 09:49 UTC
Naturemove,Standby,since_yesterday_utc_2026-07-15,incremental,outbound,sent,4,4,1,0,3,0,0,0,0,0,25.0,1,0,0,3,0,4,1,0,2026-07-16T09:49:14Z,29488544262,2026-07-16 09:49 UTC
Rafa,Broadcast,since_yesterday_utc_2026-07-15,incremental,outbound,sent,43284,43326,25455,4710,12878,283,0,0,0,0,58.75,25427,4710,0,12864,283,43284,49,0,2026-07-16T09:49:14Z,29488544262,2026-07-16 09:49 UTC
Rehableaf,Standby,since_yesterday_utc_2026-07-15,incremental,outbound,sent,25,25,1,21,3,0,0,0,0,0,4.0,1,21,0,3,0,25,1,0,2026-07-16T09:49:14Z,29488544262,2026-07-16 09:49 UTC
Richard,Standby,since_yesterday_utc_2026-07-15,incremental,outbound,sent,156544,156892,138043,7801,6517,4531,0,0,0,0,87.99,137715,7801,0,6507,4521,156544,162,0,2026-07-16T09:49:14Z,29488544262,2026-07-16 09:49 UTC
Bernardo,Broadcast,since_yesterday_utc_2026-07-16,incremental,outbound,sent,445619,446300,366853,56859,12679,9909,0,0,0,0,82.2,366222,56859,0,12653,9885,445619,479,0,2026-07-17T09:29:59Z,29570169311,2026-07-17 09:29 UTC
Havenmove,Standby,since_yesterday_utc_2026-07-16,incremental,outbound,sent,7692,7723,6945,110,309,359,0,0,0,0,89.93,6914,110,0,309,359,7692,9,0,2026-07-17T09:29:59Z,29570169311,2026-07-17 09:29 UTC
Joao,Broadcast,since_yesterday_utc_2026-07-16,incremental,outbound,sent,212795,213277,183588,10748,9256,9685,0,0,0,0,86.08,183140,10748,0,9234,9673,212795,220,0,2026-07-17T09:29:59Z,29570169311,2026-07-17 09:29 UTC
NS,Recuperação,since_yesterday_utc_2026-07-16,incremental,outbound,sent,4567,9068,8792,22,129,125,0,0,0,0,96.96,4417,22,0,65,63,4567,5,0,2026-07-17T09:29:59Z,29570169311,2026-07-17 09:29 UTC
Naturemove,Standby,since_yesterday_utc_2026-07-16,incremental,outbound,sent,0,0,0,0,0,0,0,0,0,0,0.0,0,0,0,0,0,0,1,0,2026-07-17T09:29:59Z,29570169311,2026-07-17 09:29 UTC
Rafa,Broadcast,since_yesterday_utc_2026-07-16,incremental,outbound,sent,1159,1159,36,1122,0,1,0,0,0,0,3.11,36,1122,0,0,1,1159,3,0,2026-07-17T09:29:59Z,29570169311,2026-07-17 09:29 UTC
Rehableaf,Standby,since_yesterday_utc_2026-07-16,incremental,outbound,sent,18,18,0,17,1,0,0,0,0,0,0.0,0,17,0,1,0,18,1,0,2026-07-17T09:29:59Z,29570169311,2026-07-17 09:29 UTC
Richard,Standby,since_yesterday_utc_2026-07-16,incremental,outbound,sent,134579,134913,116080,7092,5666,6075,0,0,0,0,86.04,115770,7092,0,5650,6067,134579,140,0,2026-07-17T09:29:59Z,29570169311,2026-07-17 09:29 UTC
Bernardo,Broadcast,since_yesterday_utc_2026-07-17,incremental,outbound,sent,690878,692377,582248,70914,21386,17829,0,0,0,0,84.09,580823,70914,0,21348,17793,690878,736,0,2026-07-18T09:11:10Z,29638732513,2026-07-18 09:11 UTC
Havenmove,Standby,since_yesterday_utc_2026-07-17,incremental,outbound,sent,14913,14945,14140,277,304,224,0,0,0,0,94.61,14110,277,0,304,222,14913,18,0,2026-07-18T09:11:10Z,29638732513,2026-07-18 09:11 UTC
Joao,Broadcast,since_yesterday_utc_2026-07-17,incremental,outbound,sent,177493,178017,159224,7907,7003,3883,0,0,0,0,89.44,158716,7907,0,6989,3881,177493,182,0,2026-07-18T09:11:10Z,29638732513,2026-07-18 09:11 UTC
NS,Recuperação,since_yesterday_utc_2026-07-17,incremental,outbound,sent,4072,8079,7815,23,141,100,0,0,0,0,96.73,3929,23,0,70,50,4072,5,0,2026-07-18T09:11:10Z,29638732513,2026-07-18 09:11 UTC
Naturemove,Standby,since_yesterday_utc_2026-07-17,incremental,outbound,sent,0,0,0,0,0,0,0,0,0,0,0.0,0,0,0,0,0,0,1,0,2026-07-18T09:11:10Z,29638732513,2026-07-18 09:11 UTC
Rafa,Broadcast,since_yesterday_utc_2026-07-17,incremental,outbound,sent,32995,33031,17540,3183,12075,233,0,0,0,0,53.1,17526,3183,0,12053,233,32995,37,0,2026-07-18T09:11:10Z,29638732513,2026-07-18 09:11 UTC
Rehableaf,Standby,since_yesterday_utc_2026-07-17,incremental,outbound,sent,13,13,0,11,2,0,0,0,0,0,0.0,0,11,0,2,0,13,1,0,2026-07-18T09:11:10Z,29638732513,2026-07-18 09:11 UTC
Richard,Standby,since_yesterday_utc_2026-07-17,incremental,outbound,sent,114822,115103,102057,6188,4276,2582,0,0,0,0,88.67,101788,6188,0,4268,2578,114822,119,0,2026-07-18T09:11:10Z,29638732513,2026-07-18 09:11 UTC
Bernardo,Broadcast,since_yesterday_utc_2026-07-18,incremental,outbound,sent,907881,909649,785283,71978,31229,21159,0,0,0,0,86.33,783610,71978,0,31174,21119,907881,948,0,2026-07-19T09:31:31Z,29681702122,2026-07-19 09:31 UTC
Havenmove,Standby,since_yesterday_utc_2026-07-18,incremental,outbound,sent,50811,50865,45853,3662,609,741,0,0,0,0,90.15,45805,3662,0,605,739,50811,58,0,2026-07-19T09:31:31Z,29681702122,2026-07-19 09:31 UTC
Joao,Broadcast,since_yesterday_utc_2026-07-18,incremental,outbound,sent,257102,257638,228688,9121,11276,8553,0,0,0,0,88.76,228190,9121,0,11258,8533,257102,261,0,2026-07-19T09:31:31Z,29681702122,2026-07-19 09:31 UTC
NS,Recuperação,since_yesterday_utc_2026-07-18,incremental,outbound,sent,4261,8468,8193,12,171,92,0,0,0,0,96.75,4117,12,0,86,46,4261,5,0,2026-07-19T09:31:31Z,29681702122,2026-07-19 09:31 UTC
Naturemove,Standby,since_yesterday_utc_2026-07-18,incremental,outbound,sent,0,0,0,0,0,0,0,0,0,0,0.0,0,0,0,0,0,0,1,0,2026-07-19T09:31:31Z,29681702122,2026-07-19 09:31 UTC
Rafa,Broadcast,since_yesterday_utc_2026-07-18,incremental,outbound,sent,167658,167836,100863,12691,52190,2092,0,0,0,0,60.1,100751,12691,0,52126,2090,167658,183,0,2026-07-19T09:31:31Z,29681702122,2026-07-19 09:31 UTC
Rehableaf,Standby,since_yesterday_utc_2026-07-18,incremental,outbound,sent,14,14,0,13,1,0,0,0,0,0,0.0,0,13,0,1,0,14,1,0,2026-07-19T09:31:31Z,29681702122,2026-07-19 09:31 UTC
Richard,Standby,since_yesterday_utc_2026-07-18,incremental,outbound,sent,167451,167822,148020,7091,7216,5495,0,0,0,0,88.2,147687,7091,0,7198,5475,167451,171,0,2026-07-19T09:31:31Z,29681702122,2026-07-19 09:31 UTC
Bernardo,Broadcast,since_yesterday_utc_2026-07-19,incremental,outbound,sent,1327541,1329748,1158760,90866,46316,33806,0,0,0,0,87.14,1156675,90866,0,46246,33754,1327541,1381,0,2026-07-20T10:30:11Z,29735266589,2026-07-20 10:30 UTC
Havenmove,Standby,since_yesterday_utc_2026-07-19,incremental,outbound,sent,104613,104719,94728,7497,1290,1204,0,0,0,0,90.46,94628,7497,0,1286,1202,104613,122,0,2026-07-20T10:30:11Z,29735266589,2026-07-20 10:30 UTC
Joao,Broadcast,since_yesterday_utc_2026-07-19,incremental,outbound,sent,573293,574601,514209,20882,24936,14574,0,0,0,0,89.49,512977,20882,0,24886,14548,573293,584,0,2026-07-20T10:30:11Z,29735266589,2026-07-20 10:30 UTC
NS,Recuperação,since_yesterday_utc_2026-07-19,incremental,outbound,sent,4951,9859,9531,16,208,104,0,0,0,0,96.67,4778,16,0,105,52,4951,6,0,2026-07-20T10:30:11Z,29735266589,2026-07-20 10:30 UTC
Naturemove,Standby,since_yesterday_utc_2026-07-19,incremental,outbound,sent,0,0,0,0,0,0,0,0,0,0,0.0,0,0,0,0,0,0,1,0,2026-07-20T10:30:11Z,29735266589,2026-07-20 10:30 UTC
Rafa,Broadcast,since_yesterday_utc_2026-07-19,incremental,outbound,sent,356680,357027,196805,45557,113012,1653,0,0,0,0,55.12,196588,45557,0,112884,1651,356680,401,0,2026-07-20T10:30:11Z,29735266589,2026-07-20 10:30 UTC
Rehableaf,Standby,since_yesterday_utc_2026-07-19,incremental,outbound,sent,22,22,0,21,1,0,0,0,0,0,0.0,0,21,0,1,0,22,1,0,2026-07-20T10:30:11Z,29735266589,2026-07-20 10:30 UTC
Richard,Standby,since_yesterday_utc_2026-07-19,incremental,outbound,sent,366651,367576,326677,16307,15557,9035,0,0,0,0,88.87,325802,16307,0,15527,9015,366651,378,0,2026-07-20T10:30:11Z,29735266589,2026-07-20 10:30 UTC
Bernardo,Broadcast,since_yesterday_utc_2026-07-20,incremental,outbound,sent,293883,294968,255056,21405,10344,8163,0,0,0,0,86.47,254018,21405,0,10319,8141,293883,307,0,2026-07-21T10:07:42Z,29821009224,2026-07-21 10:07 UTC
Havenmove,Standby,since_yesterday_utc_2026-07-20,incremental,outbound,sent,45093,45141,41553,2193,649,746,0,0,0,0,92.05,41505,2193,0,649,746,45093,54,0,2026-07-21T10:07:42Z,29821009224,2026-07-21 10:07 UTC
Joao,Broadcast,since_yesterday_utc_2026-07-20,incremental,outbound,sent,308920,309630,274886,11950,13560,9234,0,0,0,0,88.78,274230,11950,0,13530,9210,308920,316,0,2026-07-21T10:07:42Z,29821009224,2026-07-21 10:07 UTC
NS,Recuperação,since_yesterday_utc_2026-07-20,incremental,outbound,sent,4566,9081,8782,17,160,122,0,0,0,0,96.71,4407,17,0,81,61,4566,5,0,2026-07-21T10:07:42Z,29821009224,2026-07-21 10:07 UTC
Naturemove,Standby,since_yesterday_utc_2026-07-20,incremental,outbound,sent,0,0,0,0,0,0,0,0,0,0,0.0,0,0,0,0,0,0,1,0,2026-07-21T10:07:42Z,29821009224,2026-07-21 10:07 UTC
Rafa,Broadcast,since_yesterday_utc_2026-07-20,incremental,outbound,sent,156491,156597,83712,21766,50292,827,0,0,0,0,53.46,83646,21766,0,50254,825,156491,180,0,2026-07-21T10:07:42Z,29821009224,2026-07-21 10:07 UTC
Rehableaf,Standby,since_yesterday_utc_2026-07-20,incremental,outbound,sent,8,8,0,8,0,0,0,0,0,0,0.0,0,8,0,0,0,8,1,0,2026-07-21T10:07:42Z,29821009224,2026-07-21 10:07 UTC
Richard,Standby,since_yesterday_utc_2026-07-20,incremental,outbound,sent,196605,197018,173409,9438,8321,5850,0,0,0,0,88.02,173026,9438,0,8301,5840,196605,203,0,2026-07-21T10:07:42Z,29821009224,2026-07-21 10:07 UTC
Bernardo,Broadcast,since_yesterday_utc_2026-07-21,incremental,outbound,sent,819807,820854,707138,49557,29021,35138,0,0,0,0,86.15,706195,49557,0,28977,35078,819807,843,0,2026-07-22T10:07:05Z,29910667163,2026-07-22 10:07 UTC
Havenmove,Standby,since_yesterday_utc_2026-07-21,incremental,outbound,sent,48265,48333,40334,6460,723,816,0,0,0,0,83.45,40270,6460,0,721,814,48265,56,0,2026-07-22T10:07:05Z,29910667163,2026-07-22 10:07 UTC
Joao,Broadcast,since_yesterday_utc_2026-07-21,incremental,outbound,sent,315677,316465,280785,9176,14344,12160,0,0,0,0,88.73,280040,9176,0,14322,12139,315677,321,0,2026-07-22T10:07:05Z,29910667163,2026-07-22 10:07 UTC
NS,Recuperação,since_yesterday_utc_2026-07-21,incremental,outbound,sent,3614,7179,6858,12,160,149,0,0,0,0,95.53,3446,12,0,81,75,3614,4,0,2026-07-22T10:07:05Z,29910667163,2026-07-22 10:07 UTC
Naturemove,Standby,since_yesterday_utc_2026-07-21,incremental,outbound,sent,0,0,0,0,0,0,0,0,0,0,0.0,0,0,0,0,0,0,1,0,2026-07-22T10:07:05Z,29910667163,2026-07-22 10:07 UTC
Rafa,Broadcast,since_yesterday_utc_2026-07-21,incremental,outbound,sent,209965,210104,126320,31063,50114,2607,0,0,0,0,60.12,126227,31063,0,50068,2607,209965,236,0,2026-07-22T10:07:05Z,29910667163,2026-07-22 10:07 UTC
Rehableaf,Standby,since_yesterday_utc_2026-07-21,incremental,outbound,sent,16,16,0,14,2,0,0,0,0,0,0.0,0,14,0,2,0,16,1,0,2026-07-22T10:07:05Z,29910667163,2026-07-22 10:07 UTC
Richard,Standby,since_yesterday_utc_2026-07-21,incremental,outbound,sent,200928,201398,176254,8075,8983,8086,0,0,0,0,87.52,175818,8075,0,8965,8070,200928,206,0,2026-07-22T10:07:05Z,29910667163,2026-07-22 10:07 UTC
Bernardo,Broadcast,since_yesterday_utc_2026-07-22,incremental,outbound,sent,1573004,1575646,1310492,82577,148453,34124,0,0,0,0,83.17,1308056,82577,0,148309,34062,1573004,1614,0,2026-07-23T10:05:25Z,29997953657,2026-07-23 10:05 UTC
Havenmove,Standby,since_yesterday_utc_2026-07-22,incremental,outbound,sent,2925,2931,2706,103,87,35,0,0,0,0,92.32,2702,103,0,85,35,2925,5,0,2026-07-23T10:05:25Z,29997953657,2026-07-23 10:05 UTC
Joao,Broadcast,since_yesterday_utc_2026-07-22,incremental,outbound,sent,3319,3323,1252,1030,1003,38,0,0,0,0,37.68,1248,1030,0,1003,38,3319,5,0,2026-07-23T10:05:25Z,29997953657,2026-07-23 10:05 UTC
NS,Recuperação,since_yesterday_utc_2026-07-22,incremental,outbound,sent,3976,7898,7664,17,122,95,0,0,0,0,97.04,3849,17,0,61,49,3976,5,0,2026-07-23T10:05:25Z,29997953657,2026-07-23 10:05 UTC
Naturemove,Standby,since_yesterday_utc_2026-07-22,incremental,outbound,sent,0,0,0,0,0,0,0,0,0,0,0.0,0,0,0,0,0,0,1,0,2026-07-23T10:05:25Z,29997953657,2026-07-23 10:05 UTC
Rafa,Broadcast,since_yesterday_utc_2026-07-22,incremental,outbound,sent,329137,329392,239872,51327,35223,2970,0,0,0,0,72.82,239665,51327,0,35179,2966,329137,383,0,2026-07-23T10:05:25Z,29997953657,2026-07-23 10:05 UTC
Rehableaf,Standby,since_yesterday_utc_2026-07-22,incremental,outbound,sent,14,14,0,13,1,0,0,0,0,0,0.0,0,13,0,1,0,14,1,0,2026-07-23T10:05:25Z,29997953657,2026-07-23 10:05 UTC
Richard,Standby,since_yesterday_utc_2026-07-22,incremental,outbound,sent,279061,279864,247051,13064,12028,7721,0,0,0,0,88.28,246290,13064,0,12002,7705,279061,287,0,2026-07-23T10:05:25Z,29997953657,2026-07-23 10:05 UTC
Bernardo,Broadcast,since_yesterday_utc_2026-07-23,incremental,outbound,sent,1269905,1272764,1125033,49613,52330,45788,0,0,0,0,88.39,1122346,49613,0,52232,45714,1269905,1297,0,2026-07-24T09:59:53Z,30084589704,2026-07-24 09:59 UTC
Havenmove,Standby,since_yesterday_utc_2026-07-23,incremental,outbound,sent,3426,3430,2651,504,83,192,0,0,0,0,77.29,2647,504,0,83,192,3426,5,0,2026-07-24T09:59:53Z,30084589704,2026-07-24 09:59 UTC
Joao,Broadcast,since_yesterday_utc_2026-07-23,incremental,outbound,sent,23211,23240,19201,905,1216,1918,0,0,0,0,82.62,19180,905,0,1214,1912,23211,25,0,2026-07-24T09:59:53Z,30084589704,2026-07-24 09:59 UTC
NS,Recuperação,since_yesterday_utc_2026-07-23,incremental,outbound,sent,8644,17195,16372,63,302,458,0,0,0,0,95.21,8201,63,0,151,229,8644,9,0,2026-07-24T09:59:53Z,30084589704,2026-07-24 09:59 UTC
Naturemove,Standby,since_yesterday_utc_2026-07-23,incremental,outbound,sent,4,4,1,0,3,0,0,0,0,0,25.0,1,0,0,3,0,4,1,0,2026-07-24T09:59:53Z,30084589704,2026-07-24 09:59 UTC
Rafa,Broadcast,since_yesterday_utc_2026-07-23,incremental,outbound,sent,526619,527042,403251,81952,34922,6917,0,0,0,0,76.51,402870,81952,0,34886,6911,526619,608,0,2026-07-24T09:59:53Z,30084589704,2026-07-24 09:59 UTC
Rehableaf,Standby,since_yesterday_utc_2026-07-23,incremental,outbound,sent,16,16,1,12,3,0,0,0,0,0,6.25,1,12,0,3,0,16,1,0,2026-07-24T09:59:53Z,30084589704,2026-07-24 09:59 UTC
Richard,Standby,since_yesterday_utc_2026-07-23,incremental,outbound,sent,42935,43026,37694,2382,1874,1076,0,0,0,0,87.61,37609,2382,0,1870,1074,42935,45,0,2026-07-24T09:59:53Z,30084589704,2026-07-24 09:59 UTC
Bernardo,Broadcast,since_yesterday_utc_2026-07-24,incremental,outbound,sent,944442,946332,855004,31212,36311,23805,0,0,0,0,90.35,853222,31212,0,36251,23757,944442,962,0,2026-07-25T09:21:25Z,30152660919,2026-07-25 09:21 UTC
Havenmove,Standby,since_yesterday_utc_2026-07-24,incremental,outbound,sent,0,0,0,0,0,0,0,0,0,0,0.0,0,0,0,0,0,0,1,0,2026-07-25T09:21:25Z,30152660919,2026-07-25 09:21 UTC
Joao,Broadcast,since_yesterday_utc_2026-07-24,incremental,outbound,sent,436,436,38,397,0,1,0,0,0,0,8.72,38,397,0,0,1,436,1,0,2026-07-25T09:21:25Z,30152660919,2026-07-25 09:21 UTC
NS,Recuperação,since_yesterday_utc_2026-07-24,incremental,outbound,sent,18246,36333,34701,147,704,781,0,0,0,0,95.51,17357,147,0,351,391,18246,19,0,2026-07-25T09:21:25Z,30152660919,2026-07-25 09:21 UTC
Naturemove,Standby,since_yesterday_utc_2026-07-24,incremental,outbound,sent,0,0,0,0,0,0,0,0,0,0,0.0,0,0,0,0,0,0,1,0,2026-07-25T09:21:25Z,30152660919,2026-07-25 09:21 UTC
Rafa,Broadcast,since_yesterday_utc_2026-07-24,incremental,outbound,sent,219154,219305,179011,32892,4598,2804,0,0,0,0,81.63,178864,32892,0,4596,2802,219154,260,0,2026-07-25T09:21:25Z,30152660919,2026-07-25 09:21 UTC
Rehableaf,Standby,since_yesterday_utc_2026-07-24,incremental,outbound,sent,14,14,0,13,1,0,0,0,0,0,0.0,0,13,0,1,0,14,1,0,2026-07-25T09:21:25Z,30152660919,2026-07-25 09:21 UTC
Richard,Standby,since_yesterday_utc_2026-07-24,incremental,outbound,sent,607,607,45,556,5,1,0,0,0,0,7.41,45,556,0,5,1,607,2,0,2026-07-25T09:21:25Z,30152660919,2026-07-25 09:21 UTC
Bernardo,Broadcast,since_yesterday_utc_2026-07-25,incremental,outbound,sent,1605829,1609116,1213236,59593,302516,33771,0,0,0,0,75.4,1210916,59593,0,301618,33702,1605829,1633,0,2026-07-26T09:46:23Z,30197056937,2026-07-26 09:46 UTC
Havenmove,Standby,since_yesterday_utc_2026-07-25,incremental,outbound,sent,42358,42390,33611,8285,219,275,0,0,0,0,79.29,33579,8285,0,219,275,42358,48,0,2026-07-26T09:46:23Z,30197056937,2026-07-26 09:46 UTC
Joao,Broadcast,since_yesterday_utc_2026-07-25,incremental,outbound,sent,40528,40539,35225,3904,913,497,0,0,0,0,86.89,35216,3904,0,912,496,40528,45,0,2026-07-26T09:46:23Z,30197056937,2026-07-26 09:46 UTC
NS,Recuperação,since_yesterday_utc_2026-07-25,incremental,outbound,sent,16091,32018,30955,147,586,330,0,0,0,0,96.68,15487,147,0,292,165,16091,17,0,2026-07-26T09:46:23Z,30197056937,2026-07-26 09:46 UTC
Naturemove,Standby,since_yesterday_utc_2026-07-25,incremental,outbound,sent,4,4,1,0,3,0,0,0,0,0,25.0,1,0,0,3,0,4,1,0,2026-07-26T09:46:23Z,30197056937,2026-07-26 09:46 UTC
Rafa,Broadcast,since_yesterday_utc_2026-07-25,incremental,outbound,sent,0,0,0,0,0,0,0,0,0,0,0.0,0,0,0,0,0,0,0,0,2026-07-26T09:46:23Z,30197056937,2026-07-26 09:46 UTC
Rehableaf,Standby,since_yesterday_utc_2026-07-25,incremental,outbound,sent,15,15,1,12,2,0,0,0,0,0,6.67,1,12,0,2,0,15,1,0,2026-07-26T09:46:23Z,30197056937,2026-07-26 09:46 UTC
Richard,Standby,since_yesterday_utc_2026-07-25,incremental,outbound,sent,30399,30443,25328,3571,860,684,0,0,0,0,83.2,25288,3571,0,856,684,30399,34,0,2026-07-26T09:46:23Z,30197056937,2026-07-26 09:46 UTC
Bernardo,Broadcast,since_yesterday_utc_2026-07-26,incremental,outbound,sent,1262189,1264601,1116273,32483,88834,27011,0,0,0,0,88.27,1114085,32483,0,88658,26963,1262189,1278,0,2026-07-27T10:56:15Z,30259977074,2026-07-27 10:56 UTC
Havenmove,Standby,since_yesterday_utc_2026-07-26,incremental,outbound,sent,65679,65767,59406,2494,2608,1259,0,0,0,0,90.33,59326,2494,0,2600,1259,65679,71,0,2026-07-27T10:56:15Z,30259977074,2026-07-27 10:56 UTC
Joao,Broadcast,since_yesterday_utc_2026-07-26,incremental,outbound,sent,818,818,60,758,0,0,0,0,0,0,7.33,60,758,0,0,0,818,2,0,2026-07-27T10:56:15Z,30259977074,2026-07-27 10:56 UTC
NS,Recuperação,since_yesterday_utc_2026-07-26,incremental,outbound,sent,4493,8937,8672,13,152,100,0,0,0,0,97.03,4354,13,0,76,50,4493,5,0,2026-07-27T10:56:15Z,30259977074,2026-07-27 10:56 UTC
Naturemove,Standby,since_yesterday_utc_2026-07-26,incremental,outbound,sent,9730,9732,9019,2,481,230,0,0,0,0,92.67,9017,2,0,481,230,9730,11,0,2026-07-27T10:56:15Z,30259977074,2026-07-27 10:56 UTC
Rafa,Broadcast,since_yesterday_utc_2026-07-26,incremental,outbound,sent,0,0,0,0,0,0,0,0,0,0,0.0,0,0,0,0,0,0,0,0,2026-07-27T10:56:15Z,30259977074,2026-07-27 10:56 UTC
Rehableaf,Standby,since_yesterday_utc_2026-07-26,incremental,outbound,sent,46274,46387,0,259,46128,0,0,0,0,0,0.0,0,259,0,46015,0,46274,47,0,2026-07-27T10:56:15Z,30259977074,2026-07-27 10:56 UTC
Richard,Standby,since_yesterday_utc_2026-07-26,incremental,outbound,sent,124740,125008,63308,2376,57860,1464,0,0,0,0,50.64,63131,2376,0,57777,1456,124740,126,0,2026-07-27T10:56:15Z,30259977074,2026-07-27 10:56 UTC
Bernardo,Broadcast,since_yesterday_utc_2026-07-27,incremental,outbound,sent,176531,176809,149526,16248,7354,3681,0,0,0,0,84.57,149268,16248,0,7337,3678,176531,183,0,2026-07-28T10:14:24Z,30349950141,2026-07-28 10:14 UTC
Havenmove,Standby,since_yesterday_utc_2026-07-27,incremental,outbound,sent,64336,64371,50619,10194,1594,1964,0,0,0,0,78.64,50586,10194,0,1592,1964,64336,68,0,2026-07-28T10:14:24Z,30349950141,2026-07-28 10:14 UTC
Joao,Broadcast,since_yesterday_utc_2026-07-27,incremental,outbound,sent,36982,36984,34177,1717,628,462,0,0,0,0,92.41,34175,1717,0,628,462,36982,39,0,2026-07-28T10:14:24Z,30349950141,2026-07-28 10:14 UTC
NS,Recuperação,since_yesterday_utc_2026-07-27,incremental,outbound,sent,4328,8610,8254,17,118,221,0,0,0,0,95.87,4141,17,0,59,111,4328,5,0,2026-07-28T10:14:24Z,30349950141,2026-07-28 10:14 UTC
Naturemove,Standby,since_yesterday_utc_2026-07-27,incremental,outbound,sent,0,0,0,0,0,0,0,0,0,0,0.0,0,0,0,0,0,0,1,0,2026-07-28T10:14:24Z,30349950141,2026-07-28 10:14 UTC
Rafa,Broadcast,since_yesterday_utc_2026-07-27,incremental,outbound,sent,294382,294603,187991,63283,37820,5509,0,0,0,0,63.81,187802,63283,0,37792,5505,294382,324,0,2026-07-28T10:14:24Z,30349950141,2026-07-28 10:14 UTC
Rehableaf,Standby,since_yesterday_utc_2026-07-27,incremental,outbound,sent,0,0,0,0,0,0,0,0,0,0,0.0,0,0,0,0,0,0,0,0,2026-07-28T10:14:24Z,30349950141,2026-07-28 10:14 UTC
Richard,Standby,since_yesterday_utc_2026-07-27,incremental,outbound,sent,880447,882464,766746,47792,45106,22820,0,0,0,0,86.89,764849,47792,0,45028,22778,880447,901,0,2026-07-28T10:14:24Z,30349950141,2026-07-28 10:14 UTC
Bernardo,Broadcast,since_yesterday_utc_2026-07-28,incremental,outbound,sent,84382,84555,74430,3241,4363,2521,0,0,0,0,88.03,74270,3241,0,4357,2514,84382,88,0,2026-07-29T10:17:49Z,30443092644,2026-07-29 10:17 UTC
Havenmove,Standby,since_yesterday_utc_2026-07-28,incremental,outbound,sent,64190,64295,54129,7288,1628,1250,0,0,0,0,84.19,54027,7288,0,1627,1248,64190,70,0,2026-07-29T10:17:49Z,30443092644,2026-07-29 10:17 UTC
Joao,Broadcast,since_yesterday_utc_2026-07-28,incremental,outbound,sent,17725,17725,15198,1806,332,389,0,0,0,0,85.74,15198,1806,0,332,389,17725,20,0,2026-07-29T10:17:49Z,30443092644,2026-07-29 10:17 UTC
NS,Recuperação,since_yesterday_utc_2026-07-28,incremental,outbound,sent,4889,9725,9389,20,126,190,0,0,0,0,96.54,4710,20,0,63,96,4889,6,0,2026-07-29T10:17:49Z,30443092644,2026-07-29 10:17 UTC
Naturemove,Standby,since_yesterday_utc_2026-07-28,incremental,outbound,sent,6663,6666,5813,6,316,531,0,0,0,0,87.2,5810,6,0,316,531,6663,7,0,2026-07-29T10:17:49Z,30443092644,2026-07-29 10:17 UTC
Rafa,Broadcast,since_yesterday_utc_2026-07-28,incremental,outbound,sent,441442,441966,319295,75723,37634,9314,0,0,0,0,72.24,318837,75723,0,37580,9302,441442,489,0,2026-07-29T10:17:49Z,30443092644,2026-07-29 10:17 UTC
Rehableaf,Standby,since_yesterday_utc_2026-07-28,incremental,outbound,sent,0,0,0,0,0,0,0,0,0,0,0.0,0,0,0,0,0,0,0,0,2026-07-29T10:17:49Z,30443092644,2026-07-29 10:17 UTC
Richard,Standby,since_yesterday_utc_2026-07-28,incremental,outbound,sent,687882,689630,607792,32632,29447,19759,0,0,0,0,88.13,606136,32632,0,29385,19729,687882,706,0,2026-07-29T10:17:49Z,30443092644,2026-07-29 10:17 UTC
Bernardo,Broadcast,since_yesterday_utc_2026-07-29,incremental,outbound,sent,60732,60910,51173,2767,3111,3859,0,0,0,0,84.01,51009,2767,0,3099,3857,60732,63,0,2026-07-30T10:04:22Z,30533235035,2026-07-30 10:04 UTC
Havenmove,Standby,since_yesterday_utc_2026-07-29,incremental,outbound,sent,36436,36465,30903,3918,1105,539,0,0,0,0,84.75,30876,3918,0,1103,539,36436,39,0,2026-07-30T10:04:22Z,30533235035,2026-07-30 10:04 UTC
Joao,Broadcast,since_yesterday_utc_2026-07-29,incremental,outbound,sent,100558,100645,85729,11372,2194,1350,0,0,0,0,85.18,85645,11372,0,2192,1349,100558,111,0,2026-07-30T10:04:22Z,30533235035,2026-07-30 10:04 UTC
NS,Recuperação,since_yesterday_utc_2026-07-29,incremental,outbound,sent,5728,11402,11106,20,132,144,0,0,0,0,97.4,5570,20,0,66,72,5728,6,0,2026-07-30T10:04:22Z,30533235035,2026-07-30 10:04 UTC
Naturemove,Standby,since_yesterday_utc_2026-07-29,incremental,outbound,sent,6466,6471,5356,1,276,838,0,0,0,0,82.77,5353,1,0,275,837,6466,7,0,2026-07-30T10:04:22Z,30533235035,2026-07-30 10:04 UTC
Rafa,Broadcast,since_yesterday_utc_2026-07-29,incremental,outbound,sent,231486,231918,169821,38182,19353,4562,0,0,0,0,73.22,169437,38182,0,19313,4554,231486,253,0,2026-07-30T10:04:22Z,30533235035,2026-07-30 10:04 UTC
Rehableaf,Standby,since_yesterday_utc_2026-07-29,incremental,outbound,sent,0,0,0,0,0,0,0,0,0,0,0.0,0,0,0,0,0,0,0,0,2026-07-30T10:04:22Z,30533235035,2026-07-30 10:04 UTC
Richard,Standby,since_yesterday_utc_2026-07-29,incremental,outbound,sent,973901,976151,878669,31934,42275,23273,0,0,0,0,90.01,876533,31934,0,42191,23243,973901,988,0,2026-07-30T10:04:22Z,30533235035,2026-07-30 10:04 UTC
Bernardo,Broadcast,since_yesterday_utc_2026-07-30,incremental,outbound,sent,59768,59974,52421,2254,3122,2177,0,0,0,0,87.41,52223,2254,0,3114,2177,59768,62,0,2026-07-31T10:17:13Z,30623019415,2026-07-31 10:17 UTC
Havenmove,Standby,since_yesterday_utc_2026-07-30,incremental,outbound,sent,38393,38426,32632,3908,1270,616,0,0,0,0,84.92,32599,3908,0,1270,616,38393,40,0,2026-07-31T10:17:13Z,30623019415,2026-07-31 10:17 UTC
Joao,Broadcast,since_yesterday_utc_2026-07-30,incremental,outbound,sent,43273,43297,36330,4487,1093,1387,0,0,0,0,83.91,36306,4487,0,1093,1387,43273,48,0,2026-07-31T10:17:13Z,30623019415,2026-07-31 10:17 UTC
NS,Recuperação,since_yesterday_utc_2026-07-30,incremental,outbound,sent,6330,12608,12174,25,244,165,0,0,0,0,96.56,6101,25,0,122,82,6330,7,0,2026-07-31T10:17:13Z,30623019415,2026-07-31 10:17 UTC
Naturemove,Standby,since_yesterday_utc_2026-07-30,incremental,outbound,sent,6176,6180,5756,1,283,140,0,0,0,0,93.14,5753,1,0,283,139,6176,7,0,2026-07-31T10:17:13Z,30623019415,2026-07-31 10:17 UTC
Rafa,Broadcast,since_yesterday_utc_2026-07-30,incremental,outbound,sent,315545,316585,236790,48970,23631,7194,0,0,0,0,74.8,235842,48935,0,23592,7176,315545,330,0,2026-07-31T10:17:13Z,30623019415,2026-07-31 10:17 UTC
Rehableaf,Standby,since_yesterday_utc_2026-07-30,incremental,outbound,sent,0,0,0,0,0,0,0,0,0,0,0.0,0,0,0,0,0,0,0,0,2026-07-31T10:17:13Z,30623019415,2026-07-31 10:17 UTC
Richard,Standby,since_yesterday_utc_2026-07-30,incremental,outbound,sent,688575,689871,625634,18812,28501,16924,0,0,0,0,90.69,624414,18812,0,28455,16894,688575,701,0,2026-07-31T10:17:13Z,30623019415,2026-07-31 10:17 UTC
Bernardo,Broadcast,since_yesterday_utc_2026-07-31,incremental,outbound,sent,72592,72785,63760,1536,4054,3435,0,0,0,0,87.6,63583,1536,0,4042,3431,72592,75,0,2026-08-01T09:44:12Z,30694321302,2026-08-01 09:44 UTC
Havenmove,Standby,since_yesterday_utc_2026-07-31,incremental,outbound,sent,37944,37979,32320,3814,1244,601,0,0,0,0,85.1,32285,3814,0,1244,601,37944,40,0,2026-08-01T09:44:12Z,30694321302,2026-08-01 09:44 UTC
Joao,Broadcast,since_yesterday_utc_2026-07-31,incremental,outbound,sent,32206,32266,23244,2405,1330,5287,0,0,0,0,72.04,23198,2405,0,1324,5279,32206,36,0,2026-08-01T09:44:12Z,30694321302,2026-08-01 09:44 UTC
NS,Recuperação,since_yesterday_utc_2026-07-31,incremental,outbound,sent,6653,13251,12806,29,216,200,0,0,0,0,96.64,6416,29,0,108,100,6653,7,0,2026-08-01T09:44:12Z,30694321302,2026-08-01 09:44 UTC
Naturemove,Standby,since_yesterday_utc_2026-07-31,incremental,outbound,sent,6373,6377,5842,3,287,245,0,0,0,0,91.61,5839,3,0,286,245,6373,7,0,2026-08-01T09:44:12Z,30694321302,2026-08-01 09:44 UTC
Rafa,Broadcast,since_yesterday_utc_2026-07-31,incremental,outbound,sent,344325,345511,293498,20757,21169,10087,0,0,0,0,84.95,292375,20757,0,21125,10068,344325,359,0,2026-08-01T09:44:12Z,30694321302,2026-08-01 09:44 UTC
Rehableaf,Standby,since_yesterday_utc_2026-07-31,incremental,outbound,sent,0,0,0,0,0,0,0,0,0,0,0.0,0,0,0,0,0,0,0,0,2026-08-01T09:44:12Z,30694321302,2026-08-01 09:44 UTC
Richard,Standby,since_yesterday_utc_2026-07-31,incremental,outbound,sent,554715,555838,504683,9831,25131,16193,0,0,0,0,90.8,503618,9831,0,25086,16180,554715,563,0,2026-08-01T09:44:12Z,30694321302,2026-08-01 09:44 UTC
Bernardo,Broadcast,since_yesterday_utc_2026-08-01,incremental,outbound,sent,59808,59913,54285,785,3073,1770,0,0,0,0,90.61,54183,785,0,3073,1767,59808,62,0,2026-08-02T09:44:30Z,30742359001,2026-08-02 09:44 UTC
Havenmove,Standby,since_yesterday_utc_2026-08-01,incremental,outbound,sent,36755,36802,31362,3711,1145,584,0,0,0,0,85.22,31316,3711,0,1144,584,36755,39,0,2026-08-02T09:44:30Z,30742359001,2026-08-02 09:44 UTC
Joao,Broadcast,since_yesterday_utc_2026-08-01,incremental,outbound,sent,87124,87234,79171,2772,3149,2142,0,0,0,0,90.76,79069,2772,0,3143,2140,87124,94,0,2026-08-02T09:44:30Z,30742359001,2026-08-02 09:44 UTC
NS,Recuperação,since_yesterday_utc_2026-08-01,incremental,outbound,sent,6235,12422,12047,23,196,156,0,0,0,0,96.98,6036,23,0,98,78,6235,7,0,2026-08-02T09:44:30Z,30742359001,2026-08-02 09:44 UTC
Naturemove,Standby,since_yesterday_utc_2026-08-01,incremental,outbound,sent,32593,32631,30139,107,1305,1080,0,0,0,0,92.36,30120,107,0,1286,1080,32593,35,0,2026-08-02T09:44:30Z,30742359001,2026-08-02 09:44 UTC
Rafa,Broadcast,since_yesterday_utc_2026-08-01,incremental,outbound,sent,345264,346133,302305,20948,14260,8620,0,0,0,0,87.34,301480,20948,0,14238,8598,345264,361,0,2026-08-02T09:44:30Z,30742359001,2026-08-02 09:44 UTC
Rehableaf,Standby,since_yesterday_utc_2026-08-01,incremental,outbound,sent,89318,89551,83660,0,3549,2342,0,0,0,0,93.42,83449,0,0,3537,2332,89318,97,0,2026-08-02T09:44:30Z,30742359001,2026-08-02 09:44 UTC
Richard,Standby,since_yesterday_utc_2026-08-01,incremental,outbound,sent,561489,562007,394670,59162,98859,9316,0,0,0,0,70.23,394192,59162,0,98823,9312,561489,588,0,2026-08-02T09:44:30Z,30742359001,2026-08-02 09:44 UTC
Bernardo,Broadcast,since_yesterday_utc_2026-08-02,incremental,outbound,sent,73773,73920,66849,1129,3789,2153,0,0,0,0,90.43,66710,1129,0,3783,2151,73773,75,0,2026-08-03T10:58:13Z,30807629242,2026-08-03 10:58 UTC
Havenmove,Standby,since_yesterday_utc_2026-08-02,incremental,outbound,sent,38174,38222,32844,3800,1055,523,0,0,0,0,85.93,32798,3800,0,1055,521,38174,40,0,2026-08-03T10:58:13Z,30807629242,2026-08-03 10:58 UTC
Joao,Broadcast,since_yesterday_utc_2026-08-02,incremental,outbound,sent,108255,108362,92888,10327,2855,2292,0,0,0,0,85.72,92788,10327,0,2853,2287,108255,113,0,2026-08-03T10:58:13Z,30807629242,2026-08-03 10:58 UTC
NS,Recuperação,since_yesterday_utc_2026-08-02,incremental,outbound,sent,6688,13336,12958,26,190,162,0,0,0,0,97.17,6486,26,0,95,81,6688,7,0,2026-08-03T10:58:13Z,30807629242,2026-08-03 10:58 UTC
Naturemove,Standby,since_yesterday_utc_2026-08-02,incremental,outbound,sent,44770,44801,40770,676,1860,1495,0,0,0,0,91.0,40740,676,0,1859,1495,44770,48,0,2026-08-03T10:58:13Z,30807629242,2026-08-03 10:58 UTC
Rafa,Broadcast,since_yesterday_utc_2026-08-02,incremental,outbound,sent,251318,251899,218284,20267,8657,4691,0,0,0,0,86.66,217735,20267,0,8641,4675,251318,270,0,2026-08-03T10:58:13Z,30807629242,2026-08-03 10:58 UTC
Rehableaf,Standby,since_yesterday_utc_2026-08-02,incremental,outbound,sent,31502,31596,29210,335,1387,664,0,0,0,0,92.45,29122,335,0,1383,662,31502,37,0,2026-08-03T10:58:13Z,30807629242,2026-08-03 10:58 UTC
Richard,Standby,since_yesterday_utc_2026-08-02,incremental,outbound,sent,637051,637869,469254,34811,120984,12820,0,0,0,0,73.57,468527,34811,0,120916,12797,637051,659,0,2026-08-03T10:58:13Z,30807629242,2026-08-03 10:58 UTC
Bernardo,Broadcast,since_yesterday_utc_2026-08-03,incremental,outbound,sent,327392,327714,260158,47156,12972,7428,0,0,0,0,79.39,259856,47156,0,12958,7422,327392,331,0,2026-08-04T10:18:30Z,30900073302,2026-08-04 10:18 UTC
Havenmove,Standby,since_yesterday_utc_2026-08-03,incremental,outbound,sent,37973,38025,31477,3715,1171,1662,0,0,0,0,82.78,31429,3715,0,1169,1660,37973,40,0,2026-08-04T10:18:30Z,30900073302,2026-08-04 10:18 UTC
Joao,Broadcast,since_yesterday_utc_2026-08-03,incremental,outbound,sent,129514,129616,116721,2045,3517,7333,0,0,0,0,90.05,116621,2045,0,3517,7331,129514,141,0,2026-08-04T10:18:30Z,30900073302,2026-08-04 10:18 UTC
NS,Recuperação,since_yesterday_utc_2026-08-03,incremental,outbound,sent,6075,12126,11709,18,230,169,0,0,0,0,96.56,5857,18,0,115,85,6075,7,0,2026-08-04T10:18:30Z,30900073302,2026-08-04 10:18 UTC
Naturemove,Standby,since_yesterday_utc_2026-08-03,incremental,outbound,sent,44771,44805,41261,635,1910,999,0,0,0,0,92.09,41231,635,0,1910,995,44771,48,0,2026-08-04T10:18:30Z,30900073302,2026-08-04 10:18 UTC
Rafa,Broadcast,since_yesterday_utc_2026-08-03,incremental,outbound,sent,280447,281079,239453,24693,10171,6762,0,0,0,0,85.19,238856,24693,0,10151,6747,280447,298,0,2026-08-04T10:18:30Z,30900073302,2026-08-04 10:18 UTC
Rehableaf,Standby,since_yesterday_utc_2026-08-03,incremental,outbound,sent,87349,87590,77981,3085,3726,2798,0,0,0,0,89.03,77764,3085,0,3712,2788,87349,92,0,2026-08-04T10:18:30Z,30900073302,2026-08-04 10:18 UTC
Richard,Standby,since_yesterday_utc_2026-08-03,incremental,outbound,sent,275376,275720,137390,4467,129215,4648,0,0,0,0,49.83,137125,4467,0,129141,4643,275376,285,0,2026-08-04T10:18:30Z,30900073302,2026-08-04 10:18 UTC
Bernardo,Broadcast,since_yesterday_utc_2026-08-04,incremental,outbound,sent,441286,441720,350529,66759,16334,8098,0,0,0,0,79.36,350127,66759,0,16314,8086,441286,446,0,2026-08-05T10:15:58Z,30996714451,2026-08-05 10:15 UTC
Havenmove,Standby,since_yesterday_utc_2026-08-04,incremental,outbound,sent,28395,28415,24254,3041,731,389,0,0,0,0,85.36,24234,3041,0,731,389,28395,30,0,2026-08-05T10:15:58Z,30996714451,2026-08-05 10:15 UTC
Joao,Broadcast,since_yesterday_utc_2026-08-04,incremental,outbound,sent,67799,67818,57385,4275,1397,4761,0,0,0,0,84.62,57369,4275,0,1397,4758,67799,73,0,2026-08-05T10:15:58Z,30996714451,2026-08-05 10:15 UTC
NS,Recuperação,since_yesterday_utc_2026-08-04,incremental,outbound,sent,5853,11690,11315,15,194,166,0,0,0,0,96.79,5658,15,0,97,83,5853,7,0,2026-08-05T10:15:58Z,30996714451,2026-08-05 10:15 UTC
Naturemove,Standby,since_yesterday_utc_2026-08-04,incremental,outbound,sent,2856,2856,2586,54,146,70,0,0,0,0,90.55,2586,54,0,146,70,2856,4,0,2026-08-05T10:15:58Z,30996714451,2026-08-05 10:15 UTC
Rafa,Broadcast,since_yesterday_utc_2026-08-04,incremental,outbound,sent,253956,254568,223929,12197,10659,7783,0,0,0,0,87.96,223353,12197,0,10637,7769,253956,268,0,2026-08-05T10:15:58Z,30996714451,2026-08-05 10:15 UTC
Rehableaf,Standby,since_yesterday_utc_2026-08-04,incremental,outbound,sent,135302,135676,120714,4332,6003,4627,0,0,0,0,88.97,120380,4332,0,5983,4607,135302,141,0,2026-08-05T10:15:58Z,30996714451,2026-08-05 10:15 UTC
Richard,Standby,since_yesterday_utc_2026-08-04,incremental,outbound,sent,57612,57693,50278,2878,2960,1577,0,0,0,0,87.15,50210,2878,0,2949,1575,57612,61,0,2026-08-05T10:15:58Z,30996714451,2026-08-05 10:15 UTC
Bernardo,Broadcast,since_yesterday_utc_2026-08-05,incremental,outbound,sent,207570,207930,178818,16540,8669,3903,0,0,0,0,86.0,178482,16540,0,8651,3897,207570,211,0,2026-08-06T10:17:20Z,31092639442,2026-08-06 10:17 UTC
Havenmove,Standby,since_yesterday_utc_2026-08-05,incremental,outbound,sent,59261,59372,49682,5658,1638,2394,0,0,0,0,83.68,49579,5658,0,1636,2388,59261,62,0,2026-08-06T10:17:20Z,31092639442,2026-08-06 10:17 UTC
Joao,Broadcast,since_yesterday_utc_2026-08-05,incremental,outbound,sent,67870,67940,52421,7349,2728,5442,0,0,0,0,77.16,52360,7349,0,2726,5435,67870,71,0,2026-08-06T10:17:20Z,31092639442,2026-08-06 10:17 UTC
NS,Recuperação,since_yesterday_utc_2026-08-05,incremental,outbound,sent,6516,13028,12537,11,296,184,0,0,0,0,96.23,6265,11,0,148,92,6516,7,0,2026-08-06T10:17:20Z,31092639442,2026-08-06 10:17 UTC
Naturemove,Standby,since_yesterday_utc_2026-08-05,incremental,outbound,sent,98222,98534,89883,966,4194,3491,0,0,0,0,91.22,89595,966,0,4180,3481,98222,103,0,2026-08-06T10:17:20Z,31092639442,2026-08-06 10:17 UTC
Rafa,Broadcast,since_yesterday_utc_2026-08-05,incremental,outbound,sent,330071,330763,271683,25271,27495,6314,0,0,0,0,82.14,271078,25271,0,27417,6305,330071,346,0,2026-08-06T10:17:20Z,31092639442,2026-08-06 10:17 UTC
Rehableaf,Standby,since_yesterday_utc_2026-08-05,incremental,outbound,sent,91699,91922,81307,4529,4061,2025,0,0,0,0,88.45,81102,4529,0,4049,2019,91699,95,0,2026-08-06T10:17:20Z,31092639442,2026-08-06 10:17 UTC
Richard,Standby,since_yesterday_utc_2026-08-05,incremental,outbound,sent,116973,117176,103570,4728,5835,3043,0,0,0,0,88.39,103383,4728,0,5823,3039,116973,120,0,2026-08-06T10:17:20Z,31092639442,2026-08-06 10:17 UTC
Bernardo,Broadcast,since_yesterday_utc_2026-08-06,incremental,outbound,sent,100830,101056,86805,5535,4386,4330,0,0,0,0,85.9,86589,5535,0,4384,4322,100830,103,0,2026-08-07T08:39:14Z,31162586294,2026-08-07 08:39 UTC
Havenmove,Standby,since_yesterday_utc_2026-08-06,incremental,outbound,sent,33217,33247,25827,5892,922,606,0,0,0,0,77.68,25797,5892,0,922,606,33217,35,0,2026-08-07T08:39:14Z,31162586294,2026-08-07 08:39 UTC
Joao,Broadcast,since_yesterday_utc_2026-08-06,incremental,outbound,sent,148392,148472,122383,15415,4195,6479,0,0,0,0,82.43,122303,15415,0,4195,6479,148392,154,0,2026-08-07T08:39:14Z,31162586294,2026-08-07 08:39 UTC
NS,Recuperação,since_yesterday_utc_2026-08-06,incremental,outbound,sent,6237,12480,11965,11,332,172,0,0,0,0,95.87,5974,11,0,166,86,6237,7,0,2026-08-07T08:39:14Z,31162586294,2026-08-07 08:39 UTC
Naturemove,Standby,since_yesterday_utc_2026-08-06,incremental,outbound,sent,105900,106220,97226,2156,4599,2239,0,0,0,0,91.53,96930,2156,0,4585,2229,105900,112,0,2026-08-07T08:39:14Z,31162586294,2026-08-07 08:39 UTC
Rafa,Broadcast,since_yesterday_utc_2026-08-06,incremental,outbound,sent,331056,331568,275082,24811,25094,6581,0,0,0,0,82.96,274661,24811,0,25018,6566,331056,349,0,2026-08-07T08:39:14Z,31162586294,2026-08-07 08:39 UTC
Rehableaf,Standby,since_yesterday_utc_2026-08-06,incremental,outbound,sent,8112,8118,7348,197,374,199,0,0,0,0,90.51,7342,197,0,374,199,8112,9,0,2026-08-07T08:39:14Z,31162586294,2026-08-07 08:39 UTC
Richard,Standby,since_yesterday_utc_2026-08-06,incremental,outbound,sent,116866,117128,98738,6641,5801,5948,0,0,0,0,84.3,98494,6641,0,5795,5936,116866,120,0,2026-08-07T08:39:14Z,31162586294,2026-08-07 08:39 UTC
Bernardo,Broadcast,since_yesterday_utc_2026-08-07,incremental,outbound,sent,100659,100854,83938,5616,5109,6191,0,0,0,0,83.23,83761,5616,0,5097,6185,100659,103,0,2026-08-08T08:21:22Z,31248217083,2026-08-08 08:21 UTC
Havenmove,Standby,since_yesterday_utc_2026-08-07,incremental,outbound,sent,31035,31055,24282,4983,797,993,0,0,0,0,78.19,24264,4983,0,795,993,31035,33,0,2026-08-08T08:21:22Z,31248217083,2026-08-08 08:21 UTC
Joao,Broadcast,since_yesterday_utc_2026-08-07,incremental,outbound,sent,82557,82598,68884,10156,2271,1287,0,0,0,0,83.4,68844,10156,0,2271,1286,82557,86,0,2026-08-08T08:21:22Z,31248217083,2026-08-08 08:21 UTC
NS,Recuperação,since_yesterday_utc_2026-08-07,incremental,outbound,sent,5749,11512,11036,12,252,212,0,0,0,0,95.87,5505,12,0,126,106,5749,6,0,2026-08-08T08:21:22Z,31248217083,2026-08-08 08:21 UTC
Naturemove,Standby,since_yesterday_utc_2026-08-07,incremental,outbound,sent,428860,429524,390771,5294,16482,16977,0,0,0,0,90.98,390177,5294,0,16446,16943,428860,442,0,2026-08-08T08:21:22Z,31248217083,2026-08-08 08:21 UTC
Rafa,Broadcast,since_yesterday_utc_2026-08-07,incremental,outbound,sent,263900,264364,234715,17348,7193,5108,0,0,0,0,88.78,234271,17348,0,7181,5100,263900,281,0,2026-08-08T08:21:22Z,31248217083,2026-08-08 08:21 UTC
Rehableaf,Standby,since_yesterday_utc_2026-08-07,incremental,outbound,sent,0,0,0,0,0,0,0,0,0,0,0.0,0,0,0,0,0,0,1,0,2026-08-08T08:21:22Z,31248217083,2026-08-08 08:21 UTC
Richard,Standby,since_yesterday_utc_2026-08-07,incremental,outbound,sent,163118,163526,138675,10389,8139,6323,0,0,0,0,84.8,138291,10389,0,8129,6309,163118,167,0,2026-08-08T08:21:22Z,31248217083,2026-08-08 08:21 UTC
Bernardo,Broadcast,since_yesterday_utc_2026-08-08,incremental,outbound,sent,140197,140359,113382,16636,5334,5007,0,0,0,0,80.78,113228,16636,0,5328,5005,140197,145,0,2026-08-09T08:23:39Z,31303407227,2026-08-09 08:23 UTC
Havenmove,Standby,since_yesterday_utc_2026-08-08,incremental,outbound,sent,28844,28857,22797,5000,713,347,0,0,0,0,79.0,22784,5000,0,713,347,28844,31,0,2026-08-09T08:23:39Z,31303407227,2026-08-09 08:23 UTC
Joao,Broadcast,since_yesterday_utc_2026-08-08,incremental,outbound,sent,62032,62068,51977,3334,1974,4783,0,0,0,0,83.74,51941,3334,0,1974,4783,62032,65,0,2026-08-09T08:23:39Z,31303407227,2026-08-09 08:23 UTC
NS,Recuperação,since_yesterday_utc_2026-08-08,incremental,outbound,sent,5724,11435,11032,19,216,168,0,0,0,0,96.48,5513,19,0,108,84,5724,6,0,2026-08-09T08:23:39Z,31303407227,2026-08-09 08:23 UTC
Naturemove,Standby,since_yesterday_utc_2026-08-08,incremental,outbound,sent,530132,530894,487306,10605,20950,12033,0,0,0,0,91.79,486598,10605,0,20916,12013,530132,559,0,2026-08-09T08:23:39Z,31303407227,2026-08-09 08:23 UTC
Rafa,Broadcast,since_yesterday_utc_2026-08-08,incremental,outbound,sent,264892,265271,234840,18364,7069,4998,0,0,0,0,88.53,234477,18364,0,7061,4990,264892,286,0,2026-08-09T08:23:39Z,31303407227,2026-08-09 08:23 UTC
Rehableaf,Standby,since_yesterday_utc_2026-08-08,incremental,outbound,sent,0,0,0,0,0,0,0,0,0,0,0.0,0,0,0,0,0,0,1,0,2026-08-09T08:23:39Z,31303407227,2026-08-09 08:23 UTC
Richard,Standby,since_yesterday_utc_2026-08-08,incremental,outbound,sent,198845,199347,175754,8763,10218,4612,0,0,0,0,88.16,175271,8763,0,10204,4607,198845,204,0,2026-08-09T08:23:39Z,31303407227,2026-08-09 08:23 UTC
Bernardo,Broadcast,since_yesterday_utc_2026-08-09,incremental,outbound,sent,126918,127089,102372,15259,5435,4023,0,0,0,0,80.55,102209,15259,0,5431,4019,126918,130,0,2026-08-10T09:01:02Z,31372632193,2026-08-10 09:01 UTC
Havenmove,Standby,since_yesterday_utc_2026-08-09,incremental,outbound,sent,29130,29146,23425,4536,776,409,0,0,0,0,80.37,23409,4536,0,776,409,29130,31,0,2026-08-10T09:01:02Z,31372632193,2026-08-10 09:01 UTC
Joao,Broadcast,since_yesterday_utc_2026-08-09,incremental,outbound,sent,101319,101383,95380,159,3362,2482,0,0,0,0,94.08,95316,159,0,3362,2482,101319,105,0,2026-08-10T09:01:02Z,31372632193,2026-08-10 09:01 UTC
NS,Recuperação,since_yesterday_utc_2026-08-09,incremental,outbound,sent,6004,11977,11518,31,274,154,0,0,0,0,96.17,5759,31,0,137,77,6004,7,0,2026-08-10T09:01:02Z,31372632193,2026-08-10 09:01 UTC
Naturemove,Standby,since_yesterday_utc_2026-08-09,incremental,outbound,sent,488420,489047,380887,7355,83121,17684,0,0,0,0,77.88,380361,7355,0,83056,17648,488420,502,0,2026-08-10T09:01:02Z,31372632193,2026-08-10 09:01 UTC
Rafa,Broadcast,since_yesterday_utc_2026-08-09,incremental,outbound,sent,224049,224318,194338,19959,6166,3855,0,0,0,0,86.64,194085,19959,0,6164,3841,224049,243,0,2026-08-10T09:01:02Z,31372632193,2026-08-10 09:01 UTC
Rehableaf,Standby,since_yesterday_utc_2026-08-09,incremental,outbound,sent,0,0,0,0,0,0,0,0,0,0,0.0,0,0,0,0,0,0,1,0,2026-08-10T09:01:02Z,31372632193,2026-08-10 09:01 UTC
Richard,Standby,since_yesterday_utc_2026-08-09,incremental,outbound,sent,167799,168170,149239,4001,9839,5091,0,0,0,0,88.74,148888,4001,0,9823,5087,167799,171,0,2026-08-10T09:01:02Z,31372632193,2026-08-10 09:01 UTC
Bernardo,Broadcast,since_yesterday_utc_2026-08-10,incremental,outbound,sent,65720,65819,59252,1674,3238,1655,0,0,0,0,90.02,59159,1674,0,3236,1651,65720,67,0,2026-08-11T08:37:14Z,31474003686,2026-08-11 08:37 UTC
Havenmove,Standby,since_yesterday_utc_2026-08-10,incremental,outbound,sent,29943,29965,23771,4432,809,953,0,0,0,0,79.33,23749,4432,0,809,953,29943,32,0,2026-08-11T08:37:14Z,31474003686,2026-08-11 08:37 UTC
Joao,Broadcast,since_yesterday_utc_2026-08-10,incremental,outbound,sent,54427,54462,46613,252,1896,5701,0,0,0,0,85.59,46585,252,0,1896,5694,54427,56,0,2026-08-11T08:37:14Z,31474003686,2026-08-11 08:37 UTC
NS,Recuperação,since_yesterday_utc_2026-08-10,incremental,outbound,sent,5497,10981,10549,22,264,146,0,0,0,0,96.07,5270,22,0,132,73,5497,6,0,2026-08-11T08:37:14Z,31474003686,2026-08-11 08:37 UTC
Naturemove,Standby,since_yesterday_utc_2026-08-10,incremental,outbound,sent,785818,786900,697082,23618,49161,17039,0,0,0,0,88.59,696098,23618,0,49095,17007,785818,820,0,2026-08-11T08:37:14Z,31474003686,2026-08-11 08:37 UTC
Rafa,Broadcast,since_yesterday_utc_2026-08-10,incremental,outbound,sent,195666,195946,171038,15174,5780,3954,0,0,0,0,87.29,170774,15174,0,5768,3950,195666,212,0,2026-08-11T08:37:14Z,31474003686,2026-08-11 08:37 UTC
Rehableaf,Standby,since_yesterday_utc_2026-08-10,incremental,outbound,sent,0,0,0,0,0,0,0,0,0,0,0.0,0,0,0,0,0,0,1,0,2026-08-11T08:37:14Z,31474003686,2026-08-11 08:37 UTC
Richard,Standby,since_yesterday_utc_2026-08-10,incremental,outbound,sent,130432,130819,116162,2472,7554,4631,0,0,0,0,88.8,115807,2472,0,7534,4619,130432,133,0,2026-08-11T08:37:14Z,31474003686,2026-08-11 08:37 UTC
Bernardo,Broadcast,since_yesterday_utc_2026-08-11,incremental,outbound,sent,57593,57700,51496,1287,2757,2160,0,0,0,0,89.25,51401,1287,0,2749,2156,57593,59,0,2026-08-12T08:51:56Z,31580269019,2026-08-12 08:51 UTC
Havenmove,Standby,since_yesterday_utc_2026-08-11,incremental,outbound,sent,26050,26055,21231,3795,655,374,0,0,0,0,81.49,21226,3795,0,655,374,26050,28,0,2026-08-12T08:51:56Z,31580269019,2026-08-12 08:51 UTC
Joao,Broadcast,since_yesterday_utc_2026-08-11,incremental,outbound,sent,54977,55005,48392,1733,1850,3030,0,0,0,0,87.98,48366,1733,0,1850,3028,54977,57,0,2026-08-12T08:51:56Z,31580269019,2026-08-12 08:51 UTC
NS,Recuperação,since_yesterday_utc_2026-08-11,incremental,outbound,sent,5128,10259,9896,19,212,132,0,0,0,0,96.46,4937,19,0,106,66,5128,6,0,2026-08-12T08:51:56Z,31580269019,2026-08-12 08:51 UTC
Naturemove,Standby,since_yesterday_utc_2026-08-11,incremental,outbound,sent,804359,805435,718493,14369,48883,23690,0,0,0,0,89.21,717527,14369,0,48807,23656,804359,829,0,2026-08-12T08:51:56Z,31580269019,2026-08-12 08:51 UTC
Rafa,Broadcast,since_yesterday_utc_2026-08-11,incremental,outbound,sent,193927,194146,167515,16531,5741,4359,0,0,0,0,86.28,167311,16531,0,5735,4350,193927,208,0,2026-08-12T08:51:56Z,31580269019,2026-08-12 08:51 UTC
Rehableaf,Standby,since_yesterday_utc_2026-08-11,incremental,outbound,sent,0,0,0,0,0,0,0,0,0,0,0.0,0,0,0,0,0,0,1,0,2026-08-12T08:51:56Z,31580269019,2026-08-12 08:51 UTC
Richard,Standby,since_yesterday_utc_2026-08-11,incremental,outbound,sent,114712,115068,103575,2247,6329,2917,0,0,0,0,90.01,103229,2247,0,6323,2913,114712,117,0,2026-08-12T08:51:56Z,31580269019,2026-08-12 08:51 UTC
Bernardo,Broadcast,since_yesterday_utc_2026-08-12,incremental,outbound,sent,62355,62512,55119,617,3296,3480,0,0,0,0,88.17,54970,617,0,3292,3476,62355,64,0,2026-08-13T08:54:53Z,31684171540,2026-08-13 08:54 UTC
Havenmove,Standby,since_yesterday_utc_2026-08-12,incremental,outbound,sent,28345,28373,21193,5390,819,971,0,0,0,0,74.69,21165,5390,0,819,971,28345,30,0,2026-08-13T08:54:53Z,31684171540,2026-08-13 08:54 UTC
Joao,Broadcast,since_yesterday_utc_2026-08-12,incremental,outbound,sent,99850,99906,92480,2252,3363,1811,0,0,0,0,92.57,92424,2252,0,3363,1811,99850,103,0,2026-08-13T08:54:53Z,31684171540,2026-08-13 08:54 UTC
NS,Recuperação,since_yesterday_utc_2026-08-12,incremental,outbound,sent,4387,8789,8409,12,212,156,0,0,0,0,95.68,4191,12,0,106,78,4387,5,0,2026-08-13T08:54:53Z,31684171540,2026-08-13 08:54 UTC
Naturemove,Standby,since_yesterday_utc_2026-08-12,incremental,outbound,sent,172114,172394,135672,5735,24370,6617,0,0,0,0,78.7,135430,5735,0,24338,6611,172114,178,0,2026-08-13T08:54:53Z,31684171540,2026-08-13 08:54 UTC
Rafa,Broadcast,since_yesterday_utc_2026-08-12,incremental,outbound,sent,184500,184774,155124,19462,5670,4518,0,0,0,0,83.95,154865,19462,0,5670,4503,184500,195,0,2026-08-13T08:54:53Z,31684171540,2026-08-13 08:54 UTC
Rehableaf,Standby,since_yesterday_utc_2026-08-12,incremental,outbound,sent,0,0,0,0,0,0,0,0,0,0,0.0,0,0,0,0,0,0,1,0,2026-08-13T08:54:53Z,31684171540,2026-08-13 08:54 UTC
Richard,Standby,since_yesterday_utc_2026-08-12,incremental,outbound,sent,124027,124384,106965,1277,7402,8740,0,0,0,0,86.0,106643,1277,0,7385,8722,124027,126,0,2026-08-13T08:54:53Z,31684171540,2026-08-13 08:54 UTC
Bernardo,Broadcast,since_yesterday_utc_2026-08-13,incremental,outbound,sent,169739,169988,137526,15570,7487,9405,0,0,0,0,80.9,137293,15570,0,7481,9395,169739,172,0,2026-08-14T08:47:54Z,31785377603,2026-08-14 08:47 UTC
Havenmove,Standby,since_yesterday_utc_2026-08-13,incremental,outbound,sent,27640,27658,21124,5320,728,486,0,0,0,0,76.38,21106,5320,0,728,486,27640,29,0,2026-08-14T08:47:54Z,31785377603,2026-08-14 08:47 UTC
Joao,Broadcast,since_yesterday_utc_2026-08-13,incremental,outbound,sent,34794,34796,32730,922,703,441,0,0,0,0,94.06,32728,922,0,703,441,34794,37,0,2026-08-14T08:47:54Z,31785377603,2026-08-14 08:47 UTC
NS,Recuperação,since_yesterday_utc_2026-08-13,incremental,outbound,sent,3923,7850,7490,8,214,138,0,0,0,0,95.41,3739,8,0,107,69,3923,5,0,2026-08-14T08:47:54Z,31785377603,2026-08-14 08:47 UTC
Naturemove,Standby,since_yesterday_utc_2026-08-13,incremental,outbound,sent,375856,376398,278326,12814,76819,8439,0,0,0,0,73.94,277839,12814,0,76776,8427,375856,383,0,2026-08-14T08:47:54Z,31785377603,2026-08-14 08:47 UTC
Rafa,Broadcast,since_yesterday_utc_2026-08-13,incremental,outbound,sent,112233,112323,80149,27261,1974,2939,0,0,0,0,71.36,80065,27261,0,1972,2935,112233,121,0,2026-08-14T08:47:54Z,31785377603,2026-08-14 08:47 UTC
Rehableaf,Standby,since_yesterday_utc_2026-08-13,incremental,outbound,sent,110635,110793,102548,100,4749,3396,0,0,0,0,92.56,102404,100,0,4741,3390,110635,115,0,2026-08-14T08:47:54Z,31785377603,2026-08-14 08:47 UTC
Richard,Standby,since_yesterday_utc_2026-08-13,incremental,outbound,sent,196232,196628,168433,6523,10505,11167,0,0,0,0,85.66,168075,6523,0,10485,11149,196232,200,0,2026-08-14T08:47:54Z,31785377603,2026-08-14 08:47 UTC
Bernardo,Broadcast,since_yesterday_utc_2026-08-14,incremental,outbound,sent,174206,174642,150665,8557,7978,7442,0,0,0,0,86.27,150239,8557,0,7972,7438,174206,180,0,2026-08-15T08:00:10Z,31873369521,2026-08-15 08:00 UTC
Havenmove,Standby,since_yesterday_utc_2026-08-14,incremental,outbound,sent,23433,23437,17908,4107,573,849,0,0,0,0,76.41,17904,4107,0,573,849,23433,26,0,2026-08-15T08:00:10Z,31873369521,2026-08-15 08:00 UTC
Joao,Broadcast,since_yesterday_utc_2026-08-14,incremental,outbound,sent,27784,27794,25767,471,1059,497,0,0,0,0,92.71,25757,471,0,1059,497,27784,29,0,2026-08-15T08:00:10Z,31873369521,2026-08-15 08:00 UTC
NS,Recuperação,since_yesterday_utc_2026-08-14,incremental,outbound,sent,5107,10182,9783,13,244,142,0,0,0,0,96.08,4901,13,0,122,71,5107,6,0,2026-08-15T08:00:10Z,31873369521,2026-08-15 08:00 UTC
Naturemove,Standby,since_yesterday_utc_2026-08-14,incremental,outbound,sent,101885,102096,83989,2937,13225,1945,0,0,0,0,82.26,83801,2937,0,13208,1939,101885,106,0,2026-08-15T08:00:10Z,31873369521,2026-08-15 08:00 UTC
Rafa,Broadcast,since_yesterday_utc_2026-08-14,incremental,outbound,sent,76782,76938,64635,7544,2235,2524,0,0,0,0,84.01,64489,7544,0,2233,2516,76782,82,0,2026-08-15T08:00:10Z,31873369521,2026-08-15 08:00 UTC
Rehableaf,Standby,since_yesterday_utc_2026-08-14,incremental,outbound,sent,127889,128091,117956,864,5627,3644,0,0,0,0,92.09,117766,864,0,5619,3640,127889,136,0,2026-08-15T08:00:10Z,31873369521,2026-08-15 08:00 UTC
Richard,Standby,since_yesterday_utc_2026-08-14,incremental,outbound,sent,501383,501997,450738,21215,17051,12993,0,0,0,0,89.79,450171,21215,0,17018,12979,501383,542,0,2026-08-15T08:00:10Z,31873369521,2026-08-15 08:00 UTC
Bernardo,Broadcast,since_yesterday_utc_2026-08-15,incremental,outbound,sent,217367,217759,178629,14963,17322,6845,0,0,0,0,82.03,178269,14963,0,17298,6837,217367,222,0,2026-08-16T08:00:33Z,31935340360,2026-08-16 08:00 UTC
Havenmove,Standby,since_yesterday_utc_2026-08-15,incremental,outbound,sent,13499,13507,12322,365,549,271,0,0,0,0,91.23,12316,365,0,547,271,13499,15,0,2026-08-16T08:00:33Z,31935340360,2026-08-16 08:00 UTC
Joao,Broadcast,since_yesterday_utc_2026-08-15,incremental,outbound,sent,97371,97413,90015,1715,3369,2314,0,0,0,0,92.41,89973,1715,0,3369,2314,97371,99,0,2026-08-16T08:00:33Z,31935340360,2026-08-16 08:00 UTC
NS,Recuperação,since_yesterday_utc_2026-08-15,incremental,outbound,sent,6546,13157,12511,9,463,174,0,0,0,0,95.09,6277,9,0,173,87,6546,7,0,2026-08-16T08:00:33Z,31935340360,2026-08-16 08:00 UTC
Naturemove,Standby,since_yesterday_utc_2026-08-15,incremental,outbound,sent,499701,500579,429783,6891,51609,12296,0,0,0,0,85.86,428987,6891,0,51549,12274,499701,544,0,2026-08-16T08:00:33Z,31935340360,2026-08-16 08:00 UTC
Rafa,Broadcast,since_yesterday_utc_2026-08-15,incremental,outbound,sent,141716,141897,123977,8743,5526,3651,0,0,0,0,87.37,123808,8743,0,5514,3651,141716,148,0,2026-08-16T08:00:33Z,31935340360,2026-08-16 08:00 UTC
Rehableaf,Standby,since_yesterday_utc_2026-08-15,incremental,outbound,sent,105207,105411,88936,500,13323,2652,0,0,0,0,84.37,88748,500,0,13315,2644,105207,110,0,2026-08-16T08:00:33Z,31935340360,2026-08-16 08:00 UTC
Richard,Standby,since_yesterday_utc_2026-08-15,incremental,outbound,sent,261024,261350,233751,12647,10108,4844,0,0,0,0,89.44,233448,12647,0,10097,4832,261024,292,0,2026-08-16T08:00:33Z,31935340360,2026-08-16 08:00 UTC
Bernardo,Broadcast,since_yesterday_utc_2026-08-16,incremental,outbound,sent,230042,230364,189770,24759,9364,6471,0,0,0,0,82.38,189467,24759,0,9351,6465,230042,238,0,2026-08-17T08:24:22Z,32010197727,2026-08-17 08:24 UTC
Havenmove,Standby,since_yesterday_utc_2026-08-16,incremental,outbound,sent,22808,22814,17745,4056,614,399,0,0,0,0,77.78,17741,4056,0,612,399,22808,25,0,2026-08-17T08:24:22Z,32010197727,2026-08-17 08:24 UTC
Joao,Broadcast,since_yesterday_utc_2026-08-16,incremental,outbound,sent,0,0,0,0,0,0,0,0,0,0,0.0,0,0,0,0,0,0,1,0,2026-08-17T08:24:22Z,32010197727,2026-08-17 08:24 UTC
NS,Recuperação,since_yesterday_utc_2026-08-16,incremental,outbound,sent,6927,13902,13290,9,447,156,0,0,0,0,95.6,6654,9,0,186,78,6927,8,0,2026-08-17T08:24:22Z,32010197727,2026-08-17 08:24 UTC
Naturemove,Standby,since_yesterday_utc_2026-08-16,incremental,outbound,sent,605899,606744,530221,41141,20747,14635,0,0,0,0,87.39,529422,41141,0,20717,14619,605899,646,0,2026-08-17T08:24:22Z,32010197727,2026-08-17 08:24 UTC
Rafa,Broadcast,since_yesterday_utc_2026-08-16,incremental,outbound,sent,165175,165344,142826,11551,6793,4174,0,0,0,0,86.38,142665,11551,0,6789,4170,165175,173,0,2026-08-17T08:24:22Z,32010197727,2026-08-17 08:24 UTC
Rehableaf,Standby,since_yesterday_utc_2026-08-16,incremental,outbound,sent,103258,103463,96308,437,4046,2672,0,0,0,0,93.08,96114,437,0,4039,2668,103258,112,0,2026-08-17T08:24:22Z,32010197727,2026-08-17 08:24 UTC
Richard,Standby,since_yesterday_utc_2026-08-16,incremental,outbound,sent,104994,105096,79881,17960,4406,2849,0,0,0,0,76.01,79785,17960,0,4404,2845,104994,111,0,2026-08-17T08:24:22Z,32010197727,2026-08-17 08:24 UTC
Bernardo,Broadcast,since_yesterday_utc_2026-08-17,incremental,outbound,sent,148922,149252,124515,11252,6935,6550,0,0,0,0,83.43,124193,11252,0,6931,6546,148922,155,0,2026-08-18T08:15:23Z,32115411312,2026-08-18 08:15 UTC
Havenmove,Standby,since_yesterday_utc_2026-08-17,incremental,outbound,sent,22690,22704,17486,3921,619,678,0,0,0,0,77.02,17472,3921,0,619,678,22690,25,0,2026-08-18T08:15:23Z,32115411312,2026-08-18 08:15 UTC
Joao,Broadcast,since_yesterday_utc_2026-08-17,incremental,outbound,sent,0,0,0,0,0,0,0,0,0,0,0.0,0,0,0,0,0,0,1,0,2026-08-18T08:15:23Z,32115411312,2026-08-18 08:15 UTC
NS,Recuperação,since_yesterday_utc_2026-08-17,incremental,outbound,sent,7241,14545,13672,13,605,255,0,0,0,0,94.0,6850,13,0,250,128,7241,8,0,2026-08-18T08:15:23Z,32115411312,2026-08-18 08:15 UTC
Naturemove,Standby,since_yesterday_utc_2026-08-17,incremental,outbound,sent,446648,447411,395144,23642,16553,12072,0,0,0,0,88.32,394423,23642,0,16525,12058,446648,466,0,2026-08-18T08:15:23Z,32115411312,2026-08-18 08:15 UTC
Rafa,Broadcast,since_yesterday_utc_2026-08-17,incremental,outbound,sent,77588,77705,67790,5638,2516,1761,0,0,0,0,87.24,67678,5638,0,2516,1756,77588,83,0,2026-08-18T08:15:23Z,32115411312,2026-08-18 08:15 UTC
Rehableaf,Standby,since_yesterday_utc_2026-08-17,incremental,outbound,sent,79842,80036,73050,475,3967,2544,0,0,0,0,91.27,72874,475,0,3959,2534,79842,86,0,2026-08-18T08:15:23Z,32115411312,2026-08-18 08:15 UTC
Richard,Standby,since_yesterday_utc_2026-08-17,incremental,outbound,sent,77026,77091,55883,15196,3464,2548,0,0,0,0,72.49,55832,15196,0,3456,2542,77026,82,0,2026-08-18T08:15:23Z,32115411312,2026-08-18 08:15 UTC
