Conta,Categoria,Count,Usage,Price_USD,Range,Extraido_Utc
NS,totalprice,0,64.5606,64.560650,StartDate=2026-07-26 EndDate=2026-07-27 UTC (cover_days; soma dias GMT tocados pela janela ~24h — alinhamento tipico a SMS Transactions / Insights Last 24h; totalprice pode diferir do cartao Total Spend),2026-07-27T10:08:43Z
NS,channels,9200,18073,64.499020,StartDate=2026-07-26 EndDate=2026-07-27 UTC (cover_days; soma dias GMT tocados pela janela ~24h — alinhamento tipico a SMS Transactions / Insights Last 24h; totalprice pode diferir do cartao Total Spend),2026-07-27T10:08:43Z
NS,sms-messages-carrierfees,4545,8962,37.283000,StartDate=2026-07-26 EndDate=2026-07-27 UTC (cover_days; soma dias GMT tocados pela janela ~24h — alinhamento tipico a SMS Transactions / Insights Last 24h; totalprice pode diferir do cartao Total Spend),2026-07-27T10:08:43Z
NS,sms,4642,9098,27.203020,StartDate=2026-07-26 EndDate=2026-07-27 UTC (cover_days; soma dias GMT tocados pela janela ~24h — alinhamento tipico a SMS Transactions / Insights Last 24h; totalprice pode diferir do cartao Total Spend),2026-07-27T10:08:43Z
NS,sms-outbound,4447,8858,26.485420,StartDate=2026-07-26 EndDate=2026-07-27 UTC (cover_days; soma dias GMT tocados pela janela ~24h — alinhamento tipico a SMS Transactions / Insights Last 24h; totalprice pode diferir do cartao Total Spend),2026-07-27T10:08:43Z
NS,sms-outbound-tollfree,4447,8858,26.485420,StartDate=2026-07-26 EndDate=2026-07-27 UTC (cover_days; soma dias GMT tocados pela janela ~24h — alinhamento tipico a SMS Transactions / Insights Last 24h; totalprice pode diferir do cartao Total Spend),2026-07-27T10:08:43Z
NS,sms-inbound,195,240,0.717600,StartDate=2026-07-26 EndDate=2026-07-27 UTC (cover_days; soma dias GMT tocados pela janela ~24h — alinhamento tipico a SMS Transactions / Insights Last 24h; totalprice pode diferir do cartao Total Spend),2026-07-27T10:08:43Z
NS,sms-inbound-tollfree,195,240,0.717600,StartDate=2026-07-26 EndDate=2026-07-27 UTC (cover_days; soma dias GMT tocados pela janela ~24h — alinhamento tipico a SMS Transactions / Insights Last 24h; totalprice pode diferir do cartao Total Spend),2026-07-27T10:08:43Z
NS,mms,2,2,0.040000,StartDate=2026-07-26 EndDate=2026-07-27 UTC (cover_days; soma dias GMT tocados pela janela ~24h — alinhamento tipico a SMS Transactions / Insights Last 24h; totalprice pode diferir do cartao Total Spend),2026-07-27T10:08:43Z
NS,mms-inbound,2,2,0.040000,StartDate=2026-07-26 EndDate=2026-07-27 UTC (cover_days; soma dias GMT tocados pela janela ~24h — alinhamento tipico a SMS Transactions / Insights Last 24h; totalprice pode diferir do cartao Total Spend),2026-07-27T10:08:43Z
NS,mms-inbound-toll-free,2,2,0.040000,StartDate=2026-07-26 EndDate=2026-07-27 UTC (cover_days; soma dias GMT tocados pela janela ~24h — alinhamento tipico a SMS Transactions / Insights Last 24h; totalprice pode diferir do cartao Total Spend),2026-07-27T10:08:43Z
NS,mms-messages-carrierfees,2,2,0.019000,StartDate=2026-07-26 EndDate=2026-07-27 UTC (cover_days; soma dias GMT tocados pela janela ~24h — alinhamento tipico a SMS Transactions / Insights Last 24h; totalprice pode diferir do cartao Total Spend),2026-07-27T10:08:43Z
NS,failed-message-processing-fee,13,13,0.013000,StartDate=2026-07-26 EndDate=2026-07-27 UTC (cover_days; soma dias GMT tocados pela janela ~24h — alinhamento tipico a SMS Transactions / Insights Last 24h; totalprice pode diferir do cartao Total Spend),2026-07-27T10:08:43Z
NS,recordingstorage,1,5.26,0.002630,StartDate=2026-07-26 EndDate=2026-07-27 UTC (cover_days; soma dias GMT tocados pela janela ~24h — alinhamento tipico a SMS Transactions / Insights Last 24h; totalprice pode diferir do cartao Total Spend),2026-07-27T10:08:43Z
NS,a2p-10dlc-registrationfees-brandregistration,0,0,0.000000,StartDate=2026-07-26 EndDate=2026-07-27 UTC (cover_days; soma dias GMT tocados pela janela ~24h — alinhamento tipico a SMS Transactions / Insights Last 24h; totalprice pode diferir do cartao Total Spend),2026-07-27T10:08:43Z
NS,a2p-10dlc-registrationfees-bv,0,0,0.000000,StartDate=2026-07-26 EndDate=2026-07-27 UTC (cover_days; soma dias GMT tocados pela janela ~24h — alinhamento tipico a SMS Transactions / Insights Last 24h; totalprice pode diferir do cartao Total Spend),2026-07-27T10:08:43Z
NS,a2p-10dlc-registrationfees-campaigncharges,0,0,0.000000,StartDate=2026-07-26 EndDate=2026-07-27 UTC (cover_days; soma dias GMT tocados pela janela ~24h — alinhamento tipico a SMS Transactions / Insights Last 24h; totalprice pode diferir do cartao Total Spend),2026-07-27T10:08:43Z
NS,a2p-10dlc-registrationfees-campaignregistration,0,0,0.000000,StartDate=2026-07-26 EndDate=2026-07-27 UTC (cover_days; soma dias GMT tocados pela janela ~24h — alinhamento tipico a SMS Transactions / Insights Last 24h; totalprice pode diferir do cartao Total Spend),2026-07-27T10:08:43Z
NS,a2p-10dlc-registrationfees-campaignvetting,0,0,0.000000,StartDate=2026-07-26 EndDate=2026-07-27 UTC (cover_days; soma dias GMT tocados pela janela ~24h — alinhamento tipico a SMS Transactions / Insights Last 24h; totalprice pode diferir do cartao Total Spend),2026-07-27T10:08:43Z
NS,a2p-10dlc-registrationfees-monthly,0,0,0.000000,StartDate=2026-07-26 EndDate=2026-07-27 UTC (cover_days; soma dias GMT tocados pela janela ~24h — alinhamento tipico a SMS Transactions / Insights Last 24h; totalprice pode diferir do cartao Total Spend),2026-07-27T10:08:43Z
NS,a2p-10dlc-registrationfees-onetime,0,0,0.000000,StartDate=2026-07-26 EndDate=2026-07-27 UTC (cover_days; soma dias GMT tocados pela janela ~24h — alinhamento tipico a SMS Transactions / Insights Last 24h; totalprice pode diferir do cartao Total Spend),2026-07-27T10:08:43Z
NS,a2p-registration-fees,0,0,0.000000,StartDate=2026-07-26 EndDate=2026-07-27 UTC (cover_days; soma dias GMT tocados pela janela ~24h — alinhamento tipico a SMS Transactions / Insights Last 24h; totalprice pode diferir do cartao Total Spend),2026-07-27T10:08:43Z
NS,account-security,0,0,0.000000,StartDate=2026-07-26 EndDate=2026-07-27 UTC (cover_days; soma dias GMT tocados pela janela ~24h — alinhamento tipico a SMS Transactions / Insights Last 24h; totalprice pode diferir do cartao Total Spend),2026-07-27T10:08:43Z
NS,agent-conference,0,0,0.000000,StartDate=2026-07-26 EndDate=2026-07-27 UTC (cover_days; soma dias GMT tocados pela janela ~24h — alinhamento tipico a SMS Transactions / Insights Last 24h; totalprice pode diferir do cartao Total Spend),2026-07-27T10:08:43Z
NS,agent-copilot,0,0,0.000000,StartDate=2026-07-26 EndDate=2026-07-27 UTC (cover_days; soma dias GMT tocados pela janela ~24h — alinhamento tipico a SMS Transactions / Insights Last 24h; totalprice pode diferir do cartao Total Spend),2026-07-27T10:08:43Z
NS,agent-copilot-messages,0,0,0.000000,StartDate=2026-07-26 EndDate=2026-07-27 UTC (cover_days; soma dias GMT tocados pela janela ~24h — alinhamento tipico a SMS Transactions / Insights Last 24h; totalprice pode diferir do cartao Total Spend),2026-07-27T10:08:43Z
NS,agent-copilot-participant-minutes,0,0,0.000000,StartDate=2026-07-26 EndDate=2026-07-27 UTC (cover_days; soma dias GMT tocados pela janela ~24h — alinhamento tipico a SMS Transactions / Insights Last 24h; totalprice pode diferir do cartao Total Spend),2026-07-27T10:08:43Z
NS,ai-assistants,0,0,0.000000,StartDate=2026-07-26 EndDate=2026-07-27 UTC (cover_days; soma dias GMT tocados pela janela ~24h — alinhamento tipico a SMS Transactions / Insights Last 24h; totalprice pode diferir do cartao Total Spend),2026-07-27T10:08:43Z
NS,ai-assistants-voice,0,0,0.000000,StartDate=2026-07-26 EndDate=2026-07-27 UTC (cover_days; soma dias GMT tocados pela janela ~24h — alinhamento tipico a SMS Transactions / Insights Last 24h; totalprice pode diferir do cartao Total Spend),2026-07-27T10:08:43Z
NS,amazon-polly,0,0,0.000000,StartDate=2026-07-26 EndDate=2026-07-27 UTC (cover_days; soma dias GMT tocados pela janela ~24h — alinhamento tipico a SMS Transactions / Insights Last 24h; totalprice pode diferir do cartao Total Spend),2026-07-27T10:08:43Z
NS,answering-machine-detection,0,0,0.000000,StartDate=2026-07-26 EndDate=2026-07-27 UTC (cover_days; soma dias GMT tocados pela janela ~24h — alinhamento tipico a SMS Transactions / Insights Last 24h; totalprice pode diferir do cartao Total Spend),2026-07-27T10:08:43Z
NS,assets,0,0,0.000000,StartDate=2026-07-26 EndDate=2026-07-27 UTC (cover_days; soma dias GMT tocados pela janela ~24h — alinhamento tipico a SMS Transactions / Insights Last 24h; totalprice pode diferir do cartao Total Spend),2026-07-27T10:08:43Z
NS,audience-minutes,0,0,0.000000,StartDate=2026-07-26 EndDate=2026-07-27 UTC (cover_days; soma dias GMT tocados pela janela ~24h — alinhamento tipico a SMS Transactions / Insights Last 24h; totalprice pode diferir do cartao Total Spend),2026-07-27T10:08:43Z
NS,audience-minutes-audio,0,0,0.000000,StartDate=2026-07-26 EndDate=2026-07-27 UTC (cover_days; soma dias GMT tocados pela janela ~24h — alinhamento tipico a SMS Transactions / Insights Last 24h; totalprice pode diferir do cartao Total Spend),2026-07-27T10:08:43Z
NS,authy-authentications,0,0,0.000000,StartDate=2026-07-26 EndDate=2026-07-27 UTC (cover_days; soma dias GMT tocados pela janela ~24h — alinhamento tipico a SMS Transactions / Insights Last 24h; totalprice pode diferir do cartao Total Spend),2026-07-27T10:08:43Z
NS,authy-calls-outbound,0,0,0.000000,StartDate=2026-07-26 EndDate=2026-07-27 UTC (cover_days; soma dias GMT tocados pela janela ~24h — alinhamento tipico a SMS Transactions / Insights Last 24h; totalprice pode diferir do cartao Total Spend),2026-07-27T10:08:43Z
NS,authy-email-authentications,0,0,0.000000,StartDate=2026-07-26 EndDate=2026-07-27 UTC (cover_days; soma dias GMT tocados pela janela ~24h — alinhamento tipico a SMS Transactions / Insights Last 24h; totalprice pode diferir do cartao Total Spend),2026-07-27T10:08:43Z
NS,authy-monthly-fees,0,0,0.000000,StartDate=2026-07-26 EndDate=2026-07-27 UTC (cover_days; soma dias GMT tocados pela janela ~24h — alinhamento tipico a SMS Transactions / Insights Last 24h; totalprice pode diferir do cartao Total Spend),2026-07-27T10:08:43Z
NS,authy-outbound-email,0,0,0.000000,StartDate=2026-07-26 EndDate=2026-07-27 UTC (cover_days; soma dias GMT tocados pela janela ~24h — alinhamento tipico a SMS Transactions / Insights Last 24h; totalprice pode diferir do cartao Total Spend),2026-07-27T10:08:43Z
NS,authy-phone-intelligence,0,0,0.000000,StartDate=2026-07-26 EndDate=2026-07-27 UTC (cover_days; soma dias GMT tocados pela janela ~24h — alinhamento tipico a SMS Transactions / Insights Last 24h; totalprice pode diferir do cartao Total Spend),2026-07-27T10:08:43Z
NS,authy-phone-verifications,0,0,0.000000,StartDate=2026-07-26 EndDate=2026-07-27 UTC (cover_days; soma dias GMT tocados pela janela ~24h — alinhamento tipico a SMS Transactions / Insights Last 24h; totalprice pode diferir do cartao Total Spend),2026-07-27T10:08:43Z
NS,authy-sms-outbound,0,0,0.000000,StartDate=2026-07-26 EndDate=2026-07-27 UTC (cover_days; soma dias GMT tocados pela janela ~24h — alinhamento tipico a SMS Transactions / Insights Last 24h; totalprice pode diferir do cartao Total Spend),2026-07-27T10:08:43Z
NS,authy-verify-email-verifications,0,0,0.000000,StartDate=2026-07-26 EndDate=2026-07-27 UTC (cover_days; soma dias GMT tocados pela janela ~24h — alinhamento tipico a SMS Transactions / Insights Last 24h; totalprice pode diferir do cartao Total Spend),2026-07-27T10:08:43Z
NS,authy-verify-outbound-email,0,0,0.000000,StartDate=2026-07-26 EndDate=2026-07-27 UTC (cover_days; soma dias GMT tocados pela janela ~24h — alinhamento tipico a SMS Transactions / Insights Last 24h; totalprice pode diferir do cartao Total Spend),2026-07-27T10:08:43Z
NS,autopilot,0,0,0.000000,StartDate=2026-07-26 EndDate=2026-07-27 UTC (cover_days; soma dias GMT tocados pela janela ~24h — alinhamento tipico a SMS Transactions / Insights Last 24h; totalprice pode diferir do cartao Total Spend),2026-07-27T10:08:43Z
NS,autopilot-home-assistants,0,0,0.000000,StartDate=2026-07-26 EndDate=2026-07-27 UTC (cover_days; soma dias GMT tocados pela janela ~24h — alinhamento tipico a SMS Transactions / Insights Last 24h; totalprice pode diferir do cartao Total Spend),2026-07-27T10:08:43Z
NS,autopilot-messaging,0,0,0.000000,StartDate=2026-07-26 EndDate=2026-07-27 UTC (cover_days; soma dias GMT tocados pela janela ~24h — alinhamento tipico a SMS Transactions / Insights Last 24h; totalprice pode diferir do cartao Total Spend),2026-07-27T10:08:43Z
NS,autopilot-other,0,0,0.000000,StartDate=2026-07-26 EndDate=2026-07-27 UTC (cover_days; soma dias GMT tocados pela janela ~24h — alinhamento tipico a SMS Transactions / Insights Last 24h; totalprice pode diferir do cartao Total Spend),2026-07-27T10:08:43Z
NS,autopilot-voice,0,0,0.000000,StartDate=2026-07-26 EndDate=2026-07-27 UTC (cover_days; soma dias GMT tocados pela janela ~24h — alinhamento tipico a SMS Transactions / Insights Last 24h; totalprice pode diferir do cartao Total Spend),2026-07-27T10:08:43Z
NS,basic-peer-to-peer-rooms-participant-minutes,0,0,0.000000,StartDate=2026-07-26 EndDate=2026-07-27 UTC (cover_days; soma dias GMT tocados pela janela ~24h — alinhamento tipico a SMS Transactions / Insights Last 24h; totalprice pode diferir do cartao Total Spend),2026-07-27T10:08:43Z
NS,branded-calling,0,0,0.000000,StartDate=2026-07-26 EndDate=2026-07-27 UTC (cover_days; soma dias GMT tocados pela janela ~24h — alinhamento tipico a SMS Transactions / Insights Last 24h; totalprice pode diferir do cartao Total Spend),2026-07-27T10:08:43Z
NS,bundle-sms-bucket,0,0,0.000000,StartDate=2026-07-26 EndDate=2026-07-27 UTC (cover_days; soma dias GMT tocados pela janela ~24h — alinhamento tipico a SMS Transactions / Insights Last 24h; totalprice pode diferir do cartao Total Spend),2026-07-27T10:08:43Z
NS,bundle-subscription-fees,0,0,0.000000,StartDate=2026-07-26 EndDate=2026-07-27 UTC (cover_days; soma dias GMT tocados pela janela ~24h — alinhamento tipico a SMS Transactions / Insights Last 24h; totalprice pode diferir do cartao Total Spend),2026-07-27T10:08:43Z
NS,call-forwarding-lookups,0,0,0.000000,StartDate=2026-07-26 EndDate=2026-07-27 UTC (cover_days; soma dias GMT tocados pela janela ~24h — alinhamento tipico a SMS Transactions / Insights Last 24h; totalprice pode diferir do cartao Total Spend),2026-07-27T10:08:43Z
NS,call-progess-events,0,0,0.000000,StartDate=2026-07-26 EndDate=2026-07-27 UTC (cover_days; soma dias GMT tocados pela janela ~24h — alinhamento tipico a SMS Transactions / Insights Last 24h; totalprice pode diferir do cartao Total Spend),2026-07-27T10:08:43Z
NS,calleridlookups,0,0,0.000000,StartDate=2026-07-26 EndDate=2026-07-27 UTC (cover_days; soma dias GMT tocados pela janela ~24h — alinhamento tipico a SMS Transactions / Insights Last 24h; totalprice pode diferir do cartao Total Spend),2026-07-27T10:08:43Z
NS,calls,0,0,0.000000,StartDate=2026-07-26 EndDate=2026-07-27 UTC (cover_days; soma dias GMT tocados pela janela ~24h — alinhamento tipico a SMS Transactions / Insights Last 24h; totalprice pode diferir do cartao Total Spend),2026-07-27T10:08:43Z
NS,calls-client,0,0,0.000000,StartDate=2026-07-26 EndDate=2026-07-27 UTC (cover_days; soma dias GMT tocados pela janela ~24h — alinhamento tipico a SMS Transactions / Insights Last 24h; totalprice pode diferir do cartao Total Spend),2026-07-27T10:08:43Z
NS,calls-emergency,0,0,0.000000,StartDate=2026-07-26 EndDate=2026-07-27 UTC (cover_days; soma dias GMT tocados pela janela ~24h — alinhamento tipico a SMS Transactions / Insights Last 24h; totalprice pode diferir do cartao Total Spend),2026-07-27T10:08:43Z
NS,calls-globalconference,0,0,0.000000,StartDate=2026-07-26 EndDate=2026-07-27 UTC (cover_days; soma dias GMT tocados pela janela ~24h — alinhamento tipico a SMS Transactions / Insights Last 24h; totalprice pode diferir do cartao Total Spend),2026-07-27T10:08:43Z
NS,calls-inbound,0,0,0.000000,StartDate=2026-07-26 EndDate=2026-07-27 UTC (cover_days; soma dias GMT tocados pela janela ~24h — alinhamento tipico a SMS Transactions / Insights Last 24h; totalprice pode diferir do cartao Total Spend),2026-07-27T10:08:43Z
NS,calls-inbound-local,0,0,0.000000,StartDate=2026-07-26 EndDate=2026-07-27 UTC (cover_days; soma dias GMT tocados pela janela ~24h — alinhamento tipico a SMS Transactions / Insights Last 24h; totalprice pode diferir do cartao Total Spend),2026-07-27T10:08:43Z
NS,calls-inbound-mobile,0,0,0.000000,StartDate=2026-07-26 EndDate=2026-07-27 UTC (cover_days; soma dias GMT tocados pela janela ~24h — alinhamento tipico a SMS Transactions / Insights Last 24h; totalprice pode diferir do cartao Total Spend),2026-07-27T10:08:43Z
NS,calls-inbound-tollfree,0,0,0.000000,StartDate=2026-07-26 EndDate=2026-07-27 UTC (cover_days; soma dias GMT tocados pela janela ~24h — alinhamento tipico a SMS Transactions / Insights Last 24h; totalprice pode diferir do cartao Total Spend),2026-07-27T10:08:43Z
NS,calls-inbound-tollfree-local,0,0,0.000000,StartDate=2026-07-26 EndDate=2026-07-27 UTC (cover_days; soma dias GMT tocados pela janela ~24h — alinhamento tipico a SMS Transactions / Insights Last 24h; totalprice pode diferir do cartao Total Spend),2026-07-27T10:08:43Z
NS,calls-inbound-tollfree-mobile,0,0,0.000000,StartDate=2026-07-26 EndDate=2026-07-27 UTC (cover_days; soma dias GMT tocados pela janela ~24h — alinhamento tipico a SMS Transactions / Insights Last 24h; totalprice pode diferir do cartao Total Spend),2026-07-27T10:08:43Z
NS,calls-media-stream-minutes,0,0,0.000000,StartDate=2026-07-26 EndDate=2026-07-27 UTC (cover_days; soma dias GMT tocados pela janela ~24h — alinhamento tipico a SMS Transactions / Insights Last 24h; totalprice pode diferir do cartao Total Spend),2026-07-27T10:08:43Z
NS,calls-outbound,0,0,0.000000,StartDate=2026-07-26 EndDate=2026-07-27 UTC (cover_days; soma dias GMT tocados pela janela ~24h — alinhamento tipico a SMS Transactions / Insights Last 24h; totalprice pode diferir do cartao Total Spend),2026-07-27T10:08:43Z
NS,calls-pay-verb-transactions,0,0,0.000000,StartDate=2026-07-26 EndDate=2026-07-27 UTC (cover_days; soma dias GMT tocados pela janela ~24h — alinhamento tipico a SMS Transactions / Insights Last 24h; totalprice pode diferir do cartao Total Spend),2026-07-27T10:08:43Z
NS,calls-recordings,0,0,0.000000,StartDate=2026-07-26 EndDate=2026-07-27 UTC (cover_days; soma dias GMT tocados pela janela ~24h — alinhamento tipico a SMS Transactions / Insights Last 24h; totalprice pode diferir do cartao Total Spend),2026-07-27T10:08:43Z
NS,calls-sip,0,0,0.000000,StartDate=2026-07-26 EndDate=2026-07-27 UTC (cover_days; soma dias GMT tocados pela janela ~24h — alinhamento tipico a SMS Transactions / Insights Last 24h; totalprice pode diferir do cartao Total Spend),2026-07-27T10:08:43Z
NS,calls-sip-inbound,0,0,0.000000,StartDate=2026-07-26 EndDate=2026-07-27 UTC (cover_days; soma dias GMT tocados pela janela ~24h — alinhamento tipico a SMS Transactions / Insights Last 24h; totalprice pode diferir do cartao Total Spend),2026-07-27T10:08:43Z
NS,calls-sip-outbound,0,0,0.000000,StartDate=2026-07-26 EndDate=2026-07-27 UTC (cover_days; soma dias GMT tocados pela janela ~24h — alinhamento tipico a SMS Transactions / Insights Last 24h; totalprice pode diferir do cartao Total Spend),2026-07-27T10:08:43Z
NS,calls-text-to-speech,0,0,0.000000,StartDate=2026-07-26 EndDate=2026-07-27 UTC (cover_days; soma dias GMT tocados pela janela ~24h — alinhamento tipico a SMS Transactions / Insights Last 24h; totalprice pode diferir do cartao Total Spend),2026-07-27T10:08:43Z
NS,calls-transfers,0,0,0.000000,StartDate=2026-07-26 EndDate=2026-07-27 UTC (cover_days; soma dias GMT tocados pela janela ~24h — alinhamento tipico a SMS Transactions / Insights Last 24h; totalprice pode diferir do cartao Total Spend),2026-07-27T10:08:43Z
NS,carrier-lookups,0,0,0.000000,StartDate=2026-07-26 EndDate=2026-07-27 UTC (cover_days; soma dias GMT tocados pela janela ~24h — alinhamento tipico a SMS Transactions / Insights Last 24h; totalprice pode diferir do cartao Total Spend),2026-07-27T10:08:43Z
NS,category,0,0,0.000000,StartDate=2026-07-26 EndDate=2026-07-27 UTC (cover_days; soma dias GMT tocados pela janela ~24h — alinhamento tipico a SMS Transactions / Insights Last 24h; totalprice pode diferir do cartao Total Spend),2026-07-27T10:08:43Z
NS,channels-messaging,0,0,0.000000,StartDate=2026-07-26 EndDate=2026-07-27 UTC (cover_days; soma dias GMT tocados pela janela ~24h — alinhamento tipico a SMS Transactions / Insights Last 24h; totalprice pode diferir do cartao Total Spend),2026-07-27T10:08:43Z
NS,channels-messaging-inbound,0,0,0.000000,StartDate=2026-07-26 EndDate=2026-07-27 UTC (cover_days; soma dias GMT tocados pela janela ~24h — alinhamento tipico a SMS Transactions / Insights Last 24h; totalprice pode diferir do cartao Total Spend),2026-07-27T10:08:43Z
NS,channels-messaging-outbound,0,0,0.000000,StartDate=2026-07-26 EndDate=2026-07-27 UTC (cover_days; soma dias GMT tocados pela janela ~24h — alinhamento tipico a SMS Transactions / Insights Last 24h; totalprice pode diferir do cartao Total Spend),2026-07-27T10:08:43Z
NS,channels-whatsapp,0,0,0.000000,StartDate=2026-07-26 EndDate=2026-07-27 UTC (cover_days; soma dias GMT tocados pela janela ~24h — alinhamento tipico a SMS Transactions / Insights Last 24h; totalprice pode diferir do cartao Total Spend),2026-07-27T10:08:43Z
NS,channels-whatsapp-conversation-authentication,0,0,0.000000,StartDate=2026-07-26 EndDate=2026-07-27 UTC (cover_days; soma dias GMT tocados pela janela ~24h — alinhamento tipico a SMS Transactions / Insights Last 24h; totalprice pode diferir do cartao Total Spend),2026-07-27T10:08:43Z
NS,channels-whatsapp-conversation-free,0,0,0.000000,StartDate=2026-07-26 EndDate=2026-07-27 UTC (cover_days; soma dias GMT tocados pela janela ~24h — alinhamento tipico a SMS Transactions / Insights Last 24h; totalprice pode diferir do cartao Total Spend),2026-07-27T10:08:43Z
NS,channels-whatsapp-conversation-marketing,0,0,0.000000,StartDate=2026-07-26 EndDate=2026-07-27 UTC (cover_days; soma dias GMT tocados pela janela ~24h — alinhamento tipico a SMS Transactions / Insights Last 24h; totalprice pode diferir do cartao Total Spend),2026-07-27T10:08:43Z
NS,channels-whatsapp-conversation-service,0,0,0.000000,StartDate=2026-07-26 EndDate=2026-07-27 UTC (cover_days; soma dias GMT tocados pela janela ~24h — alinhamento tipico a SMS Transactions / Insights Last 24h; totalprice pode diferir do cartao Total Spend),2026-07-27T10:08:43Z
NS,channels-whatsapp-conversation-utility,0,0,0.000000,StartDate=2026-07-26 EndDate=2026-07-27 UTC (cover_days; soma dias GMT tocados pela janela ~24h — alinhamento tipico a SMS Transactions / Insights Last 24h; totalprice pode diferir do cartao Total Spend),2026-07-27T10:08:43Z
NS,channels-whatsapp-inbound,0,0,0.000000,StartDate=2026-07-26 EndDate=2026-07-27 UTC (cover_days; soma dias GMT tocados pela janela ~24h — alinhamento tipico a SMS Transactions / Insights Last 24h; totalprice pode diferir do cartao Total Spend),2026-07-27T10:08:43Z
NS,channels-whatsapp-outbound,0,0,0.000000,StartDate=2026-07-26 EndDate=2026-07-27 UTC (cover_days; soma dias GMT tocados pela janela ~24h — alinhamento tipico a SMS Transactions / Insights Last 24h; totalprice pode diferir do cartao Total Spend),2026-07-27T10:08:43Z
NS,channels-whatsapp-template-authentication,0,0,0.000000,StartDate=2026-07-26 EndDate=2026-07-27 UTC (cover_days; soma dias GMT tocados pela janela ~24h — alinhamento tipico a SMS Transactions / Insights Last 24h; totalprice pode diferir do cartao Total Spend),2026-07-27T10:08:43Z
NS,channels-whatsapp-template-marketing,0,0,0.000000,StartDate=2026-07-26 EndDate=2026-07-27 UTC (cover_days; soma dias GMT tocados pela janela ~24h — alinhamento tipico a SMS Transactions / Insights Last 24h; totalprice pode diferir do cartao Total Spend),2026-07-27T10:08:43Z
NS,channels-whatsapp-template-service,0,0,0.000000,StartDate=2026-07-26 EndDate=2026-07-27 UTC (cover_days; soma dias GMT tocados pela janela ~24h — alinhamento tipico a SMS Transactions / Insights Last 24h; totalprice pode diferir do cartao Total Spend),2026-07-27T10:08:43Z
NS,channels-whatsapp-template-utility,0,0,0.000000,StartDate=2026-07-26 EndDate=2026-07-27 UTC (cover_days; soma dias GMT tocados pela janela ~24h — alinhamento tipico a SMS Transactions / Insights Last 24h; totalprice pode diferir do cartao Total Spend),2026-07-27T10:08:43Z
NS,chat-virtual-agent,0,0,0.000000,StartDate=2026-07-26 EndDate=2026-07-27 UTC (cover_days; soma dias GMT tocados pela janela ~24h — alinhamento tipico a SMS Transactions / Insights Last 24h; totalprice pode diferir do cartao Total Spend),2026-07-27T10:08:43Z
NS,conversation-ingestion,0,0,0.000000,StartDate=2026-07-26 EndDate=2026-07-27 UTC (cover_days; soma dias GMT tocados pela janela ~24h — alinhamento tipico a SMS Transactions / Insights Last 24h; totalprice pode diferir do cartao Total Spend),2026-07-27T10:08:43Z
NS,conversation-intelligence,0,0,0.000000,StartDate=2026-07-26 EndDate=2026-07-27 UTC (cover_days; soma dias GMT tocados pela janela ~24h — alinhamento tipico a SMS Transactions / Insights Last 24h; totalprice pode diferir do cartao Total Spend),2026-07-27T10:08:43Z
NS,conversation-memory,0,0,0.000000,StartDate=2026-07-26 EndDate=2026-07-27 UTC (cover_days; soma dias GMT tocados pela janela ~24h — alinhamento tipico a SMS Transactions / Insights Last 24h; totalprice pode diferir do cartao Total Spend),2026-07-27T10:08:43Z
NS,conversation-orchestrator,0,0,0.000000,StartDate=2026-07-26 EndDate=2026-07-27 UTC (cover_days; soma dias GMT tocados pela janela ~24h — alinhamento tipico a SMS Transactions / Insights Last 24h; totalprice pode diferir do cartao Total Spend),2026-07-27T10:08:43Z
NS,conversation-relay,0,0,0.000000,StartDate=2026-07-26 EndDate=2026-07-27 UTC (cover_days; soma dias GMT tocados pela janela ~24h — alinhamento tipico a SMS Transactions / Insights Last 24h; totalprice pode diferir do cartao Total Spend),2026-07-27T10:08:43Z
NS,conversations,0,0,0.000000,StartDate=2026-07-26 EndDate=2026-07-27 UTC (cover_days; soma dias GMT tocados pela janela ~24h — alinhamento tipico a SMS Transactions / Insights Last 24h; totalprice pode diferir do cartao Total Spend),2026-07-27T10:08:43Z
NS,conversations-api-requests,0,0,0.000000,StartDate=2026-07-26 EndDate=2026-07-27 UTC (cover_days; soma dias GMT tocados pela janela ~24h — alinhamento tipico a SMS Transactions / Insights Last 24h; totalprice pode diferir do cartao Total Spend),2026-07-27T10:08:43Z
NS,conversations-conversation-events,0,0,0.000000,StartDate=2026-07-26 EndDate=2026-07-27 UTC (cover_days; soma dias GMT tocados pela janela ~24h — alinhamento tipico a SMS Transactions / Insights Last 24h; totalprice pode diferir do cartao Total Spend),2026-07-27T10:08:43Z
NS,conversations-endpoint-connectivity,0,0,0.000000,StartDate=2026-07-26 EndDate=2026-07-27 UTC (cover_days; soma dias GMT tocados pela janela ~24h — alinhamento tipico a SMS Transactions / Insights Last 24h; totalprice pode diferir do cartao Total Spend),2026-07-27T10:08:43Z
NS,conversations-events,0,0,0.000000,StartDate=2026-07-26 EndDate=2026-07-27 UTC (cover_days; soma dias GMT tocados pela janela ~24h — alinhamento tipico a SMS Transactions / Insights Last 24h; totalprice pode diferir do cartao Total Spend),2026-07-27T10:08:43Z
NS,conversations-participant-events,0,0,0.000000,StartDate=2026-07-26 EndDate=2026-07-27 UTC (cover_days; soma dias GMT tocados pela janela ~24h — alinhamento tipico a SMS Transactions / Insights Last 24h; totalprice pode diferir do cartao Total Spend),2026-07-27T10:08:43Z
NS,conversations-participants,0,0,0.000000,StartDate=2026-07-26 EndDate=2026-07-27 UTC (cover_days; soma dias GMT tocados pela janela ~24h — alinhamento tipico a SMS Transactions / Insights Last 24h; totalprice pode diferir do cartao Total Spend),2026-07-27T10:08:43Z
NS,cps,0,0,0.000000,StartDate=2026-07-26 EndDate=2026-07-27 UTC (cover_days; soma dias GMT tocados pela janela ~24h — alinhamento tipico a SMS Transactions / Insights Last 24h; totalprice pode diferir do cartao Total Spend),2026-07-27T10:08:43Z
NS,credit-transfer,0,0,0.000000,StartDate=2026-07-26 EndDate=2026-07-27 UTC (cover_days; soma dias GMT tocados pela janela ~24h — alinhamento tipico a SMS Transactions / Insights Last 24h; totalprice pode diferir do cartao Total Spend),2026-07-27T10:08:43Z
NS,custom-language-operators-speed-input,0,0,0.000000,StartDate=2026-07-26 EndDate=2026-07-27 UTC (cover_days; soma dias GMT tocados pela janela ~24h — alinhamento tipico a SMS Transactions / Insights Last 24h; totalprice pode diferir do cartao Total Spend),2026-07-27T10:08:43Z
NS,custom-language-operators-speed-output,0,0,0.000000,StartDate=2026-07-26 EndDate=2026-07-27 UTC (cover_days; soma dias GMT tocados pela janela ~24h — alinhamento tipico a SMS Transactions / Insights Last 24h; totalprice pode diferir do cartao Total Spend),2026-07-27T10:08:43Z
NS,custom-number-services,0,0,0.000000,StartDate=2026-07-26 EndDate=2026-07-27 UTC (cover_days; soma dias GMT tocados pela janela ~24h — alinhamento tipico a SMS Transactions / Insights Last 24h; totalprice pode diferir do cartao Total Spend),2026-07-27T10:08:43Z
NS,email,0,0,0.000000,StartDate=2026-07-26 EndDate=2026-07-27 UTC (cover_days; soma dias GMT tocados pela janela ~24h — alinhamento tipico a SMS Transactions / Insights Last 24h; totalprice pode diferir do cartao Total Spend),2026-07-27T10:08:43Z
NS,email-sends,0,0,0.000000,StartDate=2026-07-26 EndDate=2026-07-27 UTC (cover_days; soma dias GMT tocados pela janela ~24h — alinhamento tipico a SMS Transactions / Insights Last 24h; totalprice pode diferir do cartao Total Spend),2026-07-27T10:08:43Z
NS,emerging-tech,0,0,0.000000,StartDate=2026-07-26 EndDate=2026-07-27 UTC (cover_days; soma dias GMT tocados pela janela ~24h — alinhamento tipico a SMS Transactions / Insights Last 24h; totalprice pode diferir do cartao Total Spend),2026-07-27T10:08:43Z
NS,engagement-suite-packaged-plans,0,0,0.000000,StartDate=2026-07-26 EndDate=2026-07-27 UTC (cover_days; soma dias GMT tocados pela janela ~24h — alinhamento tipico a SMS Transactions / Insights Last 24h; totalprice pode diferir do cartao Total Spend),2026-07-27T10:08:43Z
NS,enhanced-line-type-lookups,0,0,0.000000,StartDate=2026-07-26 EndDate=2026-07-27 UTC (cover_days; soma dias GMT tocados pela janela ~24h — alinhamento tipico a SMS Transactions / Insights Last 24h; totalprice pode diferir do cartao Total Spend),2026-07-27T10:08:43Z
NS,enterprise,0,0,0.000000,StartDate=2026-07-26 EndDate=2026-07-27 UTC (cover_days; soma dias GMT tocados pela janela ~24h — alinhamento tipico a SMS Transactions / Insights Last 24h; totalprice pode diferir do cartao Total Spend),2026-07-27T10:08:43Z
NS,enterprise-knowledge,0,0,0.000000,StartDate=2026-07-26 EndDate=2026-07-27 UTC (cover_days; soma dias GMT tocados pela janela ~24h — alinhamento tipico a SMS Transactions / Insights Last 24h; totalprice pode diferir do cartao Total Spend),2026-07-27T10:08:43Z
NS,events,0,0,0.000000,StartDate=2026-07-26 EndDate=2026-07-27 UTC (cover_days; soma dias GMT tocados pela janela ~24h — alinhamento tipico a SMS Transactions / Insights Last 24h; totalprice pode diferir do cartao Total Spend),2026-07-27T10:08:43Z
NS,experiment-france-sms,0,0,0.000000,StartDate=2026-07-26 EndDate=2026-07-27 UTC (cover_days; soma dias GMT tocados pela janela ~24h — alinhamento tipico a SMS Transactions / Insights Last 24h; totalprice pode diferir do cartao Total Spend),2026-07-27T10:08:43Z
NS,experiment-india-sms,0,0,0.000000,StartDate=2026-07-26 EndDate=2026-07-27 UTC (cover_days; soma dias GMT tocados pela janela ~24h — alinhamento tipico a SMS Transactions / Insights Last 24h; totalprice pode diferir do cartao Total Spend),2026-07-27T10:08:43Z
NS,experiment-uk-sms,0,0,0.000000,StartDate=2026-07-26 EndDate=2026-07-27 UTC (cover_days; soma dias GMT tocados pela janela ~24h — alinhamento tipico a SMS Transactions / Insights Last 24h; totalprice pode diferir do cartao Total Spend),2026-07-27T10:08:43Z
NS,flex,0,0,0.000000,StartDate=2026-07-26 EndDate=2026-07-27 UTC (cover_days; soma dias GMT tocados pela janela ~24h — alinhamento tipico a SMS Transactions / Insights Last 24h; totalprice pode diferir do cartao Total Spend),2026-07-27T10:08:43Z
NS,flex-active-user-hours,0,0,0.000000,StartDate=2026-07-26 EndDate=2026-07-27 UTC (cover_days; soma dias GMT tocados pela janela ~24h — alinhamento tipico a SMS Transactions / Insights Last 24h; totalprice pode diferir do cartao Total Spend),2026-07-27T10:08:43Z
NS,flex-concurrent-users,0,0,0.000000,StartDate=2026-07-26 EndDate=2026-07-27 UTC (cover_days; soma dias GMT tocados pela janela ~24h — alinhamento tipico a SMS Transactions / Insights Last 24h; totalprice pode diferir do cartao Total Spend),2026-07-27T10:08:43Z
NS,flex-connectivity,0,0,0.000000,StartDate=2026-07-26 EndDate=2026-07-27 UTC (cover_days; soma dias GMT tocados pela janela ~24h — alinhamento tipico a SMS Transactions / Insights Last 24h; totalprice pode diferir do cartao Total Spend),2026-07-27T10:08:43Z
NS,flex-conversational-insights,0,0,0.000000,StartDate=2026-07-26 EndDate=2026-07-27 UTC (cover_days; soma dias GMT tocados pela janela ~24h — alinhamento tipico a SMS Transactions / Insights Last 24h; totalprice pode diferir do cartao Total Spend),2026-07-27T10:08:43Z
NS,flex-conversational-insights-messages,0,0,0.000000,StartDate=2026-07-26 EndDate=2026-07-27 UTC (cover_days; soma dias GMT tocados pela janela ~24h — alinhamento tipico a SMS Transactions / Insights Last 24h; totalprice pode diferir do cartao Total Spend),2026-07-27T10:08:43Z
NS,flex-conversational-insights-voice-minutes,0,0,0.000000,StartDate=2026-07-26 EndDate=2026-07-27 UTC (cover_days; soma dias GMT tocados pela janela ~24h — alinhamento tipico a SMS Transactions / Insights Last 24h; totalprice pode diferir do cartao Total Spend),2026-07-27T10:08:43Z
NS,flex-email-usage,0,0,0.000000,StartDate=2026-07-26 EndDate=2026-07-27 UTC (cover_days; soma dias GMT tocados pela janela ~24h — alinhamento tipico a SMS Transactions / Insights Last 24h; totalprice pode diferir do cartao Total Spend),2026-07-27T10:08:43Z
NS,flex-messaging-usage,0,0,0.000000,StartDate=2026-07-26 EndDate=2026-07-27 UTC (cover_days; soma dias GMT tocados pela janela ~24h — alinhamento tipico a SMS Transactions / Insights Last 24h; totalprice pode diferir do cartao Total Spend),2026-07-27T10:08:43Z
NS,flex-partner-spinsci,0,0,0.000000,StartDate=2026-07-26 EndDate=2026-07-27 UTC (cover_days; soma dias GMT tocados pela janela ~24h — alinhamento tipico a SMS Transactions / Insights Last 24h; totalprice pode diferir do cartao Total Spend),2026-07-27T10:08:43Z
NS,flex-partner-xcelerate,0,0,0.000000,StartDate=2026-07-26 EndDate=2026-07-27 UTC (cover_days; soma dias GMT tocados pela janela ~24h — alinhamento tipico a SMS Transactions / Insights Last 24h; totalprice pode diferir do cartao Total Spend),2026-07-27T10:08:43Z
NS,flex-reseller-ecosystem,0,0,0.000000,StartDate=2026-07-26 EndDate=2026-07-27 UTC (cover_days; soma dias GMT tocados pela janela ~24h — alinhamento tipico a SMS Transactions / Insights Last 24h; totalprice pode diferir do cartao Total Spend),2026-07-27T10:08:43Z
NS,flex-unique-user,0,0,0.000000,StartDate=2026-07-26 EndDate=2026-07-27 UTC (cover_days; soma dias GMT tocados pela janela ~24h — alinhamento tipico a SMS Transactions / Insights Last 24h; totalprice pode diferir do cartao Total Spend),2026-07-27T10:08:43Z
NS,flex-usage,0,0,0.000000,StartDate=2026-07-26 EndDate=2026-07-27 UTC (cover_days; soma dias GMT tocados pela janela ~24h — alinhamento tipico a SMS Transactions / Insights Last 24h; totalprice pode diferir do cartao Total Spend),2026-07-27T10:08:43Z
NS,flex-users,0,0,0.000000,StartDate=2026-07-26 EndDate=2026-07-27 UTC (cover_days; soma dias GMT tocados pela janela ~24h — alinhamento tipico a SMS Transactions / Insights Last 24h; totalprice pode diferir do cartao Total Spend),2026-07-27T10:08:43Z
NS,flex-voice-minute,0,0,0.000000,StartDate=2026-07-26 EndDate=2026-07-27 UTC (cover_days; soma dias GMT tocados pela janela ~24h — alinhamento tipico a SMS Transactions / Insights Last 24h; totalprice pode diferir do cartao Total Spend),2026-07-27T10:08:43Z
NS,flex-ytica,0,0,0.000000,StartDate=2026-07-26 EndDate=2026-07-27 UTC (cover_days; soma dias GMT tocados pela janela ~24h — alinhamento tipico a SMS Transactions / Insights Last 24h; totalprice pode diferir do cartao Total Spend),2026-07-27T10:08:43Z
NS,fraud-lookups,0,0,0.000000,StartDate=2026-07-26 EndDate=2026-07-27 UTC (cover_days; soma dias GMT tocados pela janela ~24h — alinhamento tipico a SMS Transactions / Insights Last 24h; totalprice pode diferir do cartao Total Spend),2026-07-27T10:08:43Z
NS,frontline,0,0,0.000000,StartDate=2026-07-26 EndDate=2026-07-27 UTC (cover_days; soma dias GMT tocados pela janela ~24h — alinhamento tipico a SMS Transactions / Insights Last 24h; totalprice pode diferir do cartao Total Spend),2026-07-27T10:08:43Z
NS,frontline-users,0,0,0.000000,StartDate=2026-07-26 EndDate=2026-07-27 UTC (cover_days; soma dias GMT tocados pela janela ~24h — alinhamento tipico a SMS Transactions / Insights Last 24h; totalprice pode diferir do cartao Total Spend),2026-07-27T10:08:43Z
NS,functions,0,0,0.000000,StartDate=2026-07-26 EndDate=2026-07-27 UTC (cover_days; soma dias GMT tocados pela janela ~24h — alinhamento tipico a SMS Transactions / Insights Last 24h; totalprice pode diferir do cartao Total Spend),2026-07-27T10:08:43Z
NS,generic-pay-transactions,0,0,0.000000,StartDate=2026-07-26 EndDate=2026-07-27 UTC (cover_days; soma dias GMT tocados pela janela ~24h — alinhamento tipico a SMS Transactions / Insights Last 24h; totalprice pode diferir do cartao Total Spend),2026-07-27T10:08:43Z
NS,group-rooms,0,0,0.000000,StartDate=2026-07-26 EndDate=2026-07-27 UTC (cover_days; soma dias GMT tocados pela janela ~24h — alinhamento tipico a SMS Transactions / Insights Last 24h; totalprice pode diferir do cartao Total Spend),2026-07-27T10:08:43Z
NS,group-rooms-data-track,0,0,0.000000,StartDate=2026-07-26 EndDate=2026-07-27 UTC (cover_days; soma dias GMT tocados pela janela ~24h — alinhamento tipico a SMS Transactions / Insights Last 24h; totalprice pode diferir do cartao Total Spend),2026-07-27T10:08:43Z
NS,group-rooms-encrypted-media-recorded,0,0,0.000000,StartDate=2026-07-26 EndDate=2026-07-27 UTC (cover_days; soma dias GMT tocados pela janela ~24h — alinhamento tipico a SMS Transactions / Insights Last 24h; totalprice pode diferir do cartao Total Spend),2026-07-27T10:08:43Z
NS,group-rooms-media-downloaded,0,0,0.000000,StartDate=2026-07-26 EndDate=2026-07-27 UTC (cover_days; soma dias GMT tocados pela janela ~24h — alinhamento tipico a SMS Transactions / Insights Last 24h; totalprice pode diferir do cartao Total Spend),2026-07-27T10:08:43Z
NS,group-rooms-media-recorded,0,0,0.000000,StartDate=2026-07-26 EndDate=2026-07-27 UTC (cover_days; soma dias GMT tocados pela janela ~24h — alinhamento tipico a SMS Transactions / Insights Last 24h; totalprice pode diferir do cartao Total Spend),2026-07-27T10:08:43Z
NS,group-rooms-media-routed,0,0,0.000000,StartDate=2026-07-26 EndDate=2026-07-27 UTC (cover_days; soma dias GMT tocados pela janela ~24h — alinhamento tipico a SMS Transactions / Insights Last 24h; totalprice pode diferir do cartao Total Spend),2026-07-27T10:08:43Z
NS,group-rooms-media-stored,0,0,0.000000,StartDate=2026-07-26 EndDate=2026-07-27 UTC (cover_days; soma dias GMT tocados pela janela ~24h — alinhamento tipico a SMS Transactions / Insights Last 24h; totalprice pode diferir do cartao Total Spend),2026-07-27T10:08:43Z
NS,group-rooms-participant-minutes,0,0,0.000000,StartDate=2026-07-26 EndDate=2026-07-27 UTC (cover_days; soma dias GMT tocados pela janela ~24h — alinhamento tipico a SMS Transactions / Insights Last 24h; totalprice pode diferir do cartao Total Spend),2026-07-27T10:08:43Z
NS,group-rooms-recorded-minutes,0,0,0.000000,StartDate=2026-07-26 EndDate=2026-07-27 UTC (cover_days; soma dias GMT tocados pela janela ~24h — alinhamento tipico a SMS Transactions / Insights Last 24h; totalprice pode diferir do cartao Total Spend),2026-07-27T10:08:43Z
NS,ip-messaging,0,0,0.000000,StartDate=2026-07-26 EndDate=2026-07-27 UTC (cover_days; soma dias GMT tocados pela janela ~24h — alinhamento tipico a SMS Transactions / Insights Last 24h; totalprice pode diferir do cartao Total Spend),2026-07-27T10:08:43Z
NS,ip-messaging-commands,0,0,0.000000,StartDate=2026-07-26 EndDate=2026-07-27 UTC (cover_days; soma dias GMT tocados pela janela ~24h — alinhamento tipico a SMS Transactions / Insights Last 24h; totalprice pode diferir do cartao Total Spend),2026-07-27T10:08:43Z
NS,ip-messaging-data-storage,0,0,0.000000,StartDate=2026-07-26 EndDate=2026-07-27 UTC (cover_days; soma dias GMT tocados pela janela ~24h — alinhamento tipico a SMS Transactions / Insights Last 24h; totalprice pode diferir do cartao Total Spend),2026-07-27T10:08:43Z
NS,ip-messaging-data-transfer,0,0,0.000000,StartDate=2026-07-26 EndDate=2026-07-27 UTC (cover_days; soma dias GMT tocados pela janela ~24h — alinhamento tipico a SMS Transactions / Insights Last 24h; totalprice pode diferir do cartao Total Spend),2026-07-27T10:08:43Z
NS,ip-messaging-endpoint-connectivity,0,0,0.000000,StartDate=2026-07-26 EndDate=2026-07-27 UTC (cover_days; soma dias GMT tocados pela janela ~24h — alinhamento tipico a SMS Transactions / Insights Last 24h; totalprice pode diferir do cartao Total Spend),2026-07-27T10:08:43Z
NS,ivr-virtual-agent-custom-voices,0,0,0.000000,StartDate=2026-07-26 EndDate=2026-07-27 UTC (cover_days; soma dias GMT tocados pela janela ~24h — alinhamento tipico a SMS Transactions / Insights Last 24h; totalprice pode diferir do cartao Total Spend),2026-07-27T10:08:43Z
NS,ivr-virtual-agent-genai,0,0,0.000000,StartDate=2026-07-26 EndDate=2026-07-27 UTC (cover_days; soma dias GMT tocados pela janela ~24h — alinhamento tipico a SMS Transactions / Insights Last 24h; totalprice pode diferir do cartao Total Spend),2026-07-27T10:08:43Z
NS,knowledge-retrieval,0,0,0.000000,StartDate=2026-07-26 EndDate=2026-07-27 UTC (cover_days; soma dias GMT tocados pela janela ~24h — alinhamento tipico a SMS Transactions / Insights Last 24h; totalprice pode diferir do cartao Total Spend),2026-07-27T10:08:43Z
NS,knowledge-storage,0,0,0.000000,StartDate=2026-07-26 EndDate=2026-07-27 UTC (cover_days; soma dias GMT tocados pela janela ~24h — alinhamento tipico a SMS Transactions / Insights Last 24h; totalprice pode diferir do cartao Total Spend),2026-07-27T10:08:43Z
NS,line-status-lookups,0,0,0.000000,StartDate=2026-07-26 EndDate=2026-07-27 UTC (cover_days; soma dias GMT tocados pela janela ~24h — alinhamento tipico a SMS Transactions / Insights Last 24h; totalprice pode diferir do cartao Total Spend),2026-07-27T10:08:43Z
NS,live-activity-lookups,0,0,0.000000,StartDate=2026-07-26 EndDate=2026-07-27 UTC (cover_days; soma dias GMT tocados pela janela ~24h — alinhamento tipico a SMS Transactions / Insights Last 24h; totalprice pode diferir do cartao Total Spend),2026-07-27T10:08:43Z
NS,lookup-bucket-adjustment,0,0,0.000000,StartDate=2026-07-26 EndDate=2026-07-27 UTC (cover_days; soma dias GMT tocados pela janela ~24h — alinhamento tipico a SMS Transactions / Insights Last 24h; totalprice pode diferir do cartao Total Spend),2026-07-27T10:08:43Z
NS,lookup-identity-match,0,0,0.000000,StartDate=2026-07-26 EndDate=2026-07-27 UTC (cover_days; soma dias GMT tocados pela janela ~24h — alinhamento tipico a SMS Transactions / Insights Last 24h; totalprice pode diferir do cartao Total Spend),2026-07-27T10:08:43Z
NS,lookups,0,0,0.000000,StartDate=2026-07-26 EndDate=2026-07-27 UTC (cover_days; soma dias GMT tocados pela janela ~24h — alinhamento tipico a SMS Transactions / Insights Last 24h; totalprice pode diferir do cartao Total Spend),2026-07-27T10:08:43Z
NS,marketplace,0,0,0.000000,StartDate=2026-07-26 EndDate=2026-07-27 UTC (cover_days; soma dias GMT tocados pela janela ~24h — alinhamento tipico a SMS Transactions / Insights Last 24h; totalprice pode diferir do cartao Total Spend),2026-07-27T10:08:43Z
NS,marketplace-algorithmia-named-entity-recognition,0,0,0.000000,StartDate=2026-07-26 EndDate=2026-07-27 UTC (cover_days; soma dias GMT tocados pela janela ~24h — alinhamento tipico a SMS Transactions / Insights Last 24h; totalprice pode diferir do cartao Total Spend),2026-07-27T10:08:43Z
NS,marketplace-bot-msg.ai-deliveryaware,0,0,0.000000,StartDate=2026-07-26 EndDate=2026-07-27 UTC (cover_days; soma dias GMT tocados pela janela ~24h — alinhamento tipico a SMS Transactions / Insights Last 24h; totalprice pode diferir do cartao Total Spend),2026-07-27T10:08:43Z
NS,marketplace-cadence-transcription,0,0,0.000000,StartDate=2026-07-26 EndDate=2026-07-27 UTC (cover_days; soma dias GMT tocados pela janela ~24h — alinhamento tipico a SMS Transactions / Insights Last 24h; totalprice pode diferir do cartao Total Spend),2026-07-27T10:08:43Z
NS,marketplace-cadence-translation,0,0,0.000000,StartDate=2026-07-26 EndDate=2026-07-27 UTC (cover_days; soma dias GMT tocados pela janela ~24h — alinhamento tipico a SMS Transactions / Insights Last 24h; totalprice pode diferir do cartao Total Spend),2026-07-27T10:08:43Z
NS,marketplace-capio-speech-to-text,0,0,0.000000,StartDate=2026-07-26 EndDate=2026-07-27 UTC (cover_days; soma dias GMT tocados pela janela ~24h — alinhamento tipico a SMS Transactions / Insights Last 24h; totalprice pode diferir do cartao Total Spend),2026-07-27T10:08:43Z
NS,marketplace-convriza-ababa,0,0,0.000000,StartDate=2026-07-26 EndDate=2026-07-27 UTC (cover_days; soma dias GMT tocados pela janela ~24h — alinhamento tipico a SMS Transactions / Insights Last 24h; totalprice pode diferir do cartao Total Spend),2026-07-27T10:08:43Z
NS,marketplace-deepgram-phrase-detector,0,0,0.000000,StartDate=2026-07-26 EndDate=2026-07-27 UTC (cover_days; soma dias GMT tocados pela janela ~24h — alinhamento tipico a SMS Transactions / Insights Last 24h; totalprice pode diferir do cartao Total Spend),2026-07-27T10:08:43Z
NS,marketplace-deepgram-transcription,0,0,0.000000,StartDate=2026-07-26 EndDate=2026-07-27 UTC (cover_days; soma dias GMT tocados pela janela ~24h — alinhamento tipico a SMS Transactions / Insights Last 24h; totalprice pode diferir do cartao Total Spend),2026-07-27T10:08:43Z
NS,marketplace-deepgram-transcription-base,0,0,0.000000,StartDate=2026-07-26 EndDate=2026-07-27 UTC (cover_days; soma dias GMT tocados pela janela ~24h — alinhamento tipico a SMS Transactions / Insights Last 24h; totalprice pode diferir do cartao Total Spend),2026-07-27T10:08:43Z
NS,marketplace-deepgram-transscription-enhanced,0,0,0.000000,StartDate=2026-07-26 EndDate=2026-07-27 UTC (cover_days; soma dias GMT tocados pela janela ~24h — alinhamento tipico a SMS Transactions / Insights Last 24h; totalprice pode diferir do cartao Total Spend),2026-07-27T10:08:43Z
NS,marketplace-digital-segment-business-info,0,0,0.000000,StartDate=2026-07-26 EndDate=2026-07-27 UTC (cover_days; soma dias GMT tocados pela janela ~24h — alinhamento tipico a SMS Transactions / Insights Last 24h; totalprice pode diferir do cartao Total Spend),2026-07-27T10:08:43Z
NS,marketplace-facebook-offline-conversions,0,0,0.000000,StartDate=2026-07-26 EndDate=2026-07-27 UTC (cover_days; soma dias GMT tocados pela janela ~24h — alinhamento tipico a SMS Transactions / Insights Last 24h; totalprice pode diferir do cartao Total Spend),2026-07-27T10:08:43Z
NS,marketplace-google-speech-to-text,0,0,0.000000,StartDate=2026-07-26 EndDate=2026-07-27 UTC (cover_days; soma dias GMT tocados pela janela ~24h — alinhamento tipico a SMS Transactions / Insights Last 24h; totalprice pode diferir do cartao Total Spend),2026-07-27T10:08:43Z
NS,marketplace-ibm-watson-message-insights,0,0,0.000000,StartDate=2026-07-26 EndDate=2026-07-27 UTC (cover_days; soma dias GMT tocados pela janela ~24h — alinhamento tipico a SMS Transactions / Insights Last 24h; totalprice pode diferir do cartao Total Spend),2026-07-27T10:08:43Z
NS,marketplace-ibm-watson-message-sentiment,0,0,0.000000,StartDate=2026-07-26 EndDate=2026-07-27 UTC (cover_days; soma dias GMT tocados pela janela ~24h — alinhamento tipico a SMS Transactions / Insights Last 24h; totalprice pode diferir do cartao Total Spend),2026-07-27T10:08:43Z
NS,marketplace-ibm-watson-recording-analysis,0,0,0.000000,StartDate=2026-07-26 EndDate=2026-07-27 UTC (cover_days; soma dias GMT tocados pela janela ~24h — alinhamento tipico a SMS Transactions / Insights Last 24h; totalprice pode diferir do cartao Total Spend),2026-07-27T10:08:43Z
NS,marketplace-ibm-watson-tone-analyzer,0,0,0.000000,StartDate=2026-07-26 EndDate=2026-07-27 UTC (cover_days; soma dias GMT tocados pela janela ~24h — alinhamento tipico a SMS Transactions / Insights Last 24h; totalprice pode diferir do cartao Total Spend),2026-07-27T10:08:43Z
NS,marketplace-icehook-systems-scout,0,0,0.000000,StartDate=2026-07-26 EndDate=2026-07-27 UTC (cover_days; soma dias GMT tocados pela janela ~24h — alinhamento tipico a SMS Transactions / Insights Last 24h; totalprice pode diferir do cartao Total Spend),2026-07-27T10:08:43Z
NS,marketplace-infogroup-dataaxle-bizinfo,0,0,0.000000,StartDate=2026-07-26 EndDate=2026-07-27 UTC (cover_days; soma dias GMT tocados pela janela ~24h — alinhamento tipico a SMS Transactions / Insights Last 24h; totalprice pode diferir do cartao Total Spend),2026-07-27T10:08:43Z
NS,marketplace-keen-io-contact-center-analytics,0,0,0.000000,StartDate=2026-07-26 EndDate=2026-07-27 UTC (cover_days; soma dias GMT tocados pela janela ~24h — alinhamento tipico a SMS Transactions / Insights Last 24h; totalprice pode diferir do cartao Total Spend),2026-07-27T10:08:43Z
NS,marketplace-marchex-cleancall,0,0,0.000000,StartDate=2026-07-26 EndDate=2026-07-27 UTC (cover_days; soma dias GMT tocados pela janela ~24h — alinhamento tipico a SMS Transactions / Insights Last 24h; totalprice pode diferir do cartao Total Spend),2026-07-27T10:08:43Z
NS,marketplace-marchex-recording-analysis,0,0,0.000000,StartDate=2026-07-26 EndDate=2026-07-27 UTC (cover_days; soma dias GMT tocados pela janela ~24h — alinhamento tipico a SMS Transactions / Insights Last 24h; totalprice pode diferir do cartao Total Spend),2026-07-27T10:08:43Z
NS,marketplace-marchex-sentiment-analysis-for-sms,0,0,0.000000,StartDate=2026-07-26 EndDate=2026-07-27 UTC (cover_days; soma dias GMT tocados pela janela ~24h — alinhamento tipico a SMS Transactions / Insights Last 24h; totalprice pode diferir do cartao Total Spend),2026-07-27T10:08:43Z
NS,marketplace-marketplace-nextcaller-social-id,0,0,0.000000,StartDate=2026-07-26 EndDate=2026-07-27 UTC (cover_days; soma dias GMT tocados pela janela ~24h — alinhamento tipico a SMS Transactions / Insights Last 24h; totalprice pode diferir do cartao Total Spend),2026-07-27T10:08:43Z
NS,marketplace-mobile-commons-opt-out-classifier,0,0,0.000000,StartDate=2026-07-26 EndDate=2026-07-27 UTC (cover_days; soma dias GMT tocados pela janela ~24h — alinhamento tipico a SMS Transactions / Insights Last 24h; totalprice pode diferir do cartao Total Spend),2026-07-27T10:08:43Z
NS,marketplace-msg.ai-deliveryaware,0,0,0.000000,StartDate=2026-07-26 EndDate=2026-07-27 UTC (cover_days; soma dias GMT tocados pela janela ~24h — alinhamento tipico a SMS Transactions / Insights Last 24h; totalprice pode diferir do cartao Total Spend),2026-07-27T10:08:43Z
NS,marketplace-nexiwave-voicemail-to-text,0,0,0.000000,StartDate=2026-07-26 EndDate=2026-07-27 UTC (cover_days; soma dias GMT tocados pela janela ~24h — alinhamento tipico a SMS Transactions / Insights Last 24h; totalprice pode diferir do cartao Total Spend),2026-07-27T10:08:43Z
NS,marketplace-nextcaller-advanced-caller-identification,0,0,0.000000,StartDate=2026-07-26 EndDate=2026-07-27 UTC (cover_days; soma dias GMT tocados pela janela ~24h — alinhamento tipico a SMS Transactions / Insights Last 24h; totalprice pode diferir do cartao Total Spend),2026-07-27T10:08:43Z
NS,marketplace-nomorobo-spam-score,0,0,0.000000,StartDate=2026-07-26 EndDate=2026-07-27 UTC (cover_days; soma dias GMT tocados pela janela ~24h — alinhamento tipico a SMS Transactions / Insights Last 24h; totalprice pode diferir do cartao Total Spend),2026-07-27T10:08:43Z
NS,marketplace-pay-addons,0,0,0.000000,StartDate=2026-07-26 EndDate=2026-07-27 UTC (cover_days; soma dias GMT tocados pela janela ~24h — alinhamento tipico a SMS Transactions / Insights Last 24h; totalprice pode diferir do cartao Total Spend),2026-07-27T10:08:43Z
NS,marketplace-pay-addons-basecommerce-pay-connector,0,0,0.000000,StartDate=2026-07-26 EndDate=2026-07-27 UTC (cover_days; soma dias GMT tocados pela janela ~24h — alinhamento tipico a SMS Transactions / Insights Last 24h; totalprice pode diferir do cartao Total Spend),2026-07-27T10:08:43Z
NS,marketplace-pay-addons-braintree-pay-connector,0,0,0.000000,StartDate=2026-07-26 EndDate=2026-07-27 UTC (cover_days; soma dias GMT tocados pela janela ~24h — alinhamento tipico a SMS Transactions / Insights Last 24h; totalprice pode diferir do cartao Total Spend),2026-07-27T10:08:43Z
NS,marketplace-pay-addons-cardconnect-pay-connector,0,0,0.000000,StartDate=2026-07-26 EndDate=2026-07-27 UTC (cover_days; soma dias GMT tocados pela janela ~24h — alinhamento tipico a SMS Transactions / Insights Last 24h; totalprice pode diferir do cartao Total Spend),2026-07-27T10:08:43Z
NS,marketplace-pay-addons-chase-pay-connector,0,0,0.000000,StartDate=2026-07-26 EndDate=2026-07-27 UTC (cover_days; soma dias GMT tocados pela janela ~24h — alinhamento tipico a SMS Transactions / Insights Last 24h; totalprice pode diferir do cartao Total Spend),2026-07-27T10:08:43Z
NS,marketplace-pay-addons-shuttle-pay-connector,0,0,0.000000,StartDate=2026-07-26 EndDate=2026-07-27 UTC (cover_days; soma dias GMT tocados pela janela ~24h — alinhamento tipico a SMS Transactions / Insights Last 24h; totalprice pode diferir do cartao Total Spend),2026-07-27T10:08:43Z
NS,marketplace-pay-addons-stripe-pay-connector,0,0,0.000000,StartDate=2026-07-26 EndDate=2026-07-27 UTC (cover_days; soma dias GMT tocados pela janela ~24h — alinhamento tipico a SMS Transactions / Insights Last 24h; totalprice pode diferir do cartao Total Spend),2026-07-27T10:08:43Z
NS,marketplace-payfone-tcpa-compliance,0,0,0.000000,StartDate=2026-07-26 EndDate=2026-07-27 UTC (cover_days; soma dias GMT tocados pela janela ~24h — alinhamento tipico a SMS Transactions / Insights Last 24h; totalprice pode diferir do cartao Total Spend),2026-07-27T10:08:43Z
NS,marketplace-poly-ai-connector,0,0,0.000000,StartDate=2026-07-26 EndDate=2026-07-27 UTC (cover_days; soma dias GMT tocados pela janela ~24h — alinhamento tipico a SMS Transactions / Insights Last 24h; totalprice pode diferir do cartao Total Spend),2026-07-27T10:08:43Z
NS,marketplace-realphonevalidation,0,0,0.000000,StartDate=2026-07-26 EndDate=2026-07-27 UTC (cover_days; soma dias GMT tocados pela janela ~24h — alinhamento tipico a SMS Transactions / Insights Last 24h; totalprice pode diferir do cartao Total Spend),2026-07-27T10:08:43Z
NS,marketplace-remeeting-automatic-speech-recognition,0,0,0.000000,StartDate=2026-07-26 EndDate=2026-07-27 UTC (cover_days; soma dias GMT tocados pela janela ~24h — alinhamento tipico a SMS Transactions / Insights Last 24h; totalprice pode diferir do cartao Total Spend),2026-07-27T10:08:43Z
NS,marketplace-spoke-phone-license-pro,0,0,0.000000,StartDate=2026-07-26 EndDate=2026-07-27 UTC (cover_days; soma dias GMT tocados pela janela ~24h — alinhamento tipico a SMS Transactions / Insights Last 24h; totalprice pode diferir do cartao Total Spend),2026-07-27T10:08:43Z
NS,marketplace-spoke-phone-license-standard,0,0,0.000000,StartDate=2026-07-26 EndDate=2026-07-27 UTC (cover_days; soma dias GMT tocados pela janela ~24h — alinhamento tipico a SMS Transactions / Insights Last 24h; totalprice pode diferir do cartao Total Spend),2026-07-27T10:08:43Z
NS,marketplace-tcpa-defense-solutions-blacklist-feed,0,0,0.000000,StartDate=2026-07-26 EndDate=2026-07-27 UTC (cover_days; soma dias GMT tocados pela janela ~24h — alinhamento tipico a SMS Transactions / Insights Last 24h; totalprice pode diferir do cartao Total Spend),2026-07-27T10:08:43Z
NS,marketplace-telo-opencnam,0,0,0.000000,StartDate=2026-07-26 EndDate=2026-07-27 UTC (cover_days; soma dias GMT tocados pela janela ~24h — alinhamento tipico a SMS Transactions / Insights Last 24h; totalprice pode diferir do cartao Total Spend),2026-07-27T10:08:43Z
NS,marketplace-trestle-solutions-caller-identification,0,0,0.000000,StartDate=2026-07-26 EndDate=2026-07-27 UTC (cover_days; soma dias GMT tocados pela janela ~24h — alinhamento tipico a SMS Transactions / Insights Last 24h; totalprice pode diferir do cartao Total Spend),2026-07-27T10:08:43Z
NS,marketplace-truecnam-true-spam,0,0,0.000000,StartDate=2026-07-26 EndDate=2026-07-27 UTC (cover_days; soma dias GMT tocados pela janela ~24h — alinhamento tipico a SMS Transactions / Insights Last 24h; totalprice pode diferir do cartao Total Spend),2026-07-27T10:08:43Z
NS,marketplace-twilio-caller-name-lookup-us,0,0,0.000000,StartDate=2026-07-26 EndDate=2026-07-27 UTC (cover_days; soma dias GMT tocados pela janela ~24h — alinhamento tipico a SMS Transactions / Insights Last 24h; totalprice pode diferir do cartao Total Spend),2026-07-27T10:08:43Z
NS,marketplace-twilio-carrier-information-lookup,0,0,0.000000,StartDate=2026-07-26 EndDate=2026-07-27 UTC (cover_days; soma dias GMT tocados pela janela ~24h — alinhamento tipico a SMS Transactions / Insights Last 24h; totalprice pode diferir do cartao Total Spend),2026-07-27T10:08:43Z
NS,marketplace-voicebase-pci,0,0,0.000000,StartDate=2026-07-26 EndDate=2026-07-27 UTC (cover_days; soma dias GMT tocados pela janela ~24h — alinhamento tipico a SMS Transactions / Insights Last 24h; totalprice pode diferir do cartao Total Spend),2026-07-27T10:08:43Z
NS,marketplace-voicebase-transcription,0,0,0.000000,StartDate=2026-07-26 EndDate=2026-07-27 UTC (cover_days; soma dias GMT tocados pela janela ~24h — alinhamento tipico a SMS Transactions / Insights Last 24h; totalprice pode diferir do cartao Total Spend),2026-07-27T10:08:43Z
NS,marketplace-voicebase-transcription-custom-vocabulary,0,0,0.000000,StartDate=2026-07-26 EndDate=2026-07-27 UTC (cover_days; soma dias GMT tocados pela janela ~24h — alinhamento tipico a SMS Transactions / Insights Last 24h; totalprice pode diferir do cartao Total Spend),2026-07-27T10:08:43Z
NS,marketplace-web-purify-profanity-filter,0,0,0.000000,StartDate=2026-07-26 EndDate=2026-07-27 UTC (cover_days; soma dias GMT tocados pela janela ~24h — alinhamento tipico a SMS Transactions / Insights Last 24h; totalprice pode diferir do cartao Total Spend),2026-07-27T10:08:43Z
NS,marketplace-whitepages-pro-caller-identification,0,0,0.000000,StartDate=2026-07-26 EndDate=2026-07-27 UTC (cover_days; soma dias GMT tocados pela janela ~24h — alinhamento tipico a SMS Transactions / Insights Last 24h; totalprice pode diferir do cartao Total Spend),2026-07-27T10:08:43Z
NS,marketplace-whitepages-pro-phone-intelligence,0,0,0.000000,StartDate=2026-07-26 EndDate=2026-07-27 UTC (cover_days; soma dias GMT tocados pela janela ~24h — alinhamento tipico a SMS Transactions / Insights Last 24h; totalprice pode diferir do cartao Total Spend),2026-07-27T10:08:43Z
NS,marketplace-whitepages-pro-phone-reputation,0,0,0.000000,StartDate=2026-07-26 EndDate=2026-07-27 UTC (cover_days; soma dias GMT tocados pela janela ~24h — alinhamento tipico a SMS Transactions / Insights Last 24h; totalprice pode diferir do cartao Total Spend),2026-07-27T10:08:43Z
NS,marketplace-wolfarm-spoken-results,0,0,0.000000,StartDate=2026-07-26 EndDate=2026-07-27 UTC (cover_days; soma dias GMT tocados pela janela ~24h — alinhamento tipico a SMS Transactions / Insights Last 24h; totalprice pode diferir do cartao Total Spend),2026-07-27T10:08:43Z
NS,marketplace-wolfram-short-answer,0,0,0.000000,StartDate=2026-07-26 EndDate=2026-07-27 UTC (cover_days; soma dias GMT tocados pela janela ~24h — alinhamento tipico a SMS Transactions / Insights Last 24h; totalprice pode diferir do cartao Total Spend),2026-07-27T10:08:43Z
NS,marketplace-ytica-contact-center-reporting-analytics,0,0,0.000000,StartDate=2026-07-26 EndDate=2026-07-27 UTC (cover_days; soma dias GMT tocados pela janela ~24h — alinhamento tipico a SMS Transactions / Insights Last 24h; totalprice pode diferir do cartao Total Spend),2026-07-27T10:08:43Z
NS,marketplay-pay-addons-shuttle-pay-connector,0,0,0.000000,StartDate=2026-07-26 EndDate=2026-07-27 UTC (cover_days; soma dias GMT tocados pela janela ~24h — alinhamento tipico a SMS Transactions / Insights Last 24h; totalprice pode diferir do cartao Total Spend),2026-07-27T10:08:43Z
NS,media-composer-minutes,0,0,0.000000,StartDate=2026-07-26 EndDate=2026-07-27 UTC (cover_days; soma dias GMT tocados pela janela ~24h — alinhamento tipico a SMS Transactions / Insights Last 24h; totalprice pode diferir do cartao Total Spend),2026-07-27T10:08:43Z
NS,mediastorage,0,0,0.000000,StartDate=2026-07-26 EndDate=2026-07-27 UTC (cover_days; soma dias GMT tocados pela janela ~24h — alinhamento tipico a SMS Transactions / Insights Last 24h; totalprice pode diferir do cartao Total Spend),2026-07-27T10:08:43Z
NS,memories,0,0,0.000000,StartDate=2026-07-26 EndDate=2026-07-27 UTC (cover_days; soma dias GMT tocados pela janela ~24h — alinhamento tipico a SMS Transactions / Insights Last 24h; totalprice pode diferir do cartao Total Spend),2026-07-27T10:08:43Z
NS,memories-memory-generation-input-output,0,0,0.000000,StartDate=2026-07-26 EndDate=2026-07-27 UTC (cover_days; soma dias GMT tocados pela janela ~24h — alinhamento tipico a SMS Transactions / Insights Last 24h; totalprice pode diferir do cartao Total Spend),2026-07-27T10:08:43Z
NS,memories-memory-recall,0,0,0.000000,StartDate=2026-07-26 EndDate=2026-07-27 UTC (cover_days; soma dias GMT tocados pela janela ~24h — alinhamento tipico a SMS Transactions / Insights Last 24h; totalprice pode diferir do cartao Total Spend),2026-07-27T10:08:43Z
NS,min-spend-adjustments,0,0,0.000000,StartDate=2026-07-26 EndDate=2026-07-27 UTC (cover_days; soma dias GMT tocados pela janela ~24h — alinhamento tipico a SMS Transactions / Insights Last 24h; totalprice pode diferir do cartao Total Spend),2026-07-27T10:08:43Z
NS,mms-inbound-longcode,0,0,0.000000,StartDate=2026-07-26 EndDate=2026-07-27 UTC (cover_days; soma dias GMT tocados pela janela ~24h — alinhamento tipico a SMS Transactions / Insights Last 24h; totalprice pode diferir do cartao Total Spend),2026-07-27T10:08:43Z
NS,mms-inbound-shortcode,0,0,0.000000,StartDate=2026-07-26 EndDate=2026-07-27 UTC (cover_days; soma dias GMT tocados pela janela ~24h — alinhamento tipico a SMS Transactions / Insights Last 24h; totalprice pode diferir do cartao Total Spend),2026-07-27T10:08:43Z
NS,mms-outbound,0,0,0.000000,StartDate=2026-07-26 EndDate=2026-07-27 UTC (cover_days; soma dias GMT tocados pela janela ~24h — alinhamento tipico a SMS Transactions / Insights Last 24h; totalprice pode diferir do cartao Total Spend),2026-07-27T10:08:43Z
NS,mms-outbound-longcode,0,0,0.000000,StartDate=2026-07-26 EndDate=2026-07-27 UTC (cover_days; soma dias GMT tocados pela janela ~24h — alinhamento tipico a SMS Transactions / Insights Last 24h; totalprice pode diferir do cartao Total Spend),2026-07-27T10:08:43Z
NS,mms-outbound-shortcode,0,0,0.000000,StartDate=2026-07-26 EndDate=2026-07-27 UTC (cover_days; soma dias GMT tocados pela janela ~24h — alinhamento tipico a SMS Transactions / Insights Last 24h; totalprice pode diferir do cartao Total Spend),2026-07-27T10:08:43Z
NS,mms-outbound-tollfree,0,0,0.000000,StartDate=2026-07-26 EndDate=2026-07-27 UTC (cover_days; soma dias GMT tocados pela janela ~24h — alinhamento tipico a SMS Transactions / Insights Last 24h; totalprice pode diferir do cartao Total Spend),2026-07-27T10:08:43Z
NS,monitor,0,0,0.000000,StartDate=2026-07-26 EndDate=2026-07-27 UTC (cover_days; soma dias GMT tocados pela janela ~24h — alinhamento tipico a SMS Transactions / Insights Last 24h; totalprice pode diferir do cartao Total Spend),2026-07-27T10:08:43Z
NS,monitor-reads,0,0,0.000000,StartDate=2026-07-26 EndDate=2026-07-27 UTC (cover_days; soma dias GMT tocados pela janela ~24h — alinhamento tipico a SMS Transactions / Insights Last 24h; totalprice pode diferir do cartao Total Spend),2026-07-27T10:08:43Z
NS,monitor-storage,0,0,0.000000,StartDate=2026-07-26 EndDate=2026-07-27 UTC (cover_days; soma dias GMT tocados pela janela ~24h — alinhamento tipico a SMS Transactions / Insights Last 24h; totalprice pode diferir do cartao Total Spend),2026-07-27T10:08:43Z
NS,monitor-writes,0,0,0.000000,StartDate=2026-07-26 EndDate=2026-07-27 UTC (cover_days; soma dias GMT tocados pela janela ~24h — alinhamento tipico a SMS Transactions / Insights Last 24h; totalprice pode diferir do cartao Total Spend),2026-07-27T10:08:43Z
NS,notify,0,0,0.000000,StartDate=2026-07-26 EndDate=2026-07-27 UTC (cover_days; soma dias GMT tocados pela janela ~24h — alinhamento tipico a SMS Transactions / Insights Last 24h; totalprice pode diferir do cartao Total Spend),2026-07-27T10:08:43Z
NS,notify-actions-attempts,0,0,0.000000,StartDate=2026-07-26 EndDate=2026-07-27 UTC (cover_days; soma dias GMT tocados pela janela ~24h — alinhamento tipico a SMS Transactions / Insights Last 24h; totalprice pode diferir do cartao Total Spend),2026-07-27T10:08:43Z
NS,notify-channels,0,0,0.000000,StartDate=2026-07-26 EndDate=2026-07-27 UTC (cover_days; soma dias GMT tocados pela janela ~24h — alinhamento tipico a SMS Transactions / Insights Last 24h; totalprice pode diferir do cartao Total Spend),2026-07-27T10:08:43Z
NS,number-format-lookups,0,0,0.000000,StartDate=2026-07-26 EndDate=2026-07-27 UTC (cover_days; soma dias GMT tocados pela janela ~24h — alinhamento tipico a SMS Transactions / Insights Last 24h; totalprice pode diferir do cartao Total Spend),2026-07-27T10:08:43Z
NS,pchat,0,0,0.000000,StartDate=2026-07-26 EndDate=2026-07-27 UTC (cover_days; soma dias GMT tocados pela janela ~24h — alinhamento tipico a SMS Transactions / Insights Last 24h; totalprice pode diferir do cartao Total Spend),2026-07-27T10:08:43Z
NS,pchat-actions,0,0,0.000000,StartDate=2026-07-26 EndDate=2026-07-27 UTC (cover_days; soma dias GMT tocados pela janela ~24h — alinhamento tipico a SMS Transactions / Insights Last 24h; totalprice pode diferir do cartao Total Spend),2026-07-27T10:08:43Z
NS,pchat-aps,0,0,0.000000,StartDate=2026-07-26 EndDate=2026-07-27 UTC (cover_days; soma dias GMT tocados pela janela ~24h — alinhamento tipico a SMS Transactions / Insights Last 24h; totalprice pode diferir do cartao Total Spend),2026-07-27T10:08:43Z
NS,pchat-conv-med-storage,0,0,0.000000,StartDate=2026-07-26 EndDate=2026-07-27 UTC (cover_days; soma dias GMT tocados pela janela ~24h — alinhamento tipico a SMS Transactions / Insights Last 24h; totalprice pode diferir do cartao Total Spend),2026-07-27T10:08:43Z
NS,pchat-messages,0,0,0.000000,StartDate=2026-07-26 EndDate=2026-07-27 UTC (cover_days; soma dias GMT tocados pela janela ~24h — alinhamento tipico a SMS Transactions / Insights Last 24h; totalprice pode diferir do cartao Total Spend),2026-07-27T10:08:43Z
NS,pchat-notifications,0,0,0.000000,StartDate=2026-07-26 EndDate=2026-07-27 UTC (cover_days; soma dias GMT tocados pela janela ~24h — alinhamento tipico a SMS Transactions / Insights Last 24h; totalprice pode diferir do cartao Total Spend),2026-07-27T10:08:43Z
NS,pchat-reads,0,0,0.000000,StartDate=2026-07-26 EndDate=2026-07-27 UTC (cover_days; soma dias GMT tocados pela janela ~24h — alinhamento tipico a SMS Transactions / Insights Last 24h; totalprice pode diferir do cartao Total Spend),2026-07-27T10:08:43Z
NS,pchat-users,0,0,0.000000,StartDate=2026-07-26 EndDate=2026-07-27 UTC (cover_days; soma dias GMT tocados pela janela ~24h — alinhamento tipico a SMS Transactions / Insights Last 24h; totalprice pode diferir do cartao Total Spend),2026-07-27T10:08:43Z
NS,peer-to-peer-rooms-participant-minutes,0,0,0.000000,StartDate=2026-07-26 EndDate=2026-07-27 UTC (cover_days; soma dias GMT tocados pela janela ~24h — alinhamento tipico a SMS Transactions / Insights Last 24h; totalprice pode diferir do cartao Total Spend),2026-07-27T10:08:43Z
NS,pfax,0,0,0.000000,StartDate=2026-07-26 EndDate=2026-07-27 UTC (cover_days; soma dias GMT tocados pela janela ~24h — alinhamento tipico a SMS Transactions / Insights Last 24h; totalprice pode diferir do cartao Total Spend),2026-07-27T10:08:43Z
NS,pfax-minutes,0,0,0.000000,StartDate=2026-07-26 EndDate=2026-07-27 UTC (cover_days; soma dias GMT tocados pela janela ~24h — alinhamento tipico a SMS Transactions / Insights Last 24h; totalprice pode diferir do cartao Total Spend),2026-07-27T10:08:43Z
NS,pfax-minutes-inbound,0,0,0.000000,StartDate=2026-07-26 EndDate=2026-07-27 UTC (cover_days; soma dias GMT tocados pela janela ~24h — alinhamento tipico a SMS Transactions / Insights Last 24h; totalprice pode diferir do cartao Total Spend),2026-07-27T10:08:43Z
NS,pfax-minutes-outbound,0,0,0.000000,StartDate=2026-07-26 EndDate=2026-07-27 UTC (cover_days; soma dias GMT tocados pela janela ~24h — alinhamento tipico a SMS Transactions / Insights Last 24h; totalprice pode diferir do cartao Total Spend),2026-07-27T10:08:43Z
NS,pfax-pages,0,0,0.000000,StartDate=2026-07-26 EndDate=2026-07-27 UTC (cover_days; soma dias GMT tocados pela janela ~24h — alinhamento tipico a SMS Transactions / Insights Last 24h; totalprice pode diferir do cartao Total Spend),2026-07-27T10:08:43Z
NS,phone-quality-score-lookups,0,0,0.000000,StartDate=2026-07-26 EndDate=2026-07-27 UTC (cover_days; soma dias GMT tocados pela janela ~24h — alinhamento tipico a SMS Transactions / Insights Last 24h; totalprice pode diferir do cartao Total Spend),2026-07-27T10:08:43Z
NS,phonenumbers,0,0,0.000000,StartDate=2026-07-26 EndDate=2026-07-27 UTC (cover_days; soma dias GMT tocados pela janela ~24h — alinhamento tipico a SMS Transactions / Insights Last 24h; totalprice pode diferir do cartao Total Spend),2026-07-27T10:08:43Z
NS,phonenumbers-cps,0,0,0.000000,StartDate=2026-07-26 EndDate=2026-07-27 UTC (cover_days; soma dias GMT tocados pela janela ~24h — alinhamento tipico a SMS Transactions / Insights Last 24h; totalprice pode diferir do cartao Total Spend),2026-07-27T10:08:43Z
NS,phonenumbers-emergency,0,0,0.000000,StartDate=2026-07-26 EndDate=2026-07-27 UTC (cover_days; soma dias GMT tocados pela janela ~24h — alinhamento tipico a SMS Transactions / Insights Last 24h; totalprice pode diferir do cartao Total Spend),2026-07-27T10:08:43Z
NS,phonenumbers-local,0,0,0.000000,StartDate=2026-07-26 EndDate=2026-07-27 UTC (cover_days; soma dias GMT tocados pela janela ~24h — alinhamento tipico a SMS Transactions / Insights Last 24h; totalprice pode diferir do cartao Total Spend),2026-07-27T10:08:43Z
NS,phonenumbers-mobile,0,0,0.000000,StartDate=2026-07-26 EndDate=2026-07-27 UTC (cover_days; soma dias GMT tocados pela janela ~24h — alinhamento tipico a SMS Transactions / Insights Last 24h; totalprice pode diferir do cartao Total Spend),2026-07-27T10:08:43Z
NS,phonenumbers-porting,0,0,0.000000,StartDate=2026-07-26 EndDate=2026-07-27 UTC (cover_days; soma dias GMT tocados pela janela ~24h — alinhamento tipico a SMS Transactions / Insights Last 24h; totalprice pode diferir do cartao Total Spend),2026-07-27T10:08:43Z
NS,phonenumbers-setups,0,0,0.000000,StartDate=2026-07-26 EndDate=2026-07-27 UTC (cover_days; soma dias GMT tocados pela janela ~24h — alinhamento tipico a SMS Transactions / Insights Last 24h; totalprice pode diferir do cartao Total Spend),2026-07-27T10:08:43Z
NS,phonenumbers-tollfree,0,0,0.000000,StartDate=2026-07-26 EndDate=2026-07-27 UTC (cover_days; soma dias GMT tocados pela janela ~24h — alinhamento tipico a SMS Transactions / Insights Last 24h; totalprice pode diferir do cartao Total Spend),2026-07-27T10:08:43Z
NS,premiumsupport,0,0,0.000000,StartDate=2026-07-26 EndDate=2026-07-27 UTC (cover_days; soma dias GMT tocados pela janela ~24h — alinhamento tipico a SMS Transactions / Insights Last 24h; totalprice pode diferir do cartao Total Spend),2026-07-27T10:08:43Z
NS,premiumsupport-percentage-spend,0,0,0.000000,StartDate=2026-07-26 EndDate=2026-07-27 UTC (cover_days; soma dias GMT tocados pela janela ~24h — alinhamento tipico a SMS Transactions / Insights Last 24h; totalprice pode diferir do cartao Total Spend),2026-07-27T10:08:43Z
NS,profiles,0,0,0.000000,StartDate=2026-07-26 EndDate=2026-07-27 UTC (cover_days; soma dias GMT tocados pela janela ~24h — alinhamento tipico a SMS Transactions / Insights Last 24h; totalprice pode diferir do cartao Total Spend),2026-07-27T10:08:43Z
NS,profiles-customer-profile-operations,0,0,0.000000,StartDate=2026-07-26 EndDate=2026-07-27 UTC (cover_days; soma dias GMT tocados pela janela ~24h — alinhamento tipico a SMS Transactions / Insights Last 24h; totalprice pode diferir do cartao Total Spend),2026-07-27T10:08:43Z
NS,profiles-daily-utilized-profiles,0,0,0.000000,StartDate=2026-07-26 EndDate=2026-07-27 UTC (cover_days; soma dias GMT tocados pela janela ~24h — alinhamento tipico a SMS Transactions / Insights Last 24h; totalprice pode diferir do cartao Total Spend),2026-07-27T10:08:43Z
NS,programmable-microsoft-operator-connect,0,0,0.000000,StartDate=2026-07-26 EndDate=2026-07-27 UTC (cover_days; soma dias GMT tocados pela janela ~24h — alinhamento tipico a SMS Transactions / Insights Last 24h; totalprice pode diferir do cartao Total Spend),2026-07-27T10:08:43Z
NS,programmable-microsoft-operator-connect-inbound,0,0,0.000000,StartDate=2026-07-26 EndDate=2026-07-27 UTC (cover_days; soma dias GMT tocados pela janela ~24h — alinhamento tipico a SMS Transactions / Insights Last 24h; totalprice pode diferir do cartao Total Spend),2026-07-27T10:08:43Z
NS,programmable-microsoft-operator-connect-outbound,0,0,0.000000,StartDate=2026-07-26 EndDate=2026-07-27 UTC (cover_days; soma dias GMT tocados pela janela ~24h — alinhamento tipico a SMS Transactions / Insights Last 24h; totalprice pode diferir do cartao Total Spend),2026-07-27T10:08:43Z
NS,programmablevoice-platform,0,0,0.000000,StartDate=2026-07-26 EndDate=2026-07-27 UTC (cover_days; soma dias GMT tocados pela janela ~24h — alinhamento tipico a SMS Transactions / Insights Last 24h; totalprice pode diferir do cartao Total Spend),2026-07-27T10:08:43Z
NS,programmablevoiceconn-clientsdk,0,0,0.000000,StartDate=2026-07-26 EndDate=2026-07-27 UTC (cover_days; soma dias GMT tocados pela janela ~24h — alinhamento tipico a SMS Transactions / Insights Last 24h; totalprice pode diferir do cartao Total Spend),2026-07-27T10:08:43Z
NS,programmablevoiceconn-clientsdk-inbound,0,0,0.000000,StartDate=2026-07-26 EndDate=2026-07-27 UTC (cover_days; soma dias GMT tocados pela janela ~24h — alinhamento tipico a SMS Transactions / Insights Last 24h; totalprice pode diferir do cartao Total Spend),2026-07-27T10:08:43Z
NS,programmablevoiceconn-clientsdk-outbound,0,0,0.000000,StartDate=2026-07-26 EndDate=2026-07-27 UTC (cover_days; soma dias GMT tocados pela janela ~24h — alinhamento tipico a SMS Transactions / Insights Last 24h; totalprice pode diferir do cartao Total Spend),2026-07-27T10:08:43Z
NS,programmablevoiceconn-onnet,0,0,0.000000,StartDate=2026-07-26 EndDate=2026-07-27 UTC (cover_days; soma dias GMT tocados pela janela ~24h — alinhamento tipico a SMS Transactions / Insights Last 24h; totalprice pode diferir do cartao Total Spend),2026-07-27T10:08:43Z
NS,programmablevoiceconn-onnet-inbound,0,0,0.000000,StartDate=2026-07-26 EndDate=2026-07-27 UTC (cover_days; soma dias GMT tocados pela janela ~24h — alinhamento tipico a SMS Transactions / Insights Last 24h; totalprice pode diferir do cartao Total Spend),2026-07-27T10:08:43Z
NS,programmablevoiceconn-onnet-outbound,0,0,0.000000,StartDate=2026-07-26 EndDate=2026-07-27 UTC (cover_days; soma dias GMT tocados pela janela ~24h — alinhamento tipico a SMS Transactions / Insights Last 24h; totalprice pode diferir do cartao Total Spend),2026-07-27T10:08:43Z
NS,programmablevoiceconn-sip,0,0,0.000000,StartDate=2026-07-26 EndDate=2026-07-27 UTC (cover_days; soma dias GMT tocados pela janela ~24h — alinhamento tipico a SMS Transactions / Insights Last 24h; totalprice pode diferir do cartao Total Spend),2026-07-27T10:08:43Z
NS,programmablevoiceconn-sip-inbound,0,0,0.000000,StartDate=2026-07-26 EndDate=2026-07-27 UTC (cover_days; soma dias GMT tocados pela janela ~24h — alinhamento tipico a SMS Transactions / Insights Last 24h; totalprice pode diferir do cartao Total Spend),2026-07-27T10:08:43Z
NS,programmablevoiceconn-sip-outbound,0,0,0.000000,StartDate=2026-07-26 EndDate=2026-07-27 UTC (cover_days; soma dias GMT tocados pela janela ~24h — alinhamento tipico a SMS Transactions / Insights Last 24h; totalprice pode diferir do cartao Total Spend),2026-07-27T10:08:43Z
NS,programmablevoiceconnectivity,0,0,0.000000,StartDate=2026-07-26 EndDate=2026-07-27 UTC (cover_days; soma dias GMT tocados pela janela ~24h — alinhamento tipico a SMS Transactions / Insights Last 24h; totalprice pode diferir do cartao Total Spend),2026-07-27T10:08:43Z
NS,programmablevoiceconnectivity-byoc,0,0,0.000000,StartDate=2026-07-26 EndDate=2026-07-27 UTC (cover_days; soma dias GMT tocados pela janela ~24h — alinhamento tipico a SMS Transactions / Insights Last 24h; totalprice pode diferir do cartao Total Spend),2026-07-27T10:08:43Z
NS,proxy,0,0,0.000000,StartDate=2026-07-26 EndDate=2026-07-27 UTC (cover_days; soma dias GMT tocados pela janela ~24h — alinhamento tipico a SMS Transactions / Insights Last 24h; totalprice pode diferir do cartao Total Spend),2026-07-27T10:08:43Z
NS,proxy-active-sessions,0,0,0.000000,StartDate=2026-07-26 EndDate=2026-07-27 UTC (cover_days; soma dias GMT tocados pela janela ~24h — alinhamento tipico a SMS Transactions / Insights Last 24h; totalprice pode diferir do cartao Total Spend),2026-07-27T10:08:43Z
NS,proxy-bucket-adjustment,0,0,0.000000,StartDate=2026-07-26 EndDate=2026-07-27 UTC (cover_days; soma dias GMT tocados pela janela ~24h — alinhamento tipico a SMS Transactions / Insights Last 24h; totalprice pode diferir do cartao Total Spend),2026-07-27T10:08:43Z
NS,proxy-licenses,0,0,0.000000,StartDate=2026-07-26 EndDate=2026-07-27 UTC (cover_days; soma dias GMT tocados pela janela ~24h — alinhamento tipico a SMS Transactions / Insights Last 24h; totalprice pode diferir do cartao Total Spend),2026-07-27T10:08:43Z
NS,pstnconnectivity,0,0,0.000000,StartDate=2026-07-26 EndDate=2026-07-27 UTC (cover_days; soma dias GMT tocados pela janela ~24h — alinhamento tipico a SMS Transactions / Insights Last 24h; totalprice pode diferir do cartao Total Spend),2026-07-27T10:08:43Z
NS,pstnconnectivity-inbound,0,0,0.000000,StartDate=2026-07-26 EndDate=2026-07-27 UTC (cover_days; soma dias GMT tocados pela janela ~24h — alinhamento tipico a SMS Transactions / Insights Last 24h; totalprice pode diferir do cartao Total Spend),2026-07-27T10:08:43Z
NS,pstnconnectivity-outbound,0,0,0.000000,StartDate=2026-07-26 EndDate=2026-07-27 UTC (cover_days; soma dias GMT tocados pela janela ~24h — alinhamento tipico a SMS Transactions / Insights Last 24h; totalprice pode diferir do cartao Total Spend),2026-07-27T10:08:43Z
NS,pv,0,0,0.000000,StartDate=2026-07-26 EndDate=2026-07-27 UTC (cover_days; soma dias GMT tocados pela janela ~24h — alinhamento tipico a SMS Transactions / Insights Last 24h; totalprice pode diferir do cartao Total Spend),2026-07-27T10:08:43Z
NS,pv-basic-rooms,0,0,0.000000,StartDate=2026-07-26 EndDate=2026-07-27 UTC (cover_days; soma dias GMT tocados pela janela ~24h — alinhamento tipico a SMS Transactions / Insights Last 24h; totalprice pode diferir do cartao Total Spend),2026-07-27T10:08:43Z
NS,pv-composition-media-downloaded,0,0,0.000000,StartDate=2026-07-26 EndDate=2026-07-27 UTC (cover_days; soma dias GMT tocados pela janela ~24h — alinhamento tipico a SMS Transactions / Insights Last 24h; totalprice pode diferir do cartao Total Spend),2026-07-27T10:08:43Z
NS,pv-composition-media-encrypted,0,0,0.000000,StartDate=2026-07-26 EndDate=2026-07-27 UTC (cover_days; soma dias GMT tocados pela janela ~24h — alinhamento tipico a SMS Transactions / Insights Last 24h; totalprice pode diferir do cartao Total Spend),2026-07-27T10:08:43Z
NS,pv-composition-media-stored,0,0,0.000000,StartDate=2026-07-26 EndDate=2026-07-27 UTC (cover_days; soma dias GMT tocados pela janela ~24h — alinhamento tipico a SMS Transactions / Insights Last 24h; totalprice pode diferir do cartao Total Spend),2026-07-27T10:08:43Z
NS,pv-composition-minutes,0,0,0.000000,StartDate=2026-07-26 EndDate=2026-07-27 UTC (cover_days; soma dias GMT tocados pela janela ~24h — alinhamento tipico a SMS Transactions / Insights Last 24h; totalprice pode diferir do cartao Total Spend),2026-07-27T10:08:43Z
NS,pv-recording-compositions,0,0,0.000000,StartDate=2026-07-26 EndDate=2026-07-27 UTC (cover_days; soma dias GMT tocados pela janela ~24h — alinhamento tipico a SMS Transactions / Insights Last 24h; totalprice pode diferir do cartao Total Spend),2026-07-27T10:08:43Z
NS,pv-room-participants,0,0,0.000000,StartDate=2026-07-26 EndDate=2026-07-27 UTC (cover_days; soma dias GMT tocados pela janela ~24h — alinhamento tipico a SMS Transactions / Insights Last 24h; totalprice pode diferir do cartao Total Spend),2026-07-27T10:08:43Z
NS,pv-room-participants-au1,0,0,0.000000,StartDate=2026-07-26 EndDate=2026-07-27 UTC (cover_days; soma dias GMT tocados pela janela ~24h — alinhamento tipico a SMS Transactions / Insights Last 24h; totalprice pode diferir do cartao Total Spend),2026-07-27T10:08:43Z
NS,pv-room-participants-br1,0,0,0.000000,StartDate=2026-07-26 EndDate=2026-07-27 UTC (cover_days; soma dias GMT tocados pela janela ~24h — alinhamento tipico a SMS Transactions / Insights Last 24h; totalprice pode diferir do cartao Total Spend),2026-07-27T10:08:43Z
NS,pv-room-participants-ie1,0,0,0.000000,StartDate=2026-07-26 EndDate=2026-07-27 UTC (cover_days; soma dias GMT tocados pela janela ~24h — alinhamento tipico a SMS Transactions / Insights Last 24h; totalprice pode diferir do cartao Total Spend),2026-07-27T10:08:43Z
NS,pv-room-participants-jp1,0,0,0.000000,StartDate=2026-07-26 EndDate=2026-07-27 UTC (cover_days; soma dias GMT tocados pela janela ~24h — alinhamento tipico a SMS Transactions / Insights Last 24h; totalprice pode diferir do cartao Total Spend),2026-07-27T10:08:43Z
NS,pv-room-participants-sg1,0,0,0.000000,StartDate=2026-07-26 EndDate=2026-07-27 UTC (cover_days; soma dias GMT tocados pela janela ~24h — alinhamento tipico a SMS Transactions / Insights Last 24h; totalprice pode diferir do cartao Total Spend),2026-07-27T10:08:43Z
NS,pv-room-participants-us1,0,0,0.000000,StartDate=2026-07-26 EndDate=2026-07-27 UTC (cover_days; soma dias GMT tocados pela janela ~24h — alinhamento tipico a SMS Transactions / Insights Last 24h; totalprice pode diferir do cartao Total Spend),2026-07-27T10:08:43Z
NS,pv-room-participants-us2,0,0,0.000000,StartDate=2026-07-26 EndDate=2026-07-27 UTC (cover_days; soma dias GMT tocados pela janela ~24h — alinhamento tipico a SMS Transactions / Insights Last 24h; totalprice pode diferir do cartao Total Spend),2026-07-27T10:08:43Z
NS,pv-rooms,0,0,0.000000,StartDate=2026-07-26 EndDate=2026-07-27 UTC (cover_days; soma dias GMT tocados pela janela ~24h — alinhamento tipico a SMS Transactions / Insights Last 24h; totalprice pode diferir do cartao Total Spend),2026-07-27T10:08:43Z
NS,pv-sip-endpoint-registrations,0,0,0.000000,StartDate=2026-07-26 EndDate=2026-07-27 UTC (cover_days; soma dias GMT tocados pela janela ~24h — alinhamento tipico a SMS Transactions / Insights Last 24h; totalprice pode diferir do cartao Total Spend),2026-07-27T10:08:43Z
NS,rcs-messages,0,0,0.000000,StartDate=2026-07-26 EndDate=2026-07-27 UTC (cover_days; soma dias GMT tocados pela janela ~24h — alinhamento tipico a SMS Transactions / Insights Last 24h; totalprice pode diferir do cartao Total Spend),2026-07-27T10:08:43Z
NS,reassigned-number,0,0,0.000000,StartDate=2026-07-26 EndDate=2026-07-27 UTC (cover_days; soma dias GMT tocados pela janela ~24h — alinhamento tipico a SMS Transactions / Insights Last 24h; totalprice pode diferir do cartao Total Spend),2026-07-27T10:08:43Z
NS,recordings,0,0,0.000000,StartDate=2026-07-26 EndDate=2026-07-27 UTC (cover_days; soma dias GMT tocados pela janela ~24h — alinhamento tipico a SMS Transactions / Insights Last 24h; totalprice pode diferir do cartao Total Spend),2026-07-27T10:08:43Z
NS,shortcodes,0,0,0.000000,StartDate=2026-07-26 EndDate=2026-07-27 UTC (cover_days; soma dias GMT tocados pela janela ~24h — alinhamento tipico a SMS Transactions / Insights Last 24h; totalprice pode diferir do cartao Total Spend),2026-07-27T10:08:43Z
NS,shortcodes-customerowned,0,0,0.000000,StartDate=2026-07-26 EndDate=2026-07-27 UTC (cover_days; soma dias GMT tocados pela janela ~24h — alinhamento tipico a SMS Transactions / Insights Last 24h; totalprice pode diferir do cartao Total Spend),2026-07-27T10:08:43Z
NS,shortcodes-mms-enablement,0,0,0.000000,StartDate=2026-07-26 EndDate=2026-07-27 UTC (cover_days; soma dias GMT tocados pela janela ~24h — alinhamento tipico a SMS Transactions / Insights Last 24h; totalprice pode diferir do cartao Total Spend),2026-07-27T10:08:43Z
NS,shortcodes-mps,0,0,0.000000,StartDate=2026-07-26 EndDate=2026-07-27 UTC (cover_days; soma dias GMT tocados pela janela ~24h — alinhamento tipico a SMS Transactions / Insights Last 24h; totalprice pode diferir do cartao Total Spend),2026-07-27T10:08:43Z
NS,shortcodes-random,0,0,0.000000,StartDate=2026-07-26 EndDate=2026-07-27 UTC (cover_days; soma dias GMT tocados pela janela ~24h — alinhamento tipico a SMS Transactions / Insights Last 24h; totalprice pode diferir do cartao Total Spend),2026-07-27T10:08:43Z
NS,shortcodes-setup-fees,0,0,0.000000,StartDate=2026-07-26 EndDate=2026-07-27 UTC (cover_days; soma dias GMT tocados pela janela ~24h — alinhamento tipico a SMS Transactions / Insights Last 24h; totalprice pode diferir do cartao Total Spend),2026-07-27T10:08:43Z
NS,shortcodes-uk,0,0,0.000000,StartDate=2026-07-26 EndDate=2026-07-27 UTC (cover_days; soma dias GMT tocados pela janela ~24h — alinhamento tipico a SMS Transactions / Insights Last 24h; totalprice pode diferir do cartao Total Spend),2026-07-27T10:08:43Z
NS,shortcodes-vanity,0,0,0.000000,StartDate=2026-07-26 EndDate=2026-07-27 UTC (cover_days; soma dias GMT tocados pela janela ~24h — alinhamento tipico a SMS Transactions / Insights Last 24h; totalprice pode diferir do cartao Total Spend),2026-07-27T10:08:43Z
NS,sim-swap-lookups,0,0,0.000000,StartDate=2026-07-26 EndDate=2026-07-27 UTC (cover_days; soma dias GMT tocados pela janela ~24h — alinhamento tipico a SMS Transactions / Insights Last 24h; totalprice pode diferir do cartao Total Spend),2026-07-27T10:08:43Z
NS,sip-secure-media,0,0,0.000000,StartDate=2026-07-26 EndDate=2026-07-27 UTC (cover_days; soma dias GMT tocados pela janela ~24h — alinhamento tipico a SMS Transactions / Insights Last 24h; totalprice pode diferir do cartao Total Spend),2026-07-27T10:08:43Z
NS,small-group-rooms,0,0,0.000000,StartDate=2026-07-26 EndDate=2026-07-27 UTC (cover_days; soma dias GMT tocados pela janela ~24h — alinhamento tipico a SMS Transactions / Insights Last 24h; totalprice pode diferir do cartao Total Spend),2026-07-27T10:08:43Z
NS,small-group-rooms-data-track,0,0,0.000000,StartDate=2026-07-26 EndDate=2026-07-27 UTC (cover_days; soma dias GMT tocados pela janela ~24h — alinhamento tipico a SMS Transactions / Insights Last 24h; totalprice pode diferir do cartao Total Spend),2026-07-27T10:08:43Z
NS,small-group-rooms-participant-minutes,0,0,0.000000,StartDate=2026-07-26 EndDate=2026-07-27 UTC (cover_days; soma dias GMT tocados pela janela ~24h — alinhamento tipico a SMS Transactions / Insights Last 24h; totalprice pode diferir do cartao Total Spend),2026-07-27T10:08:43Z
NS,sms-inbound-longcode,0,0,0.000000,StartDate=2026-07-26 EndDate=2026-07-27 UTC (cover_days; soma dias GMT tocados pela janela ~24h — alinhamento tipico a SMS Transactions / Insights Last 24h; totalprice pode diferir do cartao Total Spend),2026-07-27T10:08:43Z
NS,sms-inbound-shortcode,0,0,0.000000,StartDate=2026-07-26 EndDate=2026-07-27 UTC (cover_days; soma dias GMT tocados pela janela ~24h — alinhamento tipico a SMS Transactions / Insights Last 24h; totalprice pode diferir do cartao Total Spend),2026-07-27T10:08:43Z
NS,sms-messages-features,0,0,0.000000,StartDate=2026-07-26 EndDate=2026-07-27 UTC (cover_days; soma dias GMT tocados pela janela ~24h — alinhamento tipico a SMS Transactions / Insights Last 24h; totalprice pode diferir do cartao Total Spend),2026-07-27T10:08:43Z
NS,sms-messages-features-engagement-suite,0,0,0.000000,StartDate=2026-07-26 EndDate=2026-07-27 UTC (cover_days; soma dias GMT tocados pela janela ~24h — alinhamento tipico a SMS Transactions / Insights Last 24h; totalprice pode diferir do cartao Total Spend),2026-07-27T10:08:43Z
NS,sms-messages-features-message-redaction,0,0,0.000000,StartDate=2026-07-26 EndDate=2026-07-27 UTC (cover_days; soma dias GMT tocados pela janela ~24h — alinhamento tipico a SMS Transactions / Insights Last 24h; totalprice pode diferir do cartao Total Spend),2026-07-27T10:08:43Z
NS,sms-messages-features-senderid,0,0,0.000000,StartDate=2026-07-26 EndDate=2026-07-27 UTC (cover_days; soma dias GMT tocados pela janela ~24h — alinhamento tipico a SMS Transactions / Insights Last 24h; totalprice pode diferir do cartao Total Spend),2026-07-27T10:08:43Z
NS,sms-mps,0,0,0.000000,StartDate=2026-07-26 EndDate=2026-07-27 UTC (cover_days; soma dias GMT tocados pela janela ~24h — alinhamento tipico a SMS Transactions / Insights Last 24h; totalprice pode diferir do cartao Total Spend),2026-07-27T10:08:43Z
NS,sms-mps-shortcode,0,0,0.000000,StartDate=2026-07-26 EndDate=2026-07-27 UTC (cover_days; soma dias GMT tocados pela janela ~24h — alinhamento tipico a SMS Transactions / Insights Last 24h; totalprice pode diferir do cartao Total Spend),2026-07-27T10:08:43Z
NS,sms-mps-tollfree,0,0,0.000000,StartDate=2026-07-26 EndDate=2026-07-27 UTC (cover_days; soma dias GMT tocados pela janela ~24h — alinhamento tipico a SMS Transactions / Insights Last 24h; totalprice pode diferir do cartao Total Spend),2026-07-27T10:08:43Z
NS,sms-mps-tollfree-setup,0,0,0.000000,StartDate=2026-07-26 EndDate=2026-07-27 UTC (cover_days; soma dias GMT tocados pela janela ~24h — alinhamento tipico a SMS Transactions / Insights Last 24h; totalprice pode diferir do cartao Total Spend),2026-07-27T10:08:43Z
NS,sms-national-regulatory-protection,0,0,0.000000,StartDate=2026-07-26 EndDate=2026-07-27 UTC (cover_days; soma dias GMT tocados pela janela ~24h — alinhamento tipico a SMS Transactions / Insights Last 24h; totalprice pode diferir do cartao Total Spend),2026-07-27T10:08:43Z
NS,sms-outbound-content-inspection,0,0,0.000000,StartDate=2026-07-26 EndDate=2026-07-27 UTC (cover_days; soma dias GMT tocados pela janela ~24h — alinhamento tipico a SMS Transactions / Insights Last 24h; totalprice pode diferir do cartao Total Spend),2026-07-27T10:08:43Z
NS,sms-outbound-longcode,0,0,0.000000,StartDate=2026-07-26 EndDate=2026-07-27 UTC (cover_days; soma dias GMT tocados pela janela ~24h — alinhamento tipico a SMS Transactions / Insights Last 24h; totalprice pode diferir do cartao Total Spend),2026-07-27T10:08:43Z
NS,sms-outbound-shortcode,0,0,0.000000,StartDate=2026-07-26 EndDate=2026-07-27 UTC (cover_days; soma dias GMT tocados pela janela ~24h — alinhamento tipico a SMS Transactions / Insights Last 24h; totalprice pode diferir do cartao Total Spend),2026-07-27T10:08:43Z
NS,sms-pumping-protection,0,0,0.000000,StartDate=2026-07-26 EndDate=2026-07-27 UTC (cover_days; soma dias GMT tocados pela janela ~24h — alinhamento tipico a SMS Transactions / Insights Last 24h; totalprice pode diferir do cartao Total Spend),2026-07-27T10:08:43Z
NS,sms-pumping-risk,0,0,0.000000,StartDate=2026-07-26 EndDate=2026-07-27 UTC (cover_days; soma dias GMT tocados pela janela ~24h — alinhamento tipico a SMS Transactions / Insights Last 24h; totalprice pode diferir do cartao Total Spend),2026-07-27T10:08:43Z
NS,smsmessages-bucket-adjustments,0,0,0.000000,StartDate=2026-07-26 EndDate=2026-07-27 UTC (cover_days; soma dias GMT tocados pela janela ~24h — alinhamento tipico a SMS Transactions / Insights Last 24h; totalprice pode diferir do cartao Total Spend),2026-07-27T10:08:43Z
NS,smsmessages-outbound-domestic,0,0,0.000000,StartDate=2026-07-26 EndDate=2026-07-27 UTC (cover_days; soma dias GMT tocados pela janela ~24h — alinhamento tipico a SMS Transactions / Insights Last 24h; totalprice pode diferir do cartao Total Spend),2026-07-27T10:08:43Z
NS,speech-recognition,0,0,0.000000,StartDate=2026-07-26 EndDate=2026-07-27 UTC (cover_days; soma dias GMT tocados pela janela ~24h — alinhamento tipico a SMS Transactions / Insights Last 24h; totalprice pode diferir do cartao Total Spend),2026-07-27T10:08:43Z
NS,studio-engagements,0,0,0.000000,StartDate=2026-07-26 EndDate=2026-07-27 UTC (cover_days; soma dias GMT tocados pela janela ~24h — alinhamento tipico a SMS Transactions / Insights Last 24h; totalprice pode diferir do cartao Total Spend),2026-07-27T10:08:43Z
NS,sync,0,0,0.000000,StartDate=2026-07-26 EndDate=2026-07-27 UTC (cover_days; soma dias GMT tocados pela janela ~24h — alinhamento tipico a SMS Transactions / Insights Last 24h; totalprice pode diferir do cartao Total Spend),2026-07-27T10:08:43Z
NS,sync-actions,0,0,0.000000,StartDate=2026-07-26 EndDate=2026-07-27 UTC (cover_days; soma dias GMT tocados pela janela ~24h — alinhamento tipico a SMS Transactions / Insights Last 24h; totalprice pode diferir do cartao Total Spend),2026-07-27T10:08:43Z
NS,sync-endpoint-hours,0,0,0.000000,StartDate=2026-07-26 EndDate=2026-07-27 UTC (cover_days; soma dias GMT tocados pela janela ~24h — alinhamento tipico a SMS Transactions / Insights Last 24h; totalprice pode diferir do cartao Total Spend),2026-07-27T10:08:43Z
NS,sync-endpoint-hours-above-daily-cap,0,0,0.000000,StartDate=2026-07-26 EndDate=2026-07-27 UTC (cover_days; soma dias GMT tocados pela janela ~24h — alinhamento tipico a SMS Transactions / Insights Last 24h; totalprice pode diferir do cartao Total Spend),2026-07-27T10:08:43Z
NS,taskrouter-tasks,0,0,0.000000,StartDate=2026-07-26 EndDate=2026-07-27 UTC (cover_days; soma dias GMT tocados pela janela ~24h — alinhamento tipico a SMS Transactions / Insights Last 24h; totalprice pode diferir do cartao Total Spend),2026-07-27T10:08:43Z
NS,transcriptions,0,0,0.000000,StartDate=2026-07-26 EndDate=2026-07-27 UTC (cover_days; soma dias GMT tocados pela janela ~24h — alinhamento tipico a SMS Transactions / Insights Last 24h; totalprice pode diferir do cartao Total Spend),2026-07-27T10:08:43Z
NS,trunking-cps,0,0,0.000000,StartDate=2026-07-26 EndDate=2026-07-27 UTC (cover_days; soma dias GMT tocados pela janela ~24h — alinhamento tipico a SMS Transactions / Insights Last 24h; totalprice pode diferir do cartao Total Spend),2026-07-27T10:08:43Z
NS,trunking-emergency-calls,0,0,0.000000,StartDate=2026-07-26 EndDate=2026-07-27 UTC (cover_days; soma dias GMT tocados pela janela ~24h — alinhamento tipico a SMS Transactions / Insights Last 24h; totalprice pode diferir do cartao Total Spend),2026-07-27T10:08:43Z
NS,trunking-origination,0,0,0.000000,StartDate=2026-07-26 EndDate=2026-07-27 UTC (cover_days; soma dias GMT tocados pela janela ~24h — alinhamento tipico a SMS Transactions / Insights Last 24h; totalprice pode diferir do cartao Total Spend),2026-07-27T10:08:43Z
NS,trunking-origination-local,0,0,0.000000,StartDate=2026-07-26 EndDate=2026-07-27 UTC (cover_days; soma dias GMT tocados pela janela ~24h — alinhamento tipico a SMS Transactions / Insights Last 24h; totalprice pode diferir do cartao Total Spend),2026-07-27T10:08:43Z
NS,trunking-origination-mobile,0,0,0.000000,StartDate=2026-07-26 EndDate=2026-07-27 UTC (cover_days; soma dias GMT tocados pela janela ~24h — alinhamento tipico a SMS Transactions / Insights Last 24h; totalprice pode diferir do cartao Total Spend),2026-07-27T10:08:43Z
NS,trunking-origination-tollfree,0,0,0.000000,StartDate=2026-07-26 EndDate=2026-07-27 UTC (cover_days; soma dias GMT tocados pela janela ~24h — alinhamento tipico a SMS Transactions / Insights Last 24h; totalprice pode diferir do cartao Total Spend),2026-07-27T10:08:43Z
NS,trunking-recordings,0,0,0.000000,StartDate=2026-07-26 EndDate=2026-07-27 UTC (cover_days; soma dias GMT tocados pela janela ~24h — alinhamento tipico a SMS Transactions / Insights Last 24h; totalprice pode diferir do cartao Total Spend),2026-07-27T10:08:43Z
NS,trunking-secure,0,0,0.000000,StartDate=2026-07-26 EndDate=2026-07-27 UTC (cover_days; soma dias GMT tocados pela janela ~24h — alinhamento tipico a SMS Transactions / Insights Last 24h; totalprice pode diferir do cartao Total Spend),2026-07-27T10:08:43Z
NS,trunking-termination,0,0,0.000000,StartDate=2026-07-26 EndDate=2026-07-27 UTC (cover_days; soma dias GMT tocados pela janela ~24h — alinhamento tipico a SMS Transactions / Insights Last 24h; totalprice pode diferir do cartao Total Spend),2026-07-27T10:08:43Z
NS,tts-google,0,0,0.000000,StartDate=2026-07-26 EndDate=2026-07-27 UTC (cover_days; soma dias GMT tocados pela janela ~24h — alinhamento tipico a SMS Transactions / Insights Last 24h; totalprice pode diferir do cartao Total Spend),2026-07-27T10:08:43Z
NS,turnmegabytes,0,0,0.000000,StartDate=2026-07-26 EndDate=2026-07-27 UTC (cover_days; soma dias GMT tocados pela janela ~24h — alinhamento tipico a SMS Transactions / Insights Last 24h; totalprice pode diferir do cartao Total Spend),2026-07-27T10:08:43Z
NS,turnmegabytes-australia,0,0,0.000000,StartDate=2026-07-26 EndDate=2026-07-27 UTC (cover_days; soma dias GMT tocados pela janela ~24h — alinhamento tipico a SMS Transactions / Insights Last 24h; totalprice pode diferir do cartao Total Spend),2026-07-27T10:08:43Z
NS,turnmegabytes-brasil,0,0,0.000000,StartDate=2026-07-26 EndDate=2026-07-27 UTC (cover_days; soma dias GMT tocados pela janela ~24h — alinhamento tipico a SMS Transactions / Insights Last 24h; totalprice pode diferir do cartao Total Spend),2026-07-27T10:08:43Z
NS,turnmegabytes-germany,0,0,0.000000,StartDate=2026-07-26 EndDate=2026-07-27 UTC (cover_days; soma dias GMT tocados pela janela ~24h — alinhamento tipico a SMS Transactions / Insights Last 24h; totalprice pode diferir do cartao Total Spend),2026-07-27T10:08:43Z
NS,turnmegabytes-india,0,0,0.000000,StartDate=2026-07-26 EndDate=2026-07-27 UTC (cover_days; soma dias GMT tocados pela janela ~24h — alinhamento tipico a SMS Transactions / Insights Last 24h; totalprice pode diferir do cartao Total Spend),2026-07-27T10:08:43Z
NS,turnmegabytes-ireland,0,0,0.000000,StartDate=2026-07-26 EndDate=2026-07-27 UTC (cover_days; soma dias GMT tocados pela janela ~24h — alinhamento tipico a SMS Transactions / Insights Last 24h; totalprice pode diferir do cartao Total Spend),2026-07-27T10:08:43Z
NS,turnmegabytes-japan,0,0,0.000000,StartDate=2026-07-26 EndDate=2026-07-27 UTC (cover_days; soma dias GMT tocados pela janela ~24h — alinhamento tipico a SMS Transactions / Insights Last 24h; totalprice pode diferir do cartao Total Spend),2026-07-27T10:08:43Z
NS,turnmegabytes-singapore,0,0,0.000000,StartDate=2026-07-26 EndDate=2026-07-27 UTC (cover_days; soma dias GMT tocados pela janela ~24h — alinhamento tipico a SMS Transactions / Insights Last 24h; totalprice pode diferir do cartao Total Spend),2026-07-27T10:08:43Z
NS,turnmegabytes-useast,0,0,0.000000,StartDate=2026-07-26 EndDate=2026-07-27 UTC (cover_days; soma dias GMT tocados pela janela ~24h — alinhamento tipico a SMS Transactions / Insights Last 24h; totalprice pode diferir do cartao Total Spend),2026-07-27T10:08:43Z
NS,turnmegabytes-uswest,0,0,0.000000,StartDate=2026-07-26 EndDate=2026-07-27 UTC (cover_days; soma dias GMT tocados pela janela ~24h — alinhamento tipico a SMS Transactions / Insights Last 24h; totalprice pode diferir do cartao Total Spend),2026-07-27T10:08:43Z
NS,twilio-authored-language-operators-input-output,0,0,0.000000,StartDate=2026-07-26 EndDate=2026-07-27 UTC (cover_days; soma dias GMT tocados pela janela ~24h — alinhamento tipico a SMS Transactions / Insights Last 24h; totalprice pode diferir do cartao Total Spend),2026-07-27T10:08:43Z
NS,twilio-for-salesforce,0,0,0.000000,StartDate=2026-07-26 EndDate=2026-07-27 UTC (cover_days; soma dias GMT tocados pela janela ~24h — alinhamento tipico a SMS Transactions / Insights Last 24h; totalprice pode diferir do cartao Total Spend),2026-07-27T10:08:43Z
NS,twilio-for-salesforce-licenses,0,0,0.000000,StartDate=2026-07-26 EndDate=2026-07-27 UTC (cover_days; soma dias GMT tocados pela janela ~24h — alinhamento tipico a SMS Transactions / Insights Last 24h; totalprice pode diferir do cartao Total Spend),2026-07-27T10:08:43Z
NS,twilio-interconnect,0,0,0.000000,StartDate=2026-07-26 EndDate=2026-07-27 UTC (cover_days; soma dias GMT tocados pela janela ~24h — alinhamento tipico a SMS Transactions / Insights Last 24h; totalprice pode diferir do cartao Total Spend),2026-07-27T10:08:43Z
NS,twiml,0,0,0.000000,StartDate=2026-07-26 EndDate=2026-07-27 UTC (cover_days; soma dias GMT tocados pela janela ~24h — alinhamento tipico a SMS Transactions / Insights Last 24h; totalprice pode diferir do cartao Total Spend),2026-07-27T10:08:43Z
NS,usage-flex-video,0,0,0.000000,StartDate=2026-07-26 EndDate=2026-07-27 UTC (cover_days; soma dias GMT tocados pela janela ~24h — alinhamento tipico a SMS Transactions / Insights Last 24h; totalprice pode diferir do cartao Total Spend),2026-07-27T10:08:43Z
NS,usage-functions,0,0,0.000000,StartDate=2026-07-26 EndDate=2026-07-27 UTC (cover_days; soma dias GMT tocados pela janela ~24h — alinhamento tipico a SMS Transactions / Insights Last 24h; totalprice pode diferir do cartao Total Spend),2026-07-27T10:08:43Z
NS,usage-rcs-basic-messages-outbound,0,0,0.000000,StartDate=2026-07-26 EndDate=2026-07-27 UTC (cover_days; soma dias GMT tocados pela janela ~24h — alinhamento tipico a SMS Transactions / Insights Last 24h; totalprice pode diferir do cartao Total Spend),2026-07-27T10:08:43Z
NS,usage-rcs-messages,0,0,0.000000,StartDate=2026-07-26 EndDate=2026-07-27 UTC (cover_days; soma dias GMT tocados pela janela ~24h — alinhamento tipico a SMS Transactions / Insights Last 24h; totalprice pode diferir do cartao Total Spend),2026-07-27T10:08:43Z
NS,usage-rcs-messages-inbound,0,0,0.000000,StartDate=2026-07-26 EndDate=2026-07-27 UTC (cover_days; soma dias GMT tocados pela janela ~24h — alinhamento tipico a SMS Transactions / Insights Last 24h; totalprice pode diferir do cartao Total Spend),2026-07-27T10:08:43Z
NS,usage-rcs-messaging-carrier-fees,0,0,0.000000,StartDate=2026-07-26 EndDate=2026-07-27 UTC (cover_days; soma dias GMT tocados pela janela ~24h — alinhamento tipico a SMS Transactions / Insights Last 24h; totalprice pode diferir do cartao Total Spend),2026-07-27T10:08:43Z
NS,usage-rcs-rich-media-messages-inbound,0,0,0.000000,StartDate=2026-07-26 EndDate=2026-07-27 UTC (cover_days; soma dias GMT tocados pela janela ~24h — alinhamento tipico a SMS Transactions / Insights Last 24h; totalprice pode diferir do cartao Total Spend),2026-07-27T10:08:43Z
NS,usage-rcs-rich-media-messages-outbound,0,0,0.000000,StartDate=2026-07-26 EndDate=2026-07-27 UTC (cover_days; soma dias GMT tocados pela janela ~24h — alinhamento tipico a SMS Transactions / Insights Last 24h; totalprice pode diferir do cartao Total Spend),2026-07-27T10:08:43Z
NS,usage-rcs-rich-messages-inbound,0,0,0.000000,StartDate=2026-07-26 EndDate=2026-07-27 UTC (cover_days; soma dias GMT tocados pela janela ~24h — alinhamento tipico a SMS Transactions / Insights Last 24h; totalprice pode diferir do cartao Total Spend),2026-07-27T10:08:43Z
NS,usage-rcs-rich-messages-outbound,0,0,0.000000,StartDate=2026-07-26 EndDate=2026-07-27 UTC (cover_days; soma dias GMT tocados pela janela ~24h — alinhamento tipico a SMS Transactions / Insights Last 24h; totalprice pode diferir do cartao Total Spend),2026-07-27T10:08:43Z
NS,usage-rcs-single-messages-outbound,0,0,0.000000,StartDate=2026-07-26 EndDate=2026-07-27 UTC (cover_days; soma dias GMT tocados pela janela ~24h — alinhamento tipico a SMS Transactions / Insights Last 24h; totalprice pode diferir do cartao Total Spend),2026-07-27T10:08:43Z
NS,verify-package-plans,0,0,0.000000,StartDate=2026-07-26 EndDate=2026-07-27 UTC (cover_days; soma dias GMT tocados pela janela ~24h — alinhamento tipico a SMS Transactions / Insights Last 24h; totalprice pode diferir do cartao Total Spend),2026-07-27T10:08:43Z
NS,verify-push,0,0,0.000000,StartDate=2026-07-26 EndDate=2026-07-27 UTC (cover_days; soma dias GMT tocados pela janela ~24h — alinhamento tipico a SMS Transactions / Insights Last 24h; totalprice pode diferir do cartao Total Spend),2026-07-27T10:08:43Z
NS,verify-sna,0,0,0.000000,StartDate=2026-07-26 EndDate=2026-07-27 UTC (cover_days; soma dias GMT tocados pela janela ~24h — alinhamento tipico a SMS Transactions / Insights Last 24h; totalprice pode diferir do cartao Total Spend),2026-07-27T10:08:43Z
NS,verify-totp,0,0,0.000000,StartDate=2026-07-26 EndDate=2026-07-27 UTC (cover_days; soma dias GMT tocados pela janela ~24h — alinhamento tipico a SMS Transactions / Insights Last 24h; totalprice pode diferir do cartao Total Spend),2026-07-27T10:08:43Z
NS,verify-voice-sms,0,0,0.000000,StartDate=2026-07-26 EndDate=2026-07-27 UTC (cover_days; soma dias GMT tocados pela janela ~24h — alinhamento tipico a SMS Transactions / Insights Last 24h; totalprice pode diferir do cartao Total Spend),2026-07-27T10:08:43Z
NS,verify-whatsapp-conversations-business-initiated,0,0,0.000000,StartDate=2026-07-26 EndDate=2026-07-27 UTC (cover_days; soma dias GMT tocados pela janela ~24h — alinhamento tipico a SMS Transactions / Insights Last 24h; totalprice pode diferir do cartao Total Spend),2026-07-27T10:08:43Z
NS,verify-whatsapp-template-business-initiated,0,0,0.000000,StartDate=2026-07-26 EndDate=2026-07-27 UTC (cover_days; soma dias GMT tocados pela janela ~24h — alinhamento tipico a SMS Transactions / Insights Last 24h; totalprice pode diferir do cartao Total Spend),2026-07-27T10:08:43Z
NS,video-recordings,0,0,0.000000,StartDate=2026-07-26 EndDate=2026-07-27 UTC (cover_days; soma dias GMT tocados pela janela ~24h — alinhamento tipico a SMS Transactions / Insights Last 24h; totalprice pode diferir do cartao Total Spend),2026-07-27T10:08:43Z
NS,video-rooms-turn-megabytes,0,0,0.000000,StartDate=2026-07-26 EndDate=2026-07-27 UTC (cover_days; soma dias GMT tocados pela janela ~24h — alinhamento tipico a SMS Transactions / Insights Last 24h; totalprice pode diferir do cartao Total Spend),2026-07-27T10:08:43Z
NS,virtual-agent,0,0,0.000000,StartDate=2026-07-26 EndDate=2026-07-27 UTC (cover_days; soma dias GMT tocados pela janela ~24h — alinhamento tipico a SMS Transactions / Insights Last 24h; totalprice pode diferir do cartao Total Spend),2026-07-27T10:08:43Z
NS,voice,0,0,0.000000,StartDate=2026-07-26 EndDate=2026-07-27 UTC (cover_days; soma dias GMT tocados pela janela ~24h — alinhamento tipico a SMS Transactions / Insights Last 24h; totalprice pode diferir do cartao Total Spend),2026-07-27T10:08:43Z
NS,voice-connectivity,0,0,0.000000,StartDate=2026-07-26 EndDate=2026-07-27 UTC (cover_days; soma dias GMT tocados pela janela ~24h — alinhamento tipico a SMS Transactions / Insights Last 24h; totalprice pode diferir do cartao Total Spend),2026-07-27T10:08:43Z
NS,voice-connectivity-features,0,0,0.000000,StartDate=2026-07-26 EndDate=2026-07-27 UTC (cover_days; soma dias GMT tocados pela janela ~24h — alinhamento tipico a SMS Transactions / Insights Last 24h; totalprice pode diferir do cartao Total Spend),2026-07-27T10:08:43Z
NS,voice-insights,0,0,0.000000,StartDate=2026-07-26 EndDate=2026-07-27 UTC (cover_days; soma dias GMT tocados pela janela ~24h — alinhamento tipico a SMS Transactions / Insights Last 24h; totalprice pode diferir do cartao Total Spend),2026-07-27T10:08:43Z
NS,voice-insights-client-insights-on-demand-minute,0,0,0.000000,StartDate=2026-07-26 EndDate=2026-07-27 UTC (cover_days; soma dias GMT tocados pela janela ~24h — alinhamento tipico a SMS Transactions / Insights Last 24h; totalprice pode diferir do cartao Total Spend),2026-07-27T10:08:43Z
NS,voice-insights-ptsn-insights-on-demand-minute,0,0,0.000000,StartDate=2026-07-26 EndDate=2026-07-27 UTC (cover_days; soma dias GMT tocados pela janela ~24h — alinhamento tipico a SMS Transactions / Insights Last 24h; totalprice pode diferir do cartao Total Spend),2026-07-27T10:08:43Z
NS,voice-insights-sip-interface-insights-on-demand-minute,0,0,0.000000,StartDate=2026-07-26 EndDate=2026-07-27 UTC (cover_days; soma dias GMT tocados pela janela ~24h — alinhamento tipico a SMS Transactions / Insights Last 24h; totalprice pode diferir do cartao Total Spend),2026-07-27T10:08:43Z
NS,voice-insights-sip-trunking-insights-on-demand-minute,0,0,0.000000,StartDate=2026-07-26 EndDate=2026-07-27 UTC (cover_days; soma dias GMT tocados pela janela ~24h — alinhamento tipico a SMS Transactions / Insights Last 24h; totalprice pode diferir do cartao Total Spend),2026-07-27T10:08:43Z
NS,voice-intelligence,0,0,0.000000,StartDate=2026-07-26 EndDate=2026-07-27 UTC (cover_days; soma dias GMT tocados pela janela ~24h — alinhamento tipico a SMS Transactions / Insights Last 24h; totalprice pode diferir do cartao Total Spend),2026-07-27T10:08:43Z
NS,voice-intelligence-eip-operators,0,0,0.000000,StartDate=2026-07-26 EndDate=2026-07-27 UTC (cover_days; soma dias GMT tocados pela janela ~24h — alinhamento tipico a SMS Transactions / Insights Last 24h; totalprice pode diferir do cartao Total Spend),2026-07-27T10:08:43Z
NS,voice-intelligence-operators,0,0,0.000000,StartDate=2026-07-26 EndDate=2026-07-27 UTC (cover_days; soma dias GMT tocados pela janela ~24h — alinhamento tipico a SMS Transactions / Insights Last 24h; totalprice pode diferir do cartao Total Spend),2026-07-27T10:08:43Z
NS,voice-intelligence-transcription,0,0,0.000000,StartDate=2026-07-26 EndDate=2026-07-27 UTC (cover_days; soma dias GMT tocados pela janela ~24h — alinhamento tipico a SMS Transactions / Insights Last 24h; totalprice pode diferir do cartao Total Spend),2026-07-27T10:08:43Z
NS,voice-intelligence-video-transcription,0,0,0.000000,StartDate=2026-07-26 EndDate=2026-07-27 UTC (cover_days; soma dias GMT tocados pela janela ~24h — alinhamento tipico a SMS Transactions / Insights Last 24h; totalprice pode diferir do cartao Total Spend),2026-07-27T10:08:43Z
NS,wds,0,0,0.000000,StartDate=2026-07-26 EndDate=2026-07-27 UTC (cover_days; soma dias GMT tocados pela janela ~24h — alinhamento tipico a SMS Transactions / Insights Last 24h; totalprice pode diferir do cartao Total Spend),2026-07-27T10:08:43Z
NS,wireless,0,0,0.000000,StartDate=2026-07-26 EndDate=2026-07-27 UTC (cover_days; soma dias GMT tocados pela janela ~24h — alinhamento tipico a SMS Transactions / Insights Last 24h; totalprice pode diferir do cartao Total Spend),2026-07-27T10:08:43Z
NS,wireless-data,0,0,0.000000,StartDate=2026-07-26 EndDate=2026-07-27 UTC (cover_days; soma dias GMT tocados pela janela ~24h — alinhamento tipico a SMS Transactions / Insights Last 24h; totalprice pode diferir do cartao Total Spend),2026-07-27T10:08:43Z
NS,wireless-data-payg,0,0,0.000000,StartDate=2026-07-26 EndDate=2026-07-27 UTC (cover_days; soma dias GMT tocados pela janela ~24h — alinhamento tipico a SMS Transactions / Insights Last 24h; totalprice pode diferir do cartao Total Spend),2026-07-27T10:08:43Z
NS,wireless-data-payg-africa,0,0,0.000000,StartDate=2026-07-26 EndDate=2026-07-27 UTC (cover_days; soma dias GMT tocados pela janela ~24h — alinhamento tipico a SMS Transactions / Insights Last 24h; totalprice pode diferir do cartao Total Spend),2026-07-27T10:08:43Z
NS,wireless-data-payg-asia,0,0,0.000000,StartDate=2026-07-26 EndDate=2026-07-27 UTC (cover_days; soma dias GMT tocados pela janela ~24h — alinhamento tipico a SMS Transactions / Insights Last 24h; totalprice pode diferir do cartao Total Spend),2026-07-27T10:08:43Z
NS,wireless-data-payg-centralandsouthamerica,0,0,0.000000,StartDate=2026-07-26 EndDate=2026-07-27 UTC (cover_days; soma dias GMT tocados pela janela ~24h — alinhamento tipico a SMS Transactions / Insights Last 24h; totalprice pode diferir do cartao Total Spend),2026-07-27T10:08:43Z
NS,wireless-data-payg-europe,0,0,0.000000,StartDate=2026-07-26 EndDate=2026-07-27 UTC (cover_days; soma dias GMT tocados pela janela ~24h — alinhamento tipico a SMS Transactions / Insights Last 24h; totalprice pode diferir do cartao Total Spend),2026-07-27T10:08:43Z
NS,wireless-data-payg-northamerica,0,0,0.000000,StartDate=2026-07-26 EndDate=2026-07-27 UTC (cover_days; soma dias GMT tocados pela janela ~24h — alinhamento tipico a SMS Transactions / Insights Last 24h; totalprice pode diferir do cartao Total Spend),2026-07-27T10:08:43Z
NS,wireless-data-payg-oceania,0,0,0.000000,StartDate=2026-07-26 EndDate=2026-07-27 UTC (cover_days; soma dias GMT tocados pela janela ~24h — alinhamento tipico a SMS Transactions / Insights Last 24h; totalprice pode diferir do cartao Total Spend),2026-07-27T10:08:43Z
NS,wireless-data-quota1,0,0,0.000000,StartDate=2026-07-26 EndDate=2026-07-27 UTC (cover_days; soma dias GMT tocados pela janela ~24h — alinhamento tipico a SMS Transactions / Insights Last 24h; totalprice pode diferir do cartao Total Spend),2026-07-27T10:08:43Z
NS,wireless-data-quota1-africa,0,0,0.000000,StartDate=2026-07-26 EndDate=2026-07-27 UTC (cover_days; soma dias GMT tocados pela janela ~24h — alinhamento tipico a SMS Transactions / Insights Last 24h; totalprice pode diferir do cartao Total Spend),2026-07-27T10:08:43Z
NS,wireless-data-quota1-asia,0,0,0.000000,StartDate=2026-07-26 EndDate=2026-07-27 UTC (cover_days; soma dias GMT tocados pela janela ~24h — alinhamento tipico a SMS Transactions / Insights Last 24h; totalprice pode diferir do cartao Total Spend),2026-07-27T10:08:43Z
NS,wireless-data-quota1-centralandsouthamerica,0,0,0.000000,StartDate=2026-07-26 EndDate=2026-07-27 UTC (cover_days; soma dias GMT tocados pela janela ~24h — alinhamento tipico a SMS Transactions / Insights Last 24h; totalprice pode diferir do cartao Total Spend),2026-07-27T10:08:43Z
NS,wireless-data-quota1-europe,0,0,0.000000,StartDate=2026-07-26 EndDate=2026-07-27 UTC (cover_days; soma dias GMT tocados pela janela ~24h — alinhamento tipico a SMS Transactions / Insights Last 24h; totalprice pode diferir do cartao Total Spend),2026-07-27T10:08:43Z
NS,wireless-data-quota1-northamerica,0,0,0.000000,StartDate=2026-07-26 EndDate=2026-07-27 UTC (cover_days; soma dias GMT tocados pela janela ~24h — alinhamento tipico a SMS Transactions / Insights Last 24h; totalprice pode diferir do cartao Total Spend),2026-07-27T10:08:43Z
NS,wireless-data-quota1-oceania,0,0,0.000000,StartDate=2026-07-26 EndDate=2026-07-27 UTC (cover_days; soma dias GMT tocados pela janela ~24h — alinhamento tipico a SMS Transactions / Insights Last 24h; totalprice pode diferir do cartao Total Spend),2026-07-27T10:08:43Z
NS,wireless-data-quota10,0,0,0.000000,StartDate=2026-07-26 EndDate=2026-07-27 UTC (cover_days; soma dias GMT tocados pela janela ~24h — alinhamento tipico a SMS Transactions / Insights Last 24h; totalprice pode diferir do cartao Total Spend),2026-07-27T10:08:43Z
NS,wireless-data-quota10-africa,0,0,0.000000,StartDate=2026-07-26 EndDate=2026-07-27 UTC (cover_days; soma dias GMT tocados pela janela ~24h — alinhamento tipico a SMS Transactions / Insights Last 24h; totalprice pode diferir do cartao Total Spend),2026-07-27T10:08:43Z
NS,wireless-data-quota10-asia,0,0,0.000000,StartDate=2026-07-26 EndDate=2026-07-27 UTC (cover_days; soma dias GMT tocados pela janela ~24h — alinhamento tipico a SMS Transactions / Insights Last 24h; totalprice pode diferir do cartao Total Spend),2026-07-27T10:08:43Z
NS,wireless-data-quota10-centralandsouthamerica,0,0,0.000000,StartDate=2026-07-26 EndDate=2026-07-27 UTC (cover_days; soma dias GMT tocados pela janela ~24h — alinhamento tipico a SMS Transactions / Insights Last 24h; totalprice pode diferir do cartao Total Spend),2026-07-27T10:08:43Z
NS,wireless-data-quota10-europe,0,0,0.000000,StartDate=2026-07-26 EndDate=2026-07-27 UTC (cover_days; soma dias GMT tocados pela janela ~24h — alinhamento tipico a SMS Transactions / Insights Last 24h; totalprice pode diferir do cartao Total Spend),2026-07-27T10:08:43Z
NS,wireless-data-quota10-northamerica,0,0,0.000000,StartDate=2026-07-26 EndDate=2026-07-27 UTC (cover_days; soma dias GMT tocados pela janela ~24h — alinhamento tipico a SMS Transactions / Insights Last 24h; totalprice pode diferir do cartao Total Spend),2026-07-27T10:08:43Z
NS,wireless-data-quota10-oceania,0,0,0.000000,StartDate=2026-07-26 EndDate=2026-07-27 UTC (cover_days; soma dias GMT tocados pela janela ~24h — alinhamento tipico a SMS Transactions / Insights Last 24h; totalprice pode diferir do cartao Total Spend),2026-07-27T10:08:43Z
NS,wireless-data-quota50,0,0,0.000000,StartDate=2026-07-26 EndDate=2026-07-27 UTC (cover_days; soma dias GMT tocados pela janela ~24h — alinhamento tipico a SMS Transactions / Insights Last 24h; totalprice pode diferir do cartao Total Spend),2026-07-27T10:08:43Z
NS,wireless-data-quota50-africa,0,0,0.000000,StartDate=2026-07-26 EndDate=2026-07-27 UTC (cover_days; soma dias GMT tocados pela janela ~24h — alinhamento tipico a SMS Transactions / Insights Last 24h; totalprice pode diferir do cartao Total Spend),2026-07-27T10:08:43Z
NS,wireless-data-quota50-asia,0,0,0.000000,StartDate=2026-07-26 EndDate=2026-07-27 UTC (cover_days; soma dias GMT tocados pela janela ~24h — alinhamento tipico a SMS Transactions / Insights Last 24h; totalprice pode diferir do cartao Total Spend),2026-07-27T10:08:43Z
NS,wireless-data-quota50-centralandsouthamerica,0,0,0.000000,StartDate=2026-07-26 EndDate=2026-07-27 UTC (cover_days; soma dias GMT tocados pela janela ~24h — alinhamento tipico a SMS Transactions / Insights Last 24h; totalprice pode diferir do cartao Total Spend),2026-07-27T10:08:43Z
NS,wireless-data-quota50-europe,0,0,0.000000,StartDate=2026-07-26 EndDate=2026-07-27 UTC (cover_days; soma dias GMT tocados pela janela ~24h — alinhamento tipico a SMS Transactions / Insights Last 24h; totalprice pode diferir do cartao Total Spend),2026-07-27T10:08:43Z
NS,wireless-data-quota50-northamerica,0,0,0.000000,StartDate=2026-07-26 EndDate=2026-07-27 UTC (cover_days; soma dias GMT tocados pela janela ~24h — alinhamento tipico a SMS Transactions / Insights Last 24h; totalprice pode diferir do cartao Total Spend),2026-07-27T10:08:43Z
NS,wireless-data-quota50-oceania,0,0,0.000000,StartDate=2026-07-26 EndDate=2026-07-27 UTC (cover_days; soma dias GMT tocados pela janela ~24h — alinhamento tipico a SMS Transactions / Insights Last 24h; totalprice pode diferir do cartao Total Spend),2026-07-27T10:08:43Z
NS,wireless-data-quotacustom,0,0,0.000000,StartDate=2026-07-26 EndDate=2026-07-27 UTC (cover_days; soma dias GMT tocados pela janela ~24h — alinhamento tipico a SMS Transactions / Insights Last 24h; totalprice pode diferir do cartao Total Spend),2026-07-27T10:08:43Z
NS,wireless-data-quotacustom-africa,0,0,0.000000,StartDate=2026-07-26 EndDate=2026-07-27 UTC (cover_days; soma dias GMT tocados pela janela ~24h — alinhamento tipico a SMS Transactions / Insights Last 24h; totalprice pode diferir do cartao Total Spend),2026-07-27T10:08:43Z
NS,wireless-data-quotacustom-asia,0,0,0.000000,StartDate=2026-07-26 EndDate=2026-07-27 UTC (cover_days; soma dias GMT tocados pela janela ~24h — alinhamento tipico a SMS Transactions / Insights Last 24h; totalprice pode diferir do cartao Total Spend),2026-07-27T10:08:43Z
NS,wireless-data-quotacustom-centralandsouthamerica,0,0,0.000000,StartDate=2026-07-26 EndDate=2026-07-27 UTC (cover_days; soma dias GMT tocados pela janela ~24h — alinhamento tipico a SMS Transactions / Insights Last 24h; totalprice pode diferir do cartao Total Spend),2026-07-27T10:08:43Z
NS,wireless-data-quotacustom-europe,0,0,0.000000,StartDate=2026-07-26 EndDate=2026-07-27 UTC (cover_days; soma dias GMT tocados pela janela ~24h — alinhamento tipico a SMS Transactions / Insights Last 24h; totalprice pode diferir do cartao Total Spend),2026-07-27T10:08:43Z
NS,wireless-data-quotacustom-northamerica,0,0,0.000000,StartDate=2026-07-26 EndDate=2026-07-27 UTC (cover_days; soma dias GMT tocados pela janela ~24h — alinhamento tipico a SMS Transactions / Insights Last 24h; totalprice pode diferir do cartao Total Spend),2026-07-27T10:08:43Z
NS,wireless-data-quotacustom-oceania,0,0,0.000000,StartDate=2026-07-26 EndDate=2026-07-27 UTC (cover_days; soma dias GMT tocados pela janela ~24h — alinhamento tipico a SMS Transactions / Insights Last 24h; totalprice pode diferir do cartao Total Spend),2026-07-27T10:08:43Z
NS,wireless-mrc-payg,0,0,0.000000,StartDate=2026-07-26 EndDate=2026-07-27 UTC (cover_days; soma dias GMT tocados pela janela ~24h — alinhamento tipico a SMS Transactions / Insights Last 24h; totalprice pode diferir do cartao Total Spend),2026-07-27T10:08:43Z
NS,wireless-mrc-quota1,0,0,0.000000,StartDate=2026-07-26 EndDate=2026-07-27 UTC (cover_days; soma dias GMT tocados pela janela ~24h — alinhamento tipico a SMS Transactions / Insights Last 24h; totalprice pode diferir do cartao Total Spend),2026-07-27T10:08:43Z
NS,wireless-mrc-quota10,0,0,0.000000,StartDate=2026-07-26 EndDate=2026-07-27 UTC (cover_days; soma dias GMT tocados pela janela ~24h — alinhamento tipico a SMS Transactions / Insights Last 24h; totalprice pode diferir do cartao Total Spend),2026-07-27T10:08:43Z
NS,wireless-mrc-quota50,0,0,0.000000,StartDate=2026-07-26 EndDate=2026-07-27 UTC (cover_days; soma dias GMT tocados pela janela ~24h — alinhamento tipico a SMS Transactions / Insights Last 24h; totalprice pode diferir do cartao Total Spend),2026-07-27T10:08:43Z
NS,wireless-mrc-quotacustom,0,0,0.000000,StartDate=2026-07-26 EndDate=2026-07-27 UTC (cover_days; soma dias GMT tocados pela janela ~24h — alinhamento tipico a SMS Transactions / Insights Last 24h; totalprice pode diferir do cartao Total Spend),2026-07-27T10:08:43Z
NS,wireless-orders,0,0,0.000000,StartDate=2026-07-26 EndDate=2026-07-27 UTC (cover_days; soma dias GMT tocados pela janela ~24h — alinhamento tipico a SMS Transactions / Insights Last 24h; totalprice pode diferir do cartao Total Spend),2026-07-27T10:08:43Z
NS,wireless-orders-artwork,0,0,0.000000,StartDate=2026-07-26 EndDate=2026-07-27 UTC (cover_days; soma dias GMT tocados pela janela ~24h — alinhamento tipico a SMS Transactions / Insights Last 24h; totalprice pode diferir do cartao Total Spend),2026-07-27T10:08:43Z
NS,wireless-orders-bulk,0,0,0.000000,StartDate=2026-07-26 EndDate=2026-07-27 UTC (cover_days; soma dias GMT tocados pela janela ~24h — alinhamento tipico a SMS Transactions / Insights Last 24h; totalprice pode diferir do cartao Total Spend),2026-07-27T10:08:43Z
NS,wireless-orders-esim,0,0,0.000000,StartDate=2026-07-26 EndDate=2026-07-27 UTC (cover_days; soma dias GMT tocados pela janela ~24h — alinhamento tipico a SMS Transactions / Insights Last 24h; totalprice pode diferir do cartao Total Spend),2026-07-27T10:08:43Z
NS,wireless-orders-starter,0,0,0.000000,StartDate=2026-07-26 EndDate=2026-07-27 UTC (cover_days; soma dias GMT tocados pela janela ~24h — alinhamento tipico a SMS Transactions / Insights Last 24h; totalprice pode diferir do cartao Total Spend),2026-07-27T10:08:43Z
NS,wireless-quotas,0,0,0.000000,StartDate=2026-07-26 EndDate=2026-07-27 UTC (cover_days; soma dias GMT tocados pela janela ~24h — alinhamento tipico a SMS Transactions / Insights Last 24h; totalprice pode diferir do cartao Total Spend),2026-07-27T10:08:43Z
NS,wireless-sms-africa,0,0,0.000000,StartDate=2026-07-26 EndDate=2026-07-27 UTC (cover_days; soma dias GMT tocados pela janela ~24h — alinhamento tipico a SMS Transactions / Insights Last 24h; totalprice pode diferir do cartao Total Spend),2026-07-27T10:08:43Z
NS,wireless-sms-asia,0,0,0.000000,StartDate=2026-07-26 EndDate=2026-07-27 UTC (cover_days; soma dias GMT tocados pela janela ~24h — alinhamento tipico a SMS Transactions / Insights Last 24h; totalprice pode diferir do cartao Total Spend),2026-07-27T10:08:43Z
NS,wireless-sms-centralandsouthamerica,0,0,0.000000,StartDate=2026-07-26 EndDate=2026-07-27 UTC (cover_days; soma dias GMT tocados pela janela ~24h — alinhamento tipico a SMS Transactions / Insights Last 24h; totalprice pode diferir do cartao Total Spend),2026-07-27T10:08:43Z
NS,wireless-sms-europe,0,0,0.000000,StartDate=2026-07-26 EndDate=2026-07-27 UTC (cover_days; soma dias GMT tocados pela janela ~24h — alinhamento tipico a SMS Transactions / Insights Last 24h; totalprice pode diferir do cartao Total Spend),2026-07-27T10:08:43Z
NS,wireless-sms-northamerica,0,0,0.000000,StartDate=2026-07-26 EndDate=2026-07-27 UTC (cover_days; soma dias GMT tocados pela janela ~24h — alinhamento tipico a SMS Transactions / Insights Last 24h; totalprice pode diferir do cartao Total Spend),2026-07-27T10:08:43Z
NS,wireless-sms-oceania,0,0,0.000000,StartDate=2026-07-26 EndDate=2026-07-27 UTC (cover_days; soma dias GMT tocados pela janela ~24h — alinhamento tipico a SMS Transactions / Insights Last 24h; totalprice pode diferir do cartao Total Spend),2026-07-27T10:08:43Z
NS,wireless-super-sim,0,0,0.000000,StartDate=2026-07-26 EndDate=2026-07-27 UTC (cover_days; soma dias GMT tocados pela janela ~24h — alinhamento tipico a SMS Transactions / Insights Last 24h; totalprice pode diferir do cartao Total Spend),2026-07-27T10:08:43Z
NS,wireless-super-sim-data,0,0,0.000000,StartDate=2026-07-26 EndDate=2026-07-27 UTC (cover_days; soma dias GMT tocados pela janela ~24h — alinhamento tipico a SMS Transactions / Insights Last 24h; totalprice pode diferir do cartao Total Spend),2026-07-27T10:08:43Z
NS,wireless-super-sim-data-north-america-usa,0,0,0.000000,StartDate=2026-07-26 EndDate=2026-07-27 UTC (cover_days; soma dias GMT tocados pela janela ~24h — alinhamento tipico a SMS Transactions / Insights Last 24h; totalprice pode diferir do cartao Total Spend),2026-07-27T10:08:43Z
NS,wireless-super-sim-data-payg,0,0,0.000000,StartDate=2026-07-26 EndDate=2026-07-27 UTC (cover_days; soma dias GMT tocados pela janela ~24h — alinhamento tipico a SMS Transactions / Insights Last 24h; totalprice pode diferir do cartao Total Spend),2026-07-27T10:08:43Z
NS,wireless-super-sim-data-payg-europe,0,0,0.000000,StartDate=2026-07-26 EndDate=2026-07-27 UTC (cover_days; soma dias GMT tocados pela janela ~24h — alinhamento tipico a SMS Transactions / Insights Last 24h; totalprice pode diferir do cartao Total Spend),2026-07-27T10:08:43Z
NS,wireless-super-sim-data-payg-north-america,0,0,0.000000,StartDate=2026-07-26 EndDate=2026-07-27 UTC (cover_days; soma dias GMT tocados pela janela ~24h — alinhamento tipico a SMS Transactions / Insights Last 24h; totalprice pode diferir do cartao Total Spend),2026-07-27T10:08:43Z
NS,wireless-super-sim-hardware,0,0,0.000000,StartDate=2026-07-26 EndDate=2026-07-27 UTC (cover_days; soma dias GMT tocados pela janela ~24h — alinhamento tipico a SMS Transactions / Insights Last 24h; totalprice pode diferir do cartao Total Spend),2026-07-27T10:08:43Z
NS,wireless-super-sim-hardware-bulk,0,0,0.000000,StartDate=2026-07-26 EndDate=2026-07-27 UTC (cover_days; soma dias GMT tocados pela janela ~24h — alinhamento tipico a SMS Transactions / Insights Last 24h; totalprice pode diferir do cartao Total Spend),2026-07-27T10:08:43Z
NS,wireless-super-sim-smscommands,0,0,0.000000,StartDate=2026-07-26 EndDate=2026-07-27 UTC (cover_days; soma dias GMT tocados pela janela ~24h — alinhamento tipico a SMS Transactions / Insights Last 24h; totalprice pode diferir do cartao Total Spend),2026-07-27T10:08:43Z
NS,wireless-super-sim-smscommands-africa,0,0,0.000000,StartDate=2026-07-26 EndDate=2026-07-27 UTC (cover_days; soma dias GMT tocados pela janela ~24h — alinhamento tipico a SMS Transactions / Insights Last 24h; totalprice pode diferir do cartao Total Spend),2026-07-27T10:08:43Z
NS,wireless-super-sim-smscommands-asia,0,0,0.000000,StartDate=2026-07-26 EndDate=2026-07-27 UTC (cover_days; soma dias GMT tocados pela janela ~24h — alinhamento tipico a SMS Transactions / Insights Last 24h; totalprice pode diferir do cartao Total Spend),2026-07-27T10:08:43Z
NS,wireless-super-sim-smscommands-cent-and-south-america,0,0,0.000000,StartDate=2026-07-26 EndDate=2026-07-27 UTC (cover_days; soma dias GMT tocados pela janela ~24h — alinhamento tipico a SMS Transactions / Insights Last 24h; totalprice pode diferir do cartao Total Spend),2026-07-27T10:08:43Z
NS,wireless-super-sim-smscommands-europe,0,0,0.000000,StartDate=2026-07-26 EndDate=2026-07-27 UTC (cover_days; soma dias GMT tocados pela janela ~24h — alinhamento tipico a SMS Transactions / Insights Last 24h; totalprice pode diferir do cartao Total Spend),2026-07-27T10:08:43Z
NS,wireless-super-sim-smscommands-north-america,0,0,0.000000,StartDate=2026-07-26 EndDate=2026-07-27 UTC (cover_days; soma dias GMT tocados pela janela ~24h — alinhamento tipico a SMS Transactions / Insights Last 24h; totalprice pode diferir do cartao Total Spend),2026-07-27T10:08:43Z
NS,wireless-super-sim-smscommands-oceania,0,0,0.000000,StartDate=2026-07-26 EndDate=2026-07-27 UTC (cover_days; soma dias GMT tocados pela janela ~24h — alinhamento tipico a SMS Transactions / Insights Last 24h; totalprice pode diferir do cartao Total Spend),2026-07-27T10:08:43Z
NS,wireless-super-sim-subscription,0,0,0.000000,StartDate=2026-07-26 EndDate=2026-07-27 UTC (cover_days; soma dias GMT tocados pela janela ~24h — alinhamento tipico a SMS Transactions / Insights Last 24h; totalprice pode diferir do cartao Total Spend),2026-07-27T10:08:43Z
NS,wireless-super-sim-subscription-payg,0,0,0.000000,StartDate=2026-07-26 EndDate=2026-07-27 UTC (cover_days; soma dias GMT tocados pela janela ~24h — alinhamento tipico a SMS Transactions / Insights Last 24h; totalprice pode diferir do cartao Total Spend),2026-07-27T10:08:43Z
NS,wireless-usage,0,0,0.000000,StartDate=2026-07-26 EndDate=2026-07-27 UTC (cover_days; soma dias GMT tocados pela janela ~24h — alinhamento tipico a SMS Transactions / Insights Last 24h; totalprice pode diferir do cartao Total Spend),2026-07-27T10:08:43Z
NS,wireless-usage-commands,0,0,0.000000,StartDate=2026-07-26 EndDate=2026-07-27 UTC (cover_days; soma dias GMT tocados pela janela ~24h — alinhamento tipico a SMS Transactions / Insights Last 24h; totalprice pode diferir do cartao Total Spend),2026-07-27T10:08:43Z
NS,wireless-usage-commands-africa,0,0,0.000000,StartDate=2026-07-26 EndDate=2026-07-27 UTC (cover_days; soma dias GMT tocados pela janela ~24h — alinhamento tipico a SMS Transactions / Insights Last 24h; totalprice pode diferir do cartao Total Spend),2026-07-27T10:08:43Z
NS,wireless-usage-commands-asia,0,0,0.000000,StartDate=2026-07-26 EndDate=2026-07-27 UTC (cover_days; soma dias GMT tocados pela janela ~24h — alinhamento tipico a SMS Transactions / Insights Last 24h; totalprice pode diferir do cartao Total Spend),2026-07-27T10:08:43Z
NS,wireless-usage-commands-centralandsouthamerica,0,0,0.000000,StartDate=2026-07-26 EndDate=2026-07-27 UTC (cover_days; soma dias GMT tocados pela janela ~24h — alinhamento tipico a SMS Transactions / Insights Last 24h; totalprice pode diferir do cartao Total Spend),2026-07-27T10:08:43Z
NS,wireless-usage-commands-europe,0,0,0.000000,StartDate=2026-07-26 EndDate=2026-07-27 UTC (cover_days; soma dias GMT tocados pela janela ~24h — alinhamento tipico a SMS Transactions / Insights Last 24h; totalprice pode diferir do cartao Total Spend),2026-07-27T10:08:43Z
NS,wireless-usage-commands-home,0,0,0.000000,StartDate=2026-07-26 EndDate=2026-07-27 UTC (cover_days; soma dias GMT tocados pela janela ~24h — alinhamento tipico a SMS Transactions / Insights Last 24h; totalprice pode diferir do cartao Total Spend),2026-07-27T10:08:43Z
NS,wireless-usage-commands-northamerica,0,0,0.000000,StartDate=2026-07-26 EndDate=2026-07-27 UTC (cover_days; soma dias GMT tocados pela janela ~24h — alinhamento tipico a SMS Transactions / Insights Last 24h; totalprice pode diferir do cartao Total Spend),2026-07-27T10:08:43Z
NS,wireless-usage-commands-oceania,0,0,0.000000,StartDate=2026-07-26 EndDate=2026-07-27 UTC (cover_days; soma dias GMT tocados pela janela ~24h — alinhamento tipico a SMS Transactions / Insights Last 24h; totalprice pode diferir do cartao Total Spend),2026-07-27T10:08:43Z
NS,wireless-usage-commands-roaming,0,0,0.000000,StartDate=2026-07-26 EndDate=2026-07-27 UTC (cover_days; soma dias GMT tocados pela janela ~24h — alinhamento tipico a SMS Transactions / Insights Last 24h; totalprice pode diferir do cartao Total Spend),2026-07-27T10:08:43Z
NS,wireless-usage-data,0,0,0.000000,StartDate=2026-07-26 EndDate=2026-07-27 UTC (cover_days; soma dias GMT tocados pela janela ~24h — alinhamento tipico a SMS Transactions / Insights Last 24h; totalprice pode diferir do cartao Total Spend),2026-07-27T10:08:43Z
NS,wireless-usage-data-africa,0,0,0.000000,StartDate=2026-07-26 EndDate=2026-07-27 UTC (cover_days; soma dias GMT tocados pela janela ~24h — alinhamento tipico a SMS Transactions / Insights Last 24h; totalprice pode diferir do cartao Total Spend),2026-07-27T10:08:43Z
NS,wireless-usage-data-asia,0,0,0.000000,StartDate=2026-07-26 EndDate=2026-07-27 UTC (cover_days; soma dias GMT tocados pela janela ~24h — alinhamento tipico a SMS Transactions / Insights Last 24h; totalprice pode diferir do cartao Total Spend),2026-07-27T10:08:43Z
NS,wireless-usage-data-centralandsouthamerica,0,0,0.000000,StartDate=2026-07-26 EndDate=2026-07-27 UTC (cover_days; soma dias GMT tocados pela janela ~24h — alinhamento tipico a SMS Transactions / Insights Last 24h; totalprice pode diferir do cartao Total Spend),2026-07-27T10:08:43Z
NS,wireless-usage-data-custom-additionalmb,0,0,0.000000,StartDate=2026-07-26 EndDate=2026-07-27 UTC (cover_days; soma dias GMT tocados pela janela ~24h — alinhamento tipico a SMS Transactions / Insights Last 24h; totalprice pode diferir do cartao Total Spend),2026-07-27T10:08:43Z
NS,wireless-usage-data-custom-first5mb,0,0,0.000000,StartDate=2026-07-26 EndDate=2026-07-27 UTC (cover_days; soma dias GMT tocados pela janela ~24h — alinhamento tipico a SMS Transactions / Insights Last 24h; totalprice pode diferir do cartao Total Spend),2026-07-27T10:08:43Z
NS,wireless-usage-data-domestic-roaming,0,0,0.000000,StartDate=2026-07-26 EndDate=2026-07-27 UTC (cover_days; soma dias GMT tocados pela janela ~24h — alinhamento tipico a SMS Transactions / Insights Last 24h; totalprice pode diferir do cartao Total Spend),2026-07-27T10:08:43Z
NS,wireless-usage-data-europe,0,0,0.000000,StartDate=2026-07-26 EndDate=2026-07-27 UTC (cover_days; soma dias GMT tocados pela janela ~24h — alinhamento tipico a SMS Transactions / Insights Last 24h; totalprice pode diferir do cartao Total Spend),2026-07-27T10:08:43Z
NS,wireless-usage-data-individual-additionalgb,0,0,0.000000,StartDate=2026-07-26 EndDate=2026-07-27 UTC (cover_days; soma dias GMT tocados pela janela ~24h — alinhamento tipico a SMS Transactions / Insights Last 24h; totalprice pode diferir do cartao Total Spend),2026-07-27T10:08:43Z
NS,wireless-usage-data-individual-firstgb,0,0,0.000000,StartDate=2026-07-26 EndDate=2026-07-27 UTC (cover_days; soma dias GMT tocados pela janela ~24h — alinhamento tipico a SMS Transactions / Insights Last 24h; totalprice pode diferir do cartao Total Spend),2026-07-27T10:08:43Z
NS,wireless-usage-data-international-roaming-canada,0,0,0.000000,StartDate=2026-07-26 EndDate=2026-07-27 UTC (cover_days; soma dias GMT tocados pela janela ~24h — alinhamento tipico a SMS Transactions / Insights Last 24h; totalprice pode diferir do cartao Total Spend),2026-07-27T10:08:43Z
NS,wireless-usage-data-international-roaming-india,0,0,0.000000,StartDate=2026-07-26 EndDate=2026-07-27 UTC (cover_days; soma dias GMT tocados pela janela ~24h — alinhamento tipico a SMS Transactions / Insights Last 24h; totalprice pode diferir do cartao Total Spend),2026-07-27T10:08:43Z
NS,wireless-usage-data-international-roaming-mexico,0,0,0.000000,StartDate=2026-07-26 EndDate=2026-07-27 UTC (cover_days; soma dias GMT tocados pela janela ~24h — alinhamento tipico a SMS Transactions / Insights Last 24h; totalprice pode diferir do cartao Total Spend),2026-07-27T10:08:43Z
NS,wireless-usage-data-northamerica,0,0,0.000000,StartDate=2026-07-26 EndDate=2026-07-27 UTC (cover_days; soma dias GMT tocados pela janela ~24h — alinhamento tipico a SMS Transactions / Insights Last 24h; totalprice pode diferir do cartao Total Spend),2026-07-27T10:08:43Z
NS,wireless-usage-data-oceania,0,0,0.000000,StartDate=2026-07-26 EndDate=2026-07-27 UTC (cover_days; soma dias GMT tocados pela janela ~24h — alinhamento tipico a SMS Transactions / Insights Last 24h; totalprice pode diferir do cartao Total Spend),2026-07-27T10:08:43Z
NS,wireless-usage-data-pooled,0,0,0.000000,StartDate=2026-07-26 EndDate=2026-07-27 UTC (cover_days; soma dias GMT tocados pela janela ~24h — alinhamento tipico a SMS Transactions / Insights Last 24h; totalprice pode diferir do cartao Total Spend),2026-07-27T10:08:43Z
NS,wireless-usage-data-pooled-downlink,0,0,0.000000,StartDate=2026-07-26 EndDate=2026-07-27 UTC (cover_days; soma dias GMT tocados pela janela ~24h — alinhamento tipico a SMS Transactions / Insights Last 24h; totalprice pode diferir do cartao Total Spend),2026-07-27T10:08:43Z
NS,wireless-usage-data-pooled-uplink,0,0,0.000000,StartDate=2026-07-26 EndDate=2026-07-27 UTC (cover_days; soma dias GMT tocados pela janela ~24h — alinhamento tipico a SMS Transactions / Insights Last 24h; totalprice pode diferir do cartao Total Spend),2026-07-27T10:08:43Z
NS,wireless-usage-mrc,0,0,0.000000,StartDate=2026-07-26 EndDate=2026-07-27 UTC (cover_days; soma dias GMT tocados pela janela ~24h — alinhamento tipico a SMS Transactions / Insights Last 24h; totalprice pode diferir do cartao Total Spend),2026-07-27T10:08:43Z
NS,wireless-usage-mrc-custom,0,0,0.000000,StartDate=2026-07-26 EndDate=2026-07-27 UTC (cover_days; soma dias GMT tocados pela janela ~24h — alinhamento tipico a SMS Transactions / Insights Last 24h; totalprice pode diferir do cartao Total Spend),2026-07-27T10:08:43Z
NS,wireless-usage-mrc-individual,0,0,0.000000,StartDate=2026-07-26 EndDate=2026-07-27 UTC (cover_days; soma dias GMT tocados pela janela ~24h — alinhamento tipico a SMS Transactions / Insights Last 24h; totalprice pode diferir do cartao Total Spend),2026-07-27T10:08:43Z
NS,wireless-usage-mrc-pooled,0,0,0.000000,StartDate=2026-07-26 EndDate=2026-07-27 UTC (cover_days; soma dias GMT tocados pela janela ~24h — alinhamento tipico a SMS Transactions / Insights Last 24h; totalprice pode diferir do cartao Total Spend),2026-07-27T10:08:43Z
NS,wireless-usage-mrc-suspended,0,0,0.000000,StartDate=2026-07-26 EndDate=2026-07-27 UTC (cover_days; soma dias GMT tocados pela janela ~24h — alinhamento tipico a SMS Transactions / Insights Last 24h; totalprice pode diferir do cartao Total Spend),2026-07-27T10:08:43Z
NS,wireless-usage-sms,0,0,0.000000,StartDate=2026-07-26 EndDate=2026-07-27 UTC (cover_days; soma dias GMT tocados pela janela ~24h — alinhamento tipico a SMS Transactions / Insights Last 24h; totalprice pode diferir do cartao Total Spend),2026-07-27T10:08:43Z
NS,wireless-usage-voice,0,0,0.000000,StartDate=2026-07-26 EndDate=2026-07-27 UTC (cover_days; soma dias GMT tocados pela janela ~24h — alinhamento tipico a SMS Transactions / Insights Last 24h; totalprice pode diferir do cartao Total Spend),2026-07-27T10:08:43Z
Joao,totalprice,0,75.7648,75.764770,StartDate=2026-07-26 EndDate=2026-07-27 UTC (cover_days; soma dias GMT tocados pela janela ~24h — alinhamento tipico a SMS Transactions / Insights Last 24h; totalprice pode diferir do cartao Total Spend),2026-07-27T10:08:43Z
Joao,enhanced-line-type-lookups,8510,8510,34.080000,StartDate=2026-07-26 EndDate=2026-07-27 UTC (cover_days; soma dias GMT tocados pela janela ~24h — alinhamento tipico a SMS Transactions / Insights Last 24h; totalprice pode diferir do cartao Total Spend),2026-07-27T10:08:43Z
Joao,lookups,17472,17472,34.080000,StartDate=2026-07-26 EndDate=2026-07-27 UTC (cover_days; soma dias GMT tocados pela janela ~24h — alinhamento tipico a SMS Transactions / Insights Last 24h; totalprice pode diferir do cartao Total Spend),2026-07-27T10:08:43Z
Joao,calls,3863,4244,28.198200,StartDate=2026-07-26 EndDate=2026-07-27 UTC (cover_days; soma dias GMT tocados pela janela ~24h — alinhamento tipico a SMS Transactions / Insights Last 24h; totalprice pode diferir do cartao Total Spend),2026-07-27T10:08:43Z
Joao,calls-outbound,1742,2070,20.794200,StartDate=2026-07-26 EndDate=2026-07-27 UTC (cover_days; soma dias GMT tocados pela janela ~24h — alinhamento tipico a SMS Transactions / Insights Last 24h; totalprice pode diferir do cartao Total Spend),2026-07-27T10:08:43Z
Joao,calls-media-stream-minutes,1918,2075,6.225000,StartDate=2026-07-26 EndDate=2026-07-27 UTC (cover_days; soma dias GMT tocados pela janela ~24h — alinhamento tipico a SMS Transactions / Insights Last 24h; totalprice pode diferir do cartao Total Spend),2026-07-27T10:08:43Z
Joao,channels,2299,2319,5.537630,StartDate=2026-07-26 EndDate=2026-07-27 UTC (cover_days; soma dias GMT tocados pela janela ~24h — alinhamento tipico a SMS Transactions / Insights Last 24h; totalprice pode diferir do cartao Total Spend),2026-07-27T10:08:43Z
Joao,calls-recordings,1741,2065,5.162500,StartDate=2026-07-26 EndDate=2026-07-27 UTC (cover_days; soma dias GMT tocados pela janela ~24h — alinhamento tipico a SMS Transactions / Insights Last 24h; totalprice pode diferir do cartao Total Spend),2026-07-27T10:08:43Z
Joao,recordings,1741,2065,5.162500,StartDate=2026-07-26 EndDate=2026-07-27 UTC (cover_days; soma dias GMT tocados pela janela ~24h — alinhamento tipico a SMS Transactions / Insights Last 24h; totalprice pode diferir do cartao Total Spend),2026-07-27T10:08:43Z
Joao,sms,973,987,2.951130,StartDate=2026-07-26 EndDate=2026-07-27 UTC (cover_days; soma dias GMT tocados pela janela ~24h — alinhamento tipico a SMS Transactions / Insights Last 24h; totalprice pode diferir do cartao Total Spend),2026-07-27T10:08:43Z
Joao,sms-inbound,913,927,2.771730,StartDate=2026-07-26 EndDate=2026-07-27 UTC (cover_days; soma dias GMT tocados pela janela ~24h — alinhamento tipico a SMS Transactions / Insights Last 24h; totalprice pode diferir do cartao Total Spend),2026-07-27T10:08:43Z
Joao,sms-inbound-tollfree,906,920,2.750800,StartDate=2026-07-26 EndDate=2026-07-27 UTC (cover_days; soma dias GMT tocados pela janela ~24h — alinhamento tipico a SMS Transactions / Insights Last 24h; totalprice pode diferir do cartao Total Spend),2026-07-27T10:08:43Z
Joao,phonenumbers,1,1,2.150000,StartDate=2026-07-26 EndDate=2026-07-27 UTC (cover_days; soma dias GMT tocados pela janela ~24h — alinhamento tipico a SMS Transactions / Insights Last 24h; totalprice pode diferir do cartao Total Spend),2026-07-27T10:08:43Z
Joao,phonenumbers-tollfree,1,1,2.150000,StartDate=2026-07-26 EndDate=2026-07-27 UTC (cover_days; soma dias GMT tocados pela janela ~24h — alinhamento tipico a SMS Transactions / Insights Last 24h; totalprice pode diferir do cartao Total Spend),2026-07-27T10:08:43Z
Joao,sms-messages-carrierfees,569,575,1.829500,StartDate=2026-07-26 EndDate=2026-07-27 UTC (cover_days; soma dias GMT tocados pela janela ~24h — alinhamento tipico a SMS Transactions / Insights Last 24h; totalprice pode diferir do cartao Total Spend),2026-07-27T10:08:43Z
Joao,calls-inbound,203,99,1.179000,StartDate=2026-07-26 EndDate=2026-07-27 UTC (cover_days; soma dias GMT tocados pela janela ~24h — alinhamento tipico a SMS Transactions / Insights Last 24h; totalprice pode diferir do cartao Total Spend),2026-07-27T10:08:43Z
Joao,failed-message-processing-fee,757,757,0.757000,StartDate=2026-07-26 EndDate=2026-07-27 UTC (cover_days; soma dias GMT tocados pela janela ~24h — alinhamento tipico a SMS Transactions / Insights Last 24h; totalprice pode diferir do cartao Total Spend),2026-07-27T10:08:43Z
Joao,calls-inbound-local,176,74,0.629000,StartDate=2026-07-26 EndDate=2026-07-27 UTC (cover_days; soma dias GMT tocados pela janela ~24h — alinhamento tipico a SMS Transactions / Insights Last 24h; totalprice pode diferir do cartao Total Spend),2026-07-27T10:08:43Z
Joao,calls-inbound-tollfree,27,25,0.550000,StartDate=2026-07-26 EndDate=2026-07-27 UTC (cover_days; soma dias GMT tocados pela janela ~24h — alinhamento tipico a SMS Transactions / Insights Last 24h; totalprice pode diferir do cartao Total Spend),2026-07-27T10:08:43Z
Joao,amazon-polly,24,24,0.312000,StartDate=2026-07-26 EndDate=2026-07-27 UTC (cover_days; soma dias GMT tocados pela janela ~24h — alinhamento tipico a SMS Transactions / Insights Last 24h; totalprice pode diferir do cartao Total Spend),2026-07-27T10:08:43Z
Joao,recordingstorage,1,590.88,0.295440,StartDate=2026-07-26 EndDate=2026-07-27 UTC (cover_days; soma dias GMT tocados pela janela ~24h — alinhamento tipico a SMS Transactions / Insights Last 24h; totalprice pode diferir do cartao Total Spend),2026-07-27T10:08:43Z
Joao,sms-outbound,60,60,0.179400,StartDate=2026-07-26 EndDate=2026-07-27 UTC (cover_days; soma dias GMT tocados pela janela ~24h — alinhamento tipico a SMS Transactions / Insights Last 24h; totalprice pode diferir do cartao Total Spend),2026-07-27T10:08:43Z
Joao,sms-outbound-tollfree,60,60,0.179400,StartDate=2026-07-26 EndDate=2026-07-27 UTC (cover_days; soma dias GMT tocados pela janela ~24h — alinhamento tipico a SMS Transactions / Insights Last 24h; totalprice pode diferir do cartao Total Spend),2026-07-27T10:08:43Z
Joao,sms-inbound-longcode,7,7,0.020930,StartDate=2026-07-26 EndDate=2026-07-27 UTC (cover_days; soma dias GMT tocados pela janela ~24h — alinhamento tipico a SMS Transactions / Insights Last 24h; totalprice pode diferir do cartao Total Spend),2026-07-27T10:08:43Z
Joao,mms,1,1,0.020000,StartDate=2026-07-26 EndDate=2026-07-27 UTC (cover_days; soma dias GMT tocados pela janela ~24h — alinhamento tipico a SMS Transactions / Insights Last 24h; totalprice pode diferir do cartao Total Spend),2026-07-27T10:08:43Z
Joao,mms-inbound,1,1,0.020000,StartDate=2026-07-26 EndDate=2026-07-27 UTC (cover_days; soma dias GMT tocados pela janela ~24h — alinhamento tipico a SMS Transactions / Insights Last 24h; totalprice pode diferir do cartao Total Spend),2026-07-27T10:08:43Z
Joao,mms-inbound-toll-free,1,1,0.020000,StartDate=2026-07-26 EndDate=2026-07-27 UTC (cover_days; soma dias GMT tocados pela janela ~24h — alinhamento tipico a SMS Transactions / Insights Last 24h; totalprice pode diferir do cartao Total Spend),2026-07-27T10:08:43Z
Joao,mms-messages-carrierfees,1,1,0.009000,StartDate=2026-07-26 EndDate=2026-07-27 UTC (cover_days; soma dias GMT tocados pela janela ~24h — alinhamento tipico a SMS Transactions / Insights Last 24h; totalprice pode diferir do cartao Total Spend),2026-07-27T10:08:43Z
Joao,bundle-sms-bucket,1,1,0.002990,StartDate=2026-07-26 EndDate=2026-07-27 UTC (cover_days; soma dias GMT tocados pela janela ~24h — alinhamento tipico a SMS Transactions / Insights Last 24h; totalprice pode diferir do cartao Total Spend),2026-07-27T10:08:43Z
Joao,a2p-10dlc-registrationfees-brandregistration,0,0,0.000000,StartDate=2026-07-26 EndDate=2026-07-27 UTC (cover_days; soma dias GMT tocados pela janela ~24h — alinhamento tipico a SMS Transactions / Insights Last 24h; totalprice pode diferir do cartao Total Spend),2026-07-27T10:08:43Z
Joao,a2p-10dlc-registrationfees-bv,0,0,0.000000,StartDate=2026-07-26 EndDate=2026-07-27 UTC (cover_days; soma dias GMT tocados pela janela ~24h — alinhamento tipico a SMS Transactions / Insights Last 24h; totalprice pode diferir do cartao Total Spend),2026-07-27T10:08:43Z
Joao,a2p-10dlc-registrationfees-campaigncharges,0,0,0.000000,StartDate=2026-07-26 EndDate=2026-07-27 UTC (cover_days; soma dias GMT tocados pela janela ~24h — alinhamento tipico a SMS Transactions / Insights Last 24h; totalprice pode diferir do cartao Total Spend),2026-07-27T10:08:43Z
Joao,a2p-10dlc-registrationfees-campaignregistration,0,0,0.000000,StartDate=2026-07-26 EndDate=2026-07-27 UTC (cover_days; soma dias GMT tocados pela janela ~24h — alinhamento tipico a SMS Transactions / Insights Last 24h; totalprice pode diferir do cartao Total Spend),2026-07-27T10:08:43Z
Joao,a2p-10dlc-registrationfees-campaignvetting,0,0,0.000000,StartDate=2026-07-26 EndDate=2026-07-27 UTC (cover_days; soma dias GMT tocados pela janela ~24h — alinhamento tipico a SMS Transactions / Insights Last 24h; totalprice pode diferir do cartao Total Spend),2026-07-27T10:08:43Z
Joao,a2p-10dlc-registrationfees-monthly,0,0,0.000000,StartDate=2026-07-26 EndDate=2026-07-27 UTC (cover_days; soma dias GMT tocados pela janela ~24h — alinhamento tipico a SMS Transactions / Insights Last 24h; totalprice pode diferir do cartao Total Spend),2026-07-27T10:08:43Z
Joao,a2p-10dlc-registrationfees-onetime,0,0,0.000000,StartDate=2026-07-26 EndDate=2026-07-27 UTC (cover_days; soma dias GMT tocados pela janela ~24h — alinhamento tipico a SMS Transactions / Insights Last 24h; totalprice pode diferir do cartao Total Spend),2026-07-27T10:08:43Z
Joao,a2p-registration-fees,0,0,0.000000,StartDate=2026-07-26 EndDate=2026-07-27 UTC (cover_days; soma dias GMT tocados pela janela ~24h — alinhamento tipico a SMS Transactions / Insights Last 24h; totalprice pode diferir do cartao Total Spend),2026-07-27T10:08:43Z
Joao,account-security,0,0,0.000000,StartDate=2026-07-26 EndDate=2026-07-27 UTC (cover_days; soma dias GMT tocados pela janela ~24h — alinhamento tipico a SMS Transactions / Insights Last 24h; totalprice pode diferir do cartao Total Spend),2026-07-27T10:08:43Z
Joao,agent-conference,0,0,0.000000,StartDate=2026-07-26 EndDate=2026-07-27 UTC (cover_days; soma dias GMT tocados pela janela ~24h — alinhamento tipico a SMS Transactions / Insights Last 24h; totalprice pode diferir do cartao Total Spend),2026-07-27T10:08:43Z
Joao,agent-copilot,0,0,0.000000,StartDate=2026-07-26 EndDate=2026-07-27 UTC (cover_days; soma dias GMT tocados pela janela ~24h — alinhamento tipico a SMS Transactions / Insights Last 24h; totalprice pode diferir do cartao Total Spend),2026-07-27T10:08:43Z
Joao,agent-copilot-messages,0,0,0.000000,StartDate=2026-07-26 EndDate=2026-07-27 UTC (cover_days; soma dias GMT tocados pela janela ~24h — alinhamento tipico a SMS Transactions / Insights Last 24h; totalprice pode diferir do cartao Total Spend),2026-07-27T10:08:43Z
Joao,agent-copilot-participant-minutes,0,0,0.000000,StartDate=2026-07-26 EndDate=2026-07-27 UTC (cover_days; soma dias GMT tocados pela janela ~24h — alinhamento tipico a SMS Transactions / Insights Last 24h; totalprice pode diferir do cartao Total Spend),2026-07-27T10:08:43Z
Joao,ai-assistants,0,0,0.000000,StartDate=2026-07-26 EndDate=2026-07-27 UTC (cover_days; soma dias GMT tocados pela janela ~24h — alinhamento tipico a SMS Transactions / Insights Last 24h; totalprice pode diferir do cartao Total Spend),2026-07-27T10:08:43Z
Joao,ai-assistants-voice,0,0,0.000000,StartDate=2026-07-26 EndDate=2026-07-27 UTC (cover_days; soma dias GMT tocados pela janela ~24h — alinhamento tipico a SMS Transactions / Insights Last 24h; totalprice pode diferir do cartao Total Spend),2026-07-27T10:08:43Z
Joao,answering-machine-detection,0,0,0.000000,StartDate=2026-07-26 EndDate=2026-07-27 UTC (cover_days; soma dias GMT tocados pela janela ~24h — alinhamento tipico a SMS Transactions / Insights Last 24h; totalprice pode diferir do cartao Total Spend),2026-07-27T10:08:43Z
Joao,assets,0,0,0.000000,StartDate=2026-07-26 EndDate=2026-07-27 UTC (cover_days; soma dias GMT tocados pela janela ~24h — alinhamento tipico a SMS Transactions / Insights Last 24h; totalprice pode diferir do cartao Total Spend),2026-07-27T10:08:43Z
Joao,audience-minutes,0,0,0.000000,StartDate=2026-07-26 EndDate=2026-07-27 UTC (cover_days; soma dias GMT tocados pela janela ~24h — alinhamento tipico a SMS Transactions / Insights Last 24h; totalprice pode diferir do cartao Total Spend),2026-07-27T10:08:43Z
Joao,audience-minutes-audio,0,0,0.000000,StartDate=2026-07-26 EndDate=2026-07-27 UTC (cover_days; soma dias GMT tocados pela janela ~24h — alinhamento tipico a SMS Transactions / Insights Last 24h; totalprice pode diferir do cartao Total Spend),2026-07-27T10:08:43Z
Joao,authy-authentications,0,0,0.000000,StartDate=2026-07-26 EndDate=2026-07-27 UTC (cover_days; soma dias GMT tocados pela janela ~24h — alinhamento tipico a SMS Transactions / Insights Last 24h; totalprice pode diferir do cartao Total Spend),2026-07-27T10:08:43Z
Joao,authy-calls-outbound,0,0,0.000000,StartDate=2026-07-26 EndDate=2026-07-27 UTC (cover_days; soma dias GMT tocados pela janela ~24h — alinhamento tipico a SMS Transactions / Insights Last 24h; totalprice pode diferir do cartao Total Spend),2026-07-27T10:08:43Z
Joao,authy-email-authentications,0,0,0.000000,StartDate=2026-07-26 EndDate=2026-07-27 UTC (cover_days; soma dias GMT tocados pela janela ~24h — alinhamento tipico a SMS Transactions / Insights Last 24h; totalprice pode diferir do cartao Total Spend),2026-07-27T10:08:43Z
Joao,authy-monthly-fees,0,0,0.000000,StartDate=2026-07-26 EndDate=2026-07-27 UTC (cover_days; soma dias GMT tocados pela janela ~24h — alinhamento tipico a SMS Transactions / Insights Last 24h; totalprice pode diferir do cartao Total Spend),2026-07-27T10:08:43Z
Joao,authy-outbound-email,0,0,0.000000,StartDate=2026-07-26 EndDate=2026-07-27 UTC (cover_days; soma dias GMT tocados pela janela ~24h — alinhamento tipico a SMS Transactions / Insights Last 24h; totalprice pode diferir do cartao Total Spend),2026-07-27T10:08:43Z
Joao,authy-phone-intelligence,0,0,0.000000,StartDate=2026-07-26 EndDate=2026-07-27 UTC (cover_days; soma dias GMT tocados pela janela ~24h — alinhamento tipico a SMS Transactions / Insights Last 24h; totalprice pode diferir do cartao Total Spend),2026-07-27T10:08:43Z
Joao,authy-phone-verifications,0,0,0.000000,StartDate=2026-07-26 EndDate=2026-07-27 UTC (cover_days; soma dias GMT tocados pela janela ~24h — alinhamento tipico a SMS Transactions / Insights Last 24h; totalprice pode diferir do cartao Total Spend),2026-07-27T10:08:43Z
Joao,authy-sms-outbound,0,0,0.000000,StartDate=2026-07-26 EndDate=2026-07-27 UTC (cover_days; soma dias GMT tocados pela janela ~24h — alinhamento tipico a SMS Transactions / Insights Last 24h; totalprice pode diferir do cartao Total Spend),2026-07-27T10:08:43Z
Joao,authy-verify-email-verifications,0,0,0.000000,StartDate=2026-07-26 EndDate=2026-07-27 UTC (cover_days; soma dias GMT tocados pela janela ~24h — alinhamento tipico a SMS Transactions / Insights Last 24h; totalprice pode diferir do cartao Total Spend),2026-07-27T10:08:43Z
Joao,authy-verify-outbound-email,0,0,0.000000,StartDate=2026-07-26 EndDate=2026-07-27 UTC (cover_days; soma dias GMT tocados pela janela ~24h — alinhamento tipico a SMS Transactions / Insights Last 24h; totalprice pode diferir do cartao Total Spend),2026-07-27T10:08:43Z
Joao,autopilot,0,0,0.000000,StartDate=2026-07-26 EndDate=2026-07-27 UTC (cover_days; soma dias GMT tocados pela janela ~24h — alinhamento tipico a SMS Transactions / Insights Last 24h; totalprice pode diferir do cartao Total Spend),2026-07-27T10:08:43Z
Joao,autopilot-home-assistants,0,0,0.000000,StartDate=2026-07-26 EndDate=2026-07-27 UTC (cover_days; soma dias GMT tocados pela janela ~24h — alinhamento tipico a SMS Transactions / Insights Last 24h; totalprice pode diferir do cartao Total Spend),2026-07-27T10:08:43Z
Joao,autopilot-messaging,0,0,0.000000,StartDate=2026-07-26 EndDate=2026-07-27 UTC (cover_days; soma dias GMT tocados pela janela ~24h — alinhamento tipico a SMS Transactions / Insights Last 24h; totalprice pode diferir do cartao Total Spend),2026-07-27T10:08:43Z
Joao,autopilot-other,0,0,0.000000,StartDate=2026-07-26 EndDate=2026-07-27 UTC (cover_days; soma dias GMT tocados pela janela ~24h — alinhamento tipico a SMS Transactions / Insights Last 24h; totalprice pode diferir do cartao Total Spend),2026-07-27T10:08:43Z
Joao,autopilot-voice,0,0,0.000000,StartDate=2026-07-26 EndDate=2026-07-27 UTC (cover_days; soma dias GMT tocados pela janela ~24h — alinhamento tipico a SMS Transactions / Insights Last 24h; totalprice pode diferir do cartao Total Spend),2026-07-27T10:08:43Z
Joao,basic-peer-to-peer-rooms-participant-minutes,0,0,0.000000,StartDate=2026-07-26 EndDate=2026-07-27 UTC (cover_days; soma dias GMT tocados pela janela ~24h — alinhamento tipico a SMS Transactions / Insights Last 24h; totalprice pode diferir do cartao Total Spend),2026-07-27T10:08:43Z
Joao,branded-calling,0,0,0.000000,StartDate=2026-07-26 EndDate=2026-07-27 UTC (cover_days; soma dias GMT tocados pela janela ~24h — alinhamento tipico a SMS Transactions / Insights Last 24h; totalprice pode diferir do cartao Total Spend),2026-07-27T10:08:43Z
Joao,bundle-subscription-fees,0,0,0.000000,StartDate=2026-07-26 EndDate=2026-07-27 UTC (cover_days; soma dias GMT tocados pela janela ~24h — alinhamento tipico a SMS Transactions / Insights Last 24h; totalprice pode diferir do cartao Total Spend),2026-07-27T10:08:43Z
Joao,call-forwarding-lookups,0,0,0.000000,StartDate=2026-07-26 EndDate=2026-07-27 UTC (cover_days; soma dias GMT tocados pela janela ~24h — alinhamento tipico a SMS Transactions / Insights Last 24h; totalprice pode diferir do cartao Total Spend),2026-07-27T10:08:43Z
Joao,call-progess-events,0,0,0.000000,StartDate=2026-07-26 EndDate=2026-07-27 UTC (cover_days; soma dias GMT tocados pela janela ~24h — alinhamento tipico a SMS Transactions / Insights Last 24h; totalprice pode diferir do cartao Total Spend),2026-07-27T10:08:43Z
Joao,calleridlookups,0,0,0.000000,StartDate=2026-07-26 EndDate=2026-07-27 UTC (cover_days; soma dias GMT tocados pela janela ~24h — alinhamento tipico a SMS Transactions / Insights Last 24h; totalprice pode diferir do cartao Total Spend),2026-07-27T10:08:43Z
Joao,calls-client,0,0,0.000000,StartDate=2026-07-26 EndDate=2026-07-27 UTC (cover_days; soma dias GMT tocados pela janela ~24h — alinhamento tipico a SMS Transactions / Insights Last 24h; totalprice pode diferir do cartao Total Spend),2026-07-27T10:08:43Z
Joao,calls-emergency,0,0,0.000000,StartDate=2026-07-26 EndDate=2026-07-27 UTC (cover_days; soma dias GMT tocados pela janela ~24h — alinhamento tipico a SMS Transactions / Insights Last 24h; totalprice pode diferir do cartao Total Spend),2026-07-27T10:08:43Z
Joao,calls-globalconference,0,0,0.000000,StartDate=2026-07-26 EndDate=2026-07-27 UTC (cover_days; soma dias GMT tocados pela janela ~24h — alinhamento tipico a SMS Transactions / Insights Last 24h; totalprice pode diferir do cartao Total Spend),2026-07-27T10:08:43Z
Joao,calls-inbound-mobile,0,0,0.000000,StartDate=2026-07-26 EndDate=2026-07-27 UTC (cover_days; soma dias GMT tocados pela janela ~24h — alinhamento tipico a SMS Transactions / Insights Last 24h; totalprice pode diferir do cartao Total Spend),2026-07-27T10:08:43Z
Joao,calls-inbound-tollfree-local,0,0,0.000000,StartDate=2026-07-26 EndDate=2026-07-27 UTC (cover_days; soma dias GMT tocados pela janela ~24h — alinhamento tipico a SMS Transactions / Insights Last 24h; totalprice pode diferir do cartao Total Spend),2026-07-27T10:08:43Z
Joao,calls-inbound-tollfree-mobile,0,0,0.000000,StartDate=2026-07-26 EndDate=2026-07-27 UTC (cover_days; soma dias GMT tocados pela janela ~24h — alinhamento tipico a SMS Transactions / Insights Last 24h; totalprice pode diferir do cartao Total Spend),2026-07-27T10:08:43Z
Joao,calls-pay-verb-transactions,0,0,0.000000,StartDate=2026-07-26 EndDate=2026-07-27 UTC (cover_days; soma dias GMT tocados pela janela ~24h — alinhamento tipico a SMS Transactions / Insights Last 24h; totalprice pode diferir do cartao Total Spend),2026-07-27T10:08:43Z
Joao,calls-sip,0,0,0.000000,StartDate=2026-07-26 EndDate=2026-07-27 UTC (cover_days; soma dias GMT tocados pela janela ~24h — alinhamento tipico a SMS Transactions / Insights Last 24h; totalprice pode diferir do cartao Total Spend),2026-07-27T10:08:43Z
Joao,calls-sip-inbound,0,0,0.000000,StartDate=2026-07-26 EndDate=2026-07-27 UTC (cover_days; soma dias GMT tocados pela janela ~24h — alinhamento tipico a SMS Transactions / Insights Last 24h; totalprice pode diferir do cartao Total Spend),2026-07-27T10:08:43Z
Joao,calls-sip-outbound,0,0,0.000000,StartDate=2026-07-26 EndDate=2026-07-27 UTC (cover_days; soma dias GMT tocados pela janela ~24h — alinhamento tipico a SMS Transactions / Insights Last 24h; totalprice pode diferir do cartao Total Spend),2026-07-27T10:08:43Z
Joao,calls-text-to-speech,0,0,0.000000,StartDate=2026-07-26 EndDate=2026-07-27 UTC (cover_days; soma dias GMT tocados pela janela ~24h — alinhamento tipico a SMS Transactions / Insights Last 24h; totalprice pode diferir do cartao Total Spend),2026-07-27T10:08:43Z
Joao,calls-transfers,0,0,0.000000,StartDate=2026-07-26 EndDate=2026-07-27 UTC (cover_days; soma dias GMT tocados pela janela ~24h — alinhamento tipico a SMS Transactions / Insights Last 24h; totalprice pode diferir do cartao Total Spend),2026-07-27T10:08:43Z
Joao,carrier-lookups,0,0,0.000000,StartDate=2026-07-26 EndDate=2026-07-27 UTC (cover_days; soma dias GMT tocados pela janela ~24h — alinhamento tipico a SMS Transactions / Insights Last 24h; totalprice pode diferir do cartao Total Spend),2026-07-27T10:08:43Z
Joao,category,0,0,0.000000,StartDate=2026-07-26 EndDate=2026-07-27 UTC (cover_days; soma dias GMT tocados pela janela ~24h — alinhamento tipico a SMS Transactions / Insights Last 24h; totalprice pode diferir do cartao Total Spend),2026-07-27T10:08:43Z
Joao,channels-messaging,0,0,0.000000,StartDate=2026-07-26 EndDate=2026-07-27 UTC (cover_days; soma dias GMT tocados pela janela ~24h — alinhamento tipico a SMS Transactions / Insights Last 24h; totalprice pode diferir do cartao Total Spend),2026-07-27T10:08:43Z
Joao,channels-messaging-inbound,0,0,0.000000,StartDate=2026-07-26 EndDate=2026-07-27 UTC (cover_days; soma dias GMT tocados pela janela ~24h — alinhamento tipico a SMS Transactions / Insights Last 24h; totalprice pode diferir do cartao Total Spend),2026-07-27T10:08:43Z
Joao,channels-messaging-outbound,0,0,0.000000,StartDate=2026-07-26 EndDate=2026-07-27 UTC (cover_days; soma dias GMT tocados pela janela ~24h — alinhamento tipico a SMS Transactions / Insights Last 24h; totalprice pode diferir do cartao Total Spend),2026-07-27T10:08:43Z
Joao,channels-whatsapp,0,0,0.000000,StartDate=2026-07-26 EndDate=2026-07-27 UTC (cover_days; soma dias GMT tocados pela janela ~24h — alinhamento tipico a SMS Transactions / Insights Last 24h; totalprice pode diferir do cartao Total Spend),2026-07-27T10:08:43Z
Joao,channels-whatsapp-conversation-authentication,0,0,0.000000,StartDate=2026-07-26 EndDate=2026-07-27 UTC (cover_days; soma dias GMT tocados pela janela ~24h — alinhamento tipico a SMS Transactions / Insights Last 24h; totalprice pode diferir do cartao Total Spend),2026-07-27T10:08:43Z
Joao,channels-whatsapp-conversation-free,0,0,0.000000,StartDate=2026-07-26 EndDate=2026-07-27 UTC (cover_days; soma dias GMT tocados pela janela ~24h — alinhamento tipico a SMS Transactions / Insights Last 24h; totalprice pode diferir do cartao Total Spend),2026-07-27T10:08:43Z
Joao,channels-whatsapp-conversation-marketing,0,0,0.000000,StartDate=2026-07-26 EndDate=2026-07-27 UTC (cover_days; soma dias GMT tocados pela janela ~24h — alinhamento tipico a SMS Transactions / Insights Last 24h; totalprice pode diferir do cartao Total Spend),2026-07-27T10:08:43Z
Joao,channels-whatsapp-conversation-service,0,0,0.000000,StartDate=2026-07-26 EndDate=2026-07-27 UTC (cover_days; soma dias GMT tocados pela janela ~24h — alinhamento tipico a SMS Transactions / Insights Last 24h; totalprice pode diferir do cartao Total Spend),2026-07-27T10:08:43Z
Joao,channels-whatsapp-conversation-utility,0,0,0.000000,StartDate=2026-07-26 EndDate=2026-07-27 UTC (cover_days; soma dias GMT tocados pela janela ~24h — alinhamento tipico a SMS Transactions / Insights Last 24h; totalprice pode diferir do cartao Total Spend),2026-07-27T10:08:43Z
Joao,channels-whatsapp-inbound,0,0,0.000000,StartDate=2026-07-26 EndDate=2026-07-27 UTC (cover_days; soma dias GMT tocados pela janela ~24h — alinhamento tipico a SMS Transactions / Insights Last 24h; totalprice pode diferir do cartao Total Spend),2026-07-27T10:08:43Z
Joao,channels-whatsapp-outbound,0,0,0.000000,StartDate=2026-07-26 EndDate=2026-07-27 UTC (cover_days; soma dias GMT tocados pela janela ~24h — alinhamento tipico a SMS Transactions / Insights Last 24h; totalprice pode diferir do cartao Total Spend),2026-07-27T10:08:43Z
Joao,channels-whatsapp-template-authentication,0,0,0.000000,StartDate=2026-07-26 EndDate=2026-07-27 UTC (cover_days; soma dias GMT tocados pela janela ~24h — alinhamento tipico a SMS Transactions / Insights Last 24h; totalprice pode diferir do cartao Total Spend),2026-07-27T10:08:43Z
Joao,channels-whatsapp-template-marketing,0,0,0.000000,StartDate=2026-07-26 EndDate=2026-07-27 UTC (cover_days; soma dias GMT tocados pela janela ~24h — alinhamento tipico a SMS Transactions / Insights Last 24h; totalprice pode diferir do cartao Total Spend),2026-07-27T10:08:43Z
Joao,channels-whatsapp-template-service,0,0,0.000000,StartDate=2026-07-26 EndDate=2026-07-27 UTC (cover_days; soma dias GMT tocados pela janela ~24h — alinhamento tipico a SMS Transactions / Insights Last 24h; totalprice pode diferir do cartao Total Spend),2026-07-27T10:08:43Z
Joao,channels-whatsapp-template-utility,0,0,0.000000,StartDate=2026-07-26 EndDate=2026-07-27 UTC (cover_days; soma dias GMT tocados pela janela ~24h — alinhamento tipico a SMS Transactions / Insights Last 24h; totalprice pode diferir do cartao Total Spend),2026-07-27T10:08:43Z
Joao,chat-virtual-agent,0,0,0.000000,StartDate=2026-07-26 EndDate=2026-07-27 UTC (cover_days; soma dias GMT tocados pela janela ~24h — alinhamento tipico a SMS Transactions / Insights Last 24h; totalprice pode diferir do cartao Total Spend),2026-07-27T10:08:43Z
Joao,conversation-ingestion,0,0,0.000000,StartDate=2026-07-26 EndDate=2026-07-27 UTC (cover_days; soma dias GMT tocados pela janela ~24h — alinhamento tipico a SMS Transactions / Insights Last 24h; totalprice pode diferir do cartao Total Spend),2026-07-27T10:08:43Z
Joao,conversation-intelligence,0,0,0.000000,StartDate=2026-07-26 EndDate=2026-07-27 UTC (cover_days; soma dias GMT tocados pela janela ~24h — alinhamento tipico a SMS Transactions / Insights Last 24h; totalprice pode diferir do cartao Total Spend),2026-07-27T10:08:43Z
Joao,conversation-memory,0,0,0.000000,StartDate=2026-07-26 EndDate=2026-07-27 UTC (cover_days; soma dias GMT tocados pela janela ~24h — alinhamento tipico a SMS Transactions / Insights Last 24h; totalprice pode diferir do cartao Total Spend),2026-07-27T10:08:43Z
Joao,conversation-orchestrator,0,0,0.000000,StartDate=2026-07-26 EndDate=2026-07-27 UTC (cover_days; soma dias GMT tocados pela janela ~24h — alinhamento tipico a SMS Transactions / Insights Last 24h; totalprice pode diferir do cartao Total Spend),2026-07-27T10:08:43Z
Joao,conversation-relay,0,0,0.000000,StartDate=2026-07-26 EndDate=2026-07-27 UTC (cover_days; soma dias GMT tocados pela janela ~24h — alinhamento tipico a SMS Transactions / Insights Last 24h; totalprice pode diferir do cartao Total Spend),2026-07-27T10:08:43Z
Joao,conversations,0,0,0.000000,StartDate=2026-07-26 EndDate=2026-07-27 UTC (cover_days; soma dias GMT tocados pela janela ~24h — alinhamento tipico a SMS Transactions / Insights Last 24h; totalprice pode diferir do cartao Total Spend),2026-07-27T10:08:43Z
Joao,conversations-api-requests,0,0,0.000000,StartDate=2026-07-26 EndDate=2026-07-27 UTC (cover_days; soma dias GMT tocados pela janela ~24h — alinhamento tipico a SMS Transactions / Insights Last 24h; totalprice pode diferir do cartao Total Spend),2026-07-27T10:08:43Z
Joao,conversations-conversation-events,0,0,0.000000,StartDate=2026-07-26 EndDate=2026-07-27 UTC (cover_days; soma dias GMT tocados pela janela ~24h — alinhamento tipico a SMS Transactions / Insights Last 24h; totalprice pode diferir do cartao Total Spend),2026-07-27T10:08:43Z
Joao,conversations-endpoint-connectivity,0,0,0.000000,StartDate=2026-07-26 EndDate=2026-07-27 UTC (cover_days; soma dias GMT tocados pela janela ~24h — alinhamento tipico a SMS Transactions / Insights Last 24h; totalprice pode diferir do cartao Total Spend),2026-07-27T10:08:43Z
Joao,conversations-events,0,0,0.000000,StartDate=2026-07-26 EndDate=2026-07-27 UTC (cover_days; soma dias GMT tocados pela janela ~24h — alinhamento tipico a SMS Transactions / Insights Last 24h; totalprice pode diferir do cartao Total Spend),2026-07-27T10:08:43Z
Joao,conversations-participant-events,0,0,0.000000,StartDate=2026-07-26 EndDate=2026-07-27 UTC (cover_days; soma dias GMT tocados pela janela ~24h — alinhamento tipico a SMS Transactions / Insights Last 24h; totalprice pode diferir do cartao Total Spend),2026-07-27T10:08:43Z
Joao,conversations-participants,0,0,0.000000,StartDate=2026-07-26 EndDate=2026-07-27 UTC (cover_days; soma dias GMT tocados pela janela ~24h — alinhamento tipico a SMS Transactions / Insights Last 24h; totalprice pode diferir do cartao Total Spend),2026-07-27T10:08:43Z
Joao,cps,0,0,0.000000,StartDate=2026-07-26 EndDate=2026-07-27 UTC (cover_days; soma dias GMT tocados pela janela ~24h — alinhamento tipico a SMS Transactions / Insights Last 24h; totalprice pode diferir do cartao Total Spend),2026-07-27T10:08:43Z
Joao,credit-transfer,0,0,0.000000,StartDate=2026-07-26 EndDate=2026-07-27 UTC (cover_days; soma dias GMT tocados pela janela ~24h — alinhamento tipico a SMS Transactions / Insights Last 24h; totalprice pode diferir do cartao Total Spend),2026-07-27T10:08:43Z
Joao,custom-language-operators-speed-input,0,0,0.000000,StartDate=2026-07-26 EndDate=2026-07-27 UTC (cover_days; soma dias GMT tocados pela janela ~24h — alinhamento tipico a SMS Transactions / Insights Last 24h; totalprice pode diferir do cartao Total Spend),2026-07-27T10:08:43Z
Joao,custom-language-operators-speed-output,0,0,0.000000,StartDate=2026-07-26 EndDate=2026-07-27 UTC (cover_days; soma dias GMT tocados pela janela ~24h — alinhamento tipico a SMS Transactions / Insights Last 24h; totalprice pode diferir do cartao Total Spend),2026-07-27T10:08:43Z
Joao,custom-number-services,0,0,0.000000,StartDate=2026-07-26 EndDate=2026-07-27 UTC (cover_days; soma dias GMT tocados pela janela ~24h — alinhamento tipico a SMS Transactions / Insights Last 24h; totalprice pode diferir do cartao Total Spend),2026-07-27T10:08:43Z
Joao,email,0,0,0.000000,StartDate=2026-07-26 EndDate=2026-07-27 UTC (cover_days; soma dias GMT tocados pela janela ~24h — alinhamento tipico a SMS Transactions / Insights Last 24h; totalprice pode diferir do cartao Total Spend),2026-07-27T10:08:43Z
Joao,email-sends,0,0,0.000000,StartDate=2026-07-26 EndDate=2026-07-27 UTC (cover_days; soma dias GMT tocados pela janela ~24h — alinhamento tipico a SMS Transactions / Insights Last 24h; totalprice pode diferir do cartao Total Spend),2026-07-27T10:08:43Z
Joao,emerging-tech,0,0,0.000000,StartDate=2026-07-26 EndDate=2026-07-27 UTC (cover_days; soma dias GMT tocados pela janela ~24h — alinhamento tipico a SMS Transactions / Insights Last 24h; totalprice pode diferir do cartao Total Spend),2026-07-27T10:08:43Z
Joao,engagement-suite-packaged-plans,0,0,0.000000,StartDate=2026-07-26 EndDate=2026-07-27 UTC (cover_days; soma dias GMT tocados pela janela ~24h — alinhamento tipico a SMS Transactions / Insights Last 24h; totalprice pode diferir do cartao Total Spend),2026-07-27T10:08:43Z
Joao,enterprise,0,0,0.000000,StartDate=2026-07-26 EndDate=2026-07-27 UTC (cover_days; soma dias GMT tocados pela janela ~24h — alinhamento tipico a SMS Transactions / Insights Last 24h; totalprice pode diferir do cartao Total Spend),2026-07-27T10:08:43Z
Joao,enterprise-knowledge,0,0,0.000000,StartDate=2026-07-26 EndDate=2026-07-27 UTC (cover_days; soma dias GMT tocados pela janela ~24h — alinhamento tipico a SMS Transactions / Insights Last 24h; totalprice pode diferir do cartao Total Spend),2026-07-27T10:08:43Z
Joao,events,0,0,0.000000,StartDate=2026-07-26 EndDate=2026-07-27 UTC (cover_days; soma dias GMT tocados pela janela ~24h — alinhamento tipico a SMS Transactions / Insights Last 24h; totalprice pode diferir do cartao Total Spend),2026-07-27T10:08:43Z
Joao,experiment-france-sms,0,0,0.000000,StartDate=2026-07-26 EndDate=2026-07-27 UTC (cover_days; soma dias GMT tocados pela janela ~24h — alinhamento tipico a SMS Transactions / Insights Last 24h; totalprice pode diferir do cartao Total Spend),2026-07-27T10:08:43Z
Joao,experiment-india-sms,0,0,0.000000,StartDate=2026-07-26 EndDate=2026-07-27 UTC (cover_days; soma dias GMT tocados pela janela ~24h — alinhamento tipico a SMS Transactions / Insights Last 24h; totalprice pode diferir do cartao Total Spend),2026-07-27T10:08:43Z
Joao,experiment-uk-sms,0,0,0.000000,StartDate=2026-07-26 EndDate=2026-07-27 UTC (cover_days; soma dias GMT tocados pela janela ~24h — alinhamento tipico a SMS Transactions / Insights Last 24h; totalprice pode diferir do cartao Total Spend),2026-07-27T10:08:43Z
Joao,flex,0,0,0.000000,StartDate=2026-07-26 EndDate=2026-07-27 UTC (cover_days; soma dias GMT tocados pela janela ~24h — alinhamento tipico a SMS Transactions / Insights Last 24h; totalprice pode diferir do cartao Total Spend),2026-07-27T10:08:43Z
Joao,flex-active-user-hours,0,0,0.000000,StartDate=2026-07-26 EndDate=2026-07-27 UTC (cover_days; soma dias GMT tocados pela janela ~24h — alinhamento tipico a SMS Transactions / Insights Last 24h; totalprice pode diferir do cartao Total Spend),2026-07-27T10:08:43Z
Joao,flex-concurrent-users,0,0,0.000000,StartDate=2026-07-26 EndDate=2026-07-27 UTC (cover_days; soma dias GMT tocados pela janela ~24h — alinhamento tipico a SMS Transactions / Insights Last 24h; totalprice pode diferir do cartao Total Spend),2026-07-27T10:08:43Z
Joao,flex-connectivity,0,0,0.000000,StartDate=2026-07-26 EndDate=2026-07-27 UTC (cover_days; soma dias GMT tocados pela janela ~24h — alinhamento tipico a SMS Transactions / Insights Last 24h; totalprice pode diferir do cartao Total Spend),2026-07-27T10:08:43Z
Joao,flex-conversational-insights,0,0,0.000000,StartDate=2026-07-26 EndDate=2026-07-27 UTC (cover_days; soma dias GMT tocados pela janela ~24h — alinhamento tipico a SMS Transactions / Insights Last 24h; totalprice pode diferir do cartao Total Spend),2026-07-27T10:08:43Z
Joao,flex-conversational-insights-messages,0,0,0.000000,StartDate=2026-07-26 EndDate=2026-07-27 UTC (cover_days; soma dias GMT tocados pela janela ~24h — alinhamento tipico a SMS Transactions / Insights Last 24h; totalprice pode diferir do cartao Total Spend),2026-07-27T10:08:43Z
Joao,flex-conversational-insights-voice-minutes,0,0,0.000000,StartDate=2026-07-26 EndDate=2026-07-27 UTC (cover_days; soma dias GMT tocados pela janela ~24h — alinhamento tipico a SMS Transactions / Insights Last 24h; totalprice pode diferir do cartao Total Spend),2026-07-27T10:08:43Z
Joao,flex-email-usage,0,0,0.000000,StartDate=2026-07-26 EndDate=2026-07-27 UTC (cover_days; soma dias GMT tocados pela janela ~24h — alinhamento tipico a SMS Transactions / Insights Last 24h; totalprice pode diferir do cartao Total Spend),2026-07-27T10:08:43Z
Joao,flex-messaging-usage,0,0,0.000000,StartDate=2026-07-26 EndDate=2026-07-27 UTC (cover_days; soma dias GMT tocados pela janela ~24h — alinhamento tipico a SMS Transactions / Insights Last 24h; totalprice pode diferir do cartao Total Spend),2026-07-27T10:08:43Z
Joao,flex-partner-spinsci,0,0,0.000000,StartDate=2026-07-26 EndDate=2026-07-27 UTC (cover_days; soma dias GMT tocados pela janela ~24h — alinhamento tipico a SMS Transactions / Insights Last 24h; totalprice pode diferir do cartao Total Spend),2026-07-27T10:08:43Z
Joao,flex-partner-xcelerate,0,0,0.000000,StartDate=2026-07-26 EndDate=2026-07-27 UTC (cover_days; soma dias GMT tocados pela janela ~24h — alinhamento tipico a SMS Transactions / Insights Last 24h; totalprice pode diferir do cartao Total Spend),2026-07-27T10:08:43Z
Joao,flex-reseller-ecosystem,0,0,0.000000,StartDate=2026-07-26 EndDate=2026-07-27 UTC (cover_days; soma dias GMT tocados pela janela ~24h — alinhamento tipico a SMS Transactions / Insights Last 24h; totalprice pode diferir do cartao Total Spend),2026-07-27T10:08:43Z
Joao,flex-unique-user,0,0,0.000000,StartDate=2026-07-26 EndDate=2026-07-27 UTC (cover_days; soma dias GMT tocados pela janela ~24h — alinhamento tipico a SMS Transactions / Insights Last 24h; totalprice pode diferir do cartao Total Spend),2026-07-27T10:08:43Z
Joao,flex-usage,0,0,0.000000,StartDate=2026-07-26 EndDate=2026-07-27 UTC (cover_days; soma dias GMT tocados pela janela ~24h — alinhamento tipico a SMS Transactions / Insights Last 24h; totalprice pode diferir do cartao Total Spend),2026-07-27T10:08:43Z
Joao,flex-users,0,0,0.000000,StartDate=2026-07-26 EndDate=2026-07-27 UTC (cover_days; soma dias GMT tocados pela janela ~24h — alinhamento tipico a SMS Transactions / Insights Last 24h; totalprice pode diferir do cartao Total Spend),2026-07-27T10:08:43Z
Joao,flex-voice-minute,0,0,0.000000,StartDate=2026-07-26 EndDate=2026-07-27 UTC (cover_days; soma dias GMT tocados pela janela ~24h — alinhamento tipico a SMS Transactions / Insights Last 24h; totalprice pode diferir do cartao Total Spend),2026-07-27T10:08:43Z
Joao,flex-ytica,0,0,0.000000,StartDate=2026-07-26 EndDate=2026-07-27 UTC (cover_days; soma dias GMT tocados pela janela ~24h — alinhamento tipico a SMS Transactions / Insights Last 24h; totalprice pode diferir do cartao Total Spend),2026-07-27T10:08:43Z
Joao,fraud-lookups,0,0,0.000000,StartDate=2026-07-26 EndDate=2026-07-27 UTC (cover_days; soma dias GMT tocados pela janela ~24h — alinhamento tipico a SMS Transactions / Insights Last 24h; totalprice pode diferir do cartao Total Spend),2026-07-27T10:08:43Z
Joao,frontline,0,0,0.000000,StartDate=2026-07-26 EndDate=2026-07-27 UTC (cover_days; soma dias GMT tocados pela janela ~24h — alinhamento tipico a SMS Transactions / Insights Last 24h; totalprice pode diferir do cartao Total Spend),2026-07-27T10:08:43Z
Joao,frontline-users,0,0,0.000000,StartDate=2026-07-26 EndDate=2026-07-27 UTC (cover_days; soma dias GMT tocados pela janela ~24h — alinhamento tipico a SMS Transactions / Insights Last 24h; totalprice pode diferir do cartao Total Spend),2026-07-27T10:08:43Z
Joao,functions,0,0,0.000000,StartDate=2026-07-26 EndDate=2026-07-27 UTC (cover_days; soma dias GMT tocados pela janela ~24h — alinhamento tipico a SMS Transactions / Insights Last 24h; totalprice pode diferir do cartao Total Spend),2026-07-27T10:08:43Z
Joao,generic-pay-transactions,0,0,0.000000,StartDate=2026-07-26 EndDate=2026-07-27 UTC (cover_days; soma dias GMT tocados pela janela ~24h — alinhamento tipico a SMS Transactions / Insights Last 24h; totalprice pode diferir do cartao Total Spend),2026-07-27T10:08:43Z
Joao,group-rooms,0,0,0.000000,StartDate=2026-07-26 EndDate=2026-07-27 UTC (cover_days; soma dias GMT tocados pela janela ~24h — alinhamento tipico a SMS Transactions / Insights Last 24h; totalprice pode diferir do cartao Total Spend),2026-07-27T10:08:43Z
Joao,group-rooms-data-track,0,0,0.000000,StartDate=2026-07-26 EndDate=2026-07-27 UTC (cover_days; soma dias GMT tocados pela janela ~24h — alinhamento tipico a SMS Transactions / Insights Last 24h; totalprice pode diferir do cartao Total Spend),2026-07-27T10:08:43Z
Joao,group-rooms-encrypted-media-recorded,0,0,0.000000,StartDate=2026-07-26 EndDate=2026-07-27 UTC (cover_days; soma dias GMT tocados pela janela ~24h — alinhamento tipico a SMS Transactions / Insights Last 24h; totalprice pode diferir do cartao Total Spend),2026-07-27T10:08:43Z
Joao,group-rooms-media-downloaded,0,0,0.000000,StartDate=2026-07-26 EndDate=2026-07-27 UTC (cover_days; soma dias GMT tocados pela janela ~24h — alinhamento tipico a SMS Transactions / Insights Last 24h; totalprice pode diferir do cartao Total Spend),2026-07-27T10:08:43Z
Joao,group-rooms-media-recorded,0,0,0.000000,StartDate=2026-07-26 EndDate=2026-07-27 UTC (cover_days; soma dias GMT tocados pela janela ~24h — alinhamento tipico a SMS Transactions / Insights Last 24h; totalprice pode diferir do cartao Total Spend),2026-07-27T10:08:43Z
Joao,group-rooms-media-routed,0,0,0.000000,StartDate=2026-07-26 EndDate=2026-07-27 UTC (cover_days; soma dias GMT tocados pela janela ~24h — alinhamento tipico a SMS Transactions / Insights Last 24h; totalprice pode diferir do cartao Total Spend),2026-07-27T10:08:43Z
Joao,group-rooms-media-stored,0,0,0.000000,StartDate=2026-07-26 EndDate=2026-07-27 UTC (cover_days; soma dias GMT tocados pela janela ~24h — alinhamento tipico a SMS Transactions / Insights Last 24h; totalprice pode diferir do cartao Total Spend),2026-07-27T10:08:43Z
Joao,group-rooms-participant-minutes,0,0,0.000000,StartDate=2026-07-26 EndDate=2026-07-27 UTC (cover_days; soma dias GMT tocados pela janela ~24h — alinhamento tipico a SMS Transactions / Insights Last 24h; totalprice pode diferir do cartao Total Spend),2026-07-27T10:08:43Z
Joao,group-rooms-recorded-minutes,0,0,0.000000,StartDate=2026-07-26 EndDate=2026-07-27 UTC (cover_days; soma dias GMT tocados pela janela ~24h — alinhamento tipico a SMS Transactions / Insights Last 24h; totalprice pode diferir do cartao Total Spend),2026-07-27T10:08:43Z
Joao,ip-messaging,0,0,0.000000,StartDate=2026-07-26 EndDate=2026-07-27 UTC (cover_days; soma dias GMT tocados pela janela ~24h — alinhamento tipico a SMS Transactions / Insights Last 24h; totalprice pode diferir do cartao Total Spend),2026-07-27T10:08:43Z
Joao,ip-messaging-commands,0,0,0.000000,StartDate=2026-07-26 EndDate=2026-07-27 UTC (cover_days; soma dias GMT tocados pela janela ~24h — alinhamento tipico a SMS Transactions / Insights Last 24h; totalprice pode diferir do cartao Total Spend),2026-07-27T10:08:43Z
Joao,ip-messaging-data-storage,0,0,0.000000,StartDate=2026-07-26 EndDate=2026-07-27 UTC (cover_days; soma dias GMT tocados pela janela ~24h — alinhamento tipico a SMS Transactions / Insights Last 24h; totalprice pode diferir do cartao Total Spend),2026-07-27T10:08:43Z
Joao,ip-messaging-data-transfer,0,0,0.000000,StartDate=2026-07-26 EndDate=2026-07-27 UTC (cover_days; soma dias GMT tocados pela janela ~24h — alinhamento tipico a SMS Transactions / Insights Last 24h; totalprice pode diferir do cartao Total Spend),2026-07-27T10:08:43Z
Joao,ip-messaging-endpoint-connectivity,0,0,0.000000,StartDate=2026-07-26 EndDate=2026-07-27 UTC (cover_days; soma dias GMT tocados pela janela ~24h — alinhamento tipico a SMS Transactions / Insights Last 24h; totalprice pode diferir do cartao Total Spend),2026-07-27T10:08:43Z
Joao,ivr-virtual-agent-custom-voices,0,0,0.000000,StartDate=2026-07-26 EndDate=2026-07-27 UTC (cover_days; soma dias GMT tocados pela janela ~24h — alinhamento tipico a SMS Transactions / Insights Last 24h; totalprice pode diferir do cartao Total Spend),2026-07-27T10:08:43Z
Joao,ivr-virtual-agent-genai,0,0,0.000000,StartDate=2026-07-26 EndDate=2026-07-27 UTC (cover_days; soma dias GMT tocados pela janela ~24h — alinhamento tipico a SMS Transactions / Insights Last 24h; totalprice pode diferir do cartao Total Spend),2026-07-27T10:08:43Z
Joao,knowledge-retrieval,0,0,0.000000,StartDate=2026-07-26 EndDate=2026-07-27 UTC (cover_days; soma dias GMT tocados pela janela ~24h — alinhamento tipico a SMS Transactions / Insights Last 24h; totalprice pode diferir do cartao Total Spend),2026-07-27T10:08:43Z
Joao,knowledge-storage,0,0,0.000000,StartDate=2026-07-26 EndDate=2026-07-27 UTC (cover_days; soma dias GMT tocados pela janela ~24h — alinhamento tipico a SMS Transactions / Insights Last 24h; totalprice pode diferir do cartao Total Spend),2026-07-27T10:08:43Z
Joao,line-status-lookups,0,0,0.000000,StartDate=2026-07-26 EndDate=2026-07-27 UTC (cover_days; soma dias GMT tocados pela janela ~24h — alinhamento tipico a SMS Transactions / Insights Last 24h; totalprice pode diferir do cartao Total Spend),2026-07-27T10:08:43Z
Joao,live-activity-lookups,0,0,0.000000,StartDate=2026-07-26 EndDate=2026-07-27 UTC (cover_days; soma dias GMT tocados pela janela ~24h — alinhamento tipico a SMS Transactions / Insights Last 24h; totalprice pode diferir do cartao Total Spend),2026-07-27T10:08:43Z
Joao,lookup-bucket-adjustment,0,0,0.000000,StartDate=2026-07-26 EndDate=2026-07-27 UTC (cover_days; soma dias GMT tocados pela janela ~24h — alinhamento tipico a SMS Transactions / Insights Last 24h; totalprice pode diferir do cartao Total Spend),2026-07-27T10:08:43Z
Joao,lookup-identity-match,0,0,0.000000,StartDate=2026-07-26 EndDate=2026-07-27 UTC (cover_days; soma dias GMT tocados pela janela ~24h — alinhamento tipico a SMS Transactions / Insights Last 24h; totalprice pode diferir do cartao Total Spend),2026-07-27T10:08:43Z
Joao,marketplace,0,0,0.000000,StartDate=2026-07-26 EndDate=2026-07-27 UTC (cover_days; soma dias GMT tocados pela janela ~24h — alinhamento tipico a SMS Transactions / Insights Last 24h; totalprice pode diferir do cartao Total Spend),2026-07-27T10:08:43Z
Joao,marketplace-algorithmia-named-entity-recognition,0,0,0.000000,StartDate=2026-07-26 EndDate=2026-07-27 UTC (cover_days; soma dias GMT tocados pela janela ~24h — alinhamento tipico a SMS Transactions / Insights Last 24h; totalprice pode diferir do cartao Total Spend),2026-07-27T10:08:43Z
Joao,marketplace-bot-msg.ai-deliveryaware,0,0,0.000000,StartDate=2026-07-26 EndDate=2026-07-27 UTC (cover_days; soma dias GMT tocados pela janela ~24h — alinhamento tipico a SMS Transactions / Insights Last 24h; totalprice pode diferir do cartao Total Spend),2026-07-27T10:08:43Z
Joao,marketplace-cadence-transcription,0,0,0.000000,StartDate=2026-07-26 EndDate=2026-07-27 UTC (cover_days; soma dias GMT tocados pela janela ~24h — alinhamento tipico a SMS Transactions / Insights Last 24h; totalprice pode diferir do cartao Total Spend),2026-07-27T10:08:43Z
Joao,marketplace-cadence-translation,0,0,0.000000,StartDate=2026-07-26 EndDate=2026-07-27 UTC (cover_days; soma dias GMT tocados pela janela ~24h — alinhamento tipico a SMS Transactions / Insights Last 24h; totalprice pode diferir do cartao Total Spend),2026-07-27T10:08:43Z
Joao,marketplace-capio-speech-to-text,0,0,0.000000,StartDate=2026-07-26 EndDate=2026-07-27 UTC (cover_days; soma dias GMT tocados pela janela ~24h — alinhamento tipico a SMS Transactions / Insights Last 24h; totalprice pode diferir do cartao Total Spend),2026-07-27T10:08:43Z
Joao,marketplace-convriza-ababa,0,0,0.000000,StartDate=2026-07-26 EndDate=2026-07-27 UTC (cover_days; soma dias GMT tocados pela janela ~24h — alinhamento tipico a SMS Transactions / Insights Last 24h; totalprice pode diferir do cartao Total Spend),2026-07-27T10:08:43Z
Joao,marketplace-deepgram-phrase-detector,0,0,0.000000,StartDate=2026-07-26 EndDate=2026-07-27 UTC (cover_days; soma dias GMT tocados pela janela ~24h — alinhamento tipico a SMS Transactions / Insights Last 24h; totalprice pode diferir do cartao Total Spend),2026-07-27T10:08:43Z
Joao,marketplace-deepgram-transcription,0,0,0.000000,StartDate=2026-07-26 EndDate=2026-07-27 UTC (cover_days; soma dias GMT tocados pela janela ~24h — alinhamento tipico a SMS Transactions / Insights Last 24h; totalprice pode diferir do cartao Total Spend),2026-07-27T10:08:43Z
Joao,marketplace-deepgram-transcription-base,0,0,0.000000,StartDate=2026-07-26 EndDate=2026-07-27 UTC (cover_days; soma dias GMT tocados pela janela ~24h — alinhamento tipico a SMS Transactions / Insights Last 24h; totalprice pode diferir do cartao Total Spend),2026-07-27T10:08:43Z
Joao,marketplace-deepgram-transscription-enhanced,0,0,0.000000,StartDate=2026-07-26 EndDate=2026-07-27 UTC (cover_days; soma dias GMT tocados pela janela ~24h — alinhamento tipico a SMS Transactions / Insights Last 24h; totalprice pode diferir do cartao Total Spend),2026-07-27T10:08:43Z
Joao,marketplace-digital-segment-business-info,0,0,0.000000,StartDate=2026-07-26 EndDate=2026-07-27 UTC (cover_days; soma dias GMT tocados pela janela ~24h — alinhamento tipico a SMS Transactions / Insights Last 24h; totalprice pode diferir do cartao Total Spend),2026-07-27T10:08:43Z
Joao,marketplace-facebook-offline-conversions,0,0,0.000000,StartDate=2026-07-26 EndDate=2026-07-27 UTC (cover_days; soma dias GMT tocados pela janela ~24h — alinhamento tipico a SMS Transactions / Insights Last 24h; totalprice pode diferir do cartao Total Spend),2026-07-27T10:08:43Z
Joao,marketplace-google-speech-to-text,0,0,0.000000,StartDate=2026-07-26 EndDate=2026-07-27 UTC (cover_days; soma dias GMT tocados pela janela ~24h — alinhamento tipico a SMS Transactions / Insights Last 24h; totalprice pode diferir do cartao Total Spend),2026-07-27T10:08:43Z
Joao,marketplace-ibm-watson-message-insights,0,0,0.000000,StartDate=2026-07-26 EndDate=2026-07-27 UTC (cover_days; soma dias GMT tocados pela janela ~24h — alinhamento tipico a SMS Transactions / Insights Last 24h; totalprice pode diferir do cartao Total Spend),2026-07-27T10:08:43Z
Joao,marketplace-ibm-watson-message-sentiment,0,0,0.000000,StartDate=2026-07-26 EndDate=2026-07-27 UTC (cover_days; soma dias GMT tocados pela janela ~24h — alinhamento tipico a SMS Transactions / Insights Last 24h; totalprice pode diferir do cartao Total Spend),2026-07-27T10:08:43Z
Joao,marketplace-ibm-watson-recording-analysis,0,0,0.000000,StartDate=2026-07-26 EndDate=2026-07-27 UTC (cover_days; soma dias GMT tocados pela janela ~24h — alinhamento tipico a SMS Transactions / Insights Last 24h; totalprice pode diferir do cartao Total Spend),2026-07-27T10:08:43Z
Joao,marketplace-ibm-watson-tone-analyzer,0,0,0.000000,StartDate=2026-07-26 EndDate=2026-07-27 UTC (cover_days; soma dias GMT tocados pela janela ~24h — alinhamento tipico a SMS Transactions / Insights Last 24h; totalprice pode diferir do cartao Total Spend),2026-07-27T10:08:43Z
Joao,marketplace-icehook-systems-scout,0,0,0.000000,StartDate=2026-07-26 EndDate=2026-07-27 UTC (cover_days; soma dias GMT tocados pela janela ~24h — alinhamento tipico a SMS Transactions / Insights Last 24h; totalprice pode diferir do cartao Total Spend),2026-07-27T10:08:43Z
Joao,marketplace-infogroup-dataaxle-bizinfo,0,0,0.000000,StartDate=2026-07-26 EndDate=2026-07-27 UTC (cover_days; soma dias GMT tocados pela janela ~24h — alinhamento tipico a SMS Transactions / Insights Last 24h; totalprice pode diferir do cartao Total Spend),2026-07-27T10:08:43Z
Joao,marketplace-keen-io-contact-center-analytics,0,0,0.000000,StartDate=2026-07-26 EndDate=2026-07-27 UTC (cover_days; soma dias GMT tocados pela janela ~24h — alinhamento tipico a SMS Transactions / Insights Last 24h; totalprice pode diferir do cartao Total Spend),2026-07-27T10:08:43Z
Joao,marketplace-marchex-cleancall,0,0,0.000000,StartDate=2026-07-26 EndDate=2026-07-27 UTC (cover_days; soma dias GMT tocados pela janela ~24h — alinhamento tipico a SMS Transactions / Insights Last 24h; totalprice pode diferir do cartao Total Spend),2026-07-27T10:08:43Z
Joao,marketplace-marchex-recording-analysis,0,0,0.000000,StartDate=2026-07-26 EndDate=2026-07-27 UTC (cover_days; soma dias GMT tocados pela janela ~24h — alinhamento tipico a SMS Transactions / Insights Last 24h; totalprice pode diferir do cartao Total Spend),2026-07-27T10:08:43Z
Joao,marketplace-marchex-sentiment-analysis-for-sms,0,0,0.000000,StartDate=2026-07-26 EndDate=2026-07-27 UTC (cover_days; soma dias GMT tocados pela janela ~24h — alinhamento tipico a SMS Transactions / Insights Last 24h; totalprice pode diferir do cartao Total Spend),2026-07-27T10:08:43Z
Joao,marketplace-marketplace-nextcaller-social-id,0,0,0.000000,StartDate=2026-07-26 EndDate=2026-07-27 UTC (cover_days; soma dias GMT tocados pela janela ~24h — alinhamento tipico a SMS Transactions / Insights Last 24h; totalprice pode diferir do cartao Total Spend),2026-07-27T10:08:43Z
Joao,marketplace-mobile-commons-opt-out-classifier,0,0,0.000000,StartDate=2026-07-26 EndDate=2026-07-27 UTC (cover_days; soma dias GMT tocados pela janela ~24h — alinhamento tipico a SMS Transactions / Insights Last 24h; totalprice pode diferir do cartao Total Spend),2026-07-27T10:08:43Z
Joao,marketplace-msg.ai-deliveryaware,0,0,0.000000,StartDate=2026-07-26 EndDate=2026-07-27 UTC (cover_days; soma dias GMT tocados pela janela ~24h — alinhamento tipico a SMS Transactions / Insights Last 24h; totalprice pode diferir do cartao Total Spend),2026-07-27T10:08:43Z
Joao,marketplace-nexiwave-voicemail-to-text,0,0,0.000000,StartDate=2026-07-26 EndDate=2026-07-27 UTC (cover_days; soma dias GMT tocados pela janela ~24h — alinhamento tipico a SMS Transactions / Insights Last 24h; totalprice pode diferir do cartao Total Spend),2026-07-27T10:08:43Z
Joao,marketplace-nextcaller-advanced-caller-identification,0,0,0.000000,StartDate=2026-07-26 EndDate=2026-07-27 UTC (cover_days; soma dias GMT tocados pela janela ~24h — alinhamento tipico a SMS Transactions / Insights Last 24h; totalprice pode diferir do cartao Total Spend),2026-07-27T10:08:43Z
Joao,marketplace-nomorobo-spam-score,0,0,0.000000,StartDate=2026-07-26 EndDate=2026-07-27 UTC (cover_days; soma dias GMT tocados pela janela ~24h — alinhamento tipico a SMS Transactions / Insights Last 24h; totalprice pode diferir do cartao Total Spend),2026-07-27T10:08:43Z
Joao,marketplace-pay-addons,0,0,0.000000,StartDate=2026-07-26 EndDate=2026-07-27 UTC (cover_days; soma dias GMT tocados pela janela ~24h — alinhamento tipico a SMS Transactions / Insights Last 24h; totalprice pode diferir do cartao Total Spend),2026-07-27T10:08:43Z
Joao,marketplace-pay-addons-basecommerce-pay-connector,0,0,0.000000,StartDate=2026-07-26 EndDate=2026-07-27 UTC (cover_days; soma dias GMT tocados pela janela ~24h — alinhamento tipico a SMS Transactions / Insights Last 24h; totalprice pode diferir do cartao Total Spend),2026-07-27T10:08:43Z
Joao,marketplace-pay-addons-braintree-pay-connector,0,0,0.000000,StartDate=2026-07-26 EndDate=2026-07-27 UTC (cover_days; soma dias GMT tocados pela janela ~24h — alinhamento tipico a SMS Transactions / Insights Last 24h; totalprice pode diferir do cartao Total Spend),2026-07-27T10:08:43Z
Joao,marketplace-pay-addons-cardconnect-pay-connector,0,0,0.000000,StartDate=2026-07-26 EndDate=2026-07-27 UTC (cover_days; soma dias GMT tocados pela janela ~24h — alinhamento tipico a SMS Transactions / Insights Last 24h; totalprice pode diferir do cartao Total Spend),2026-07-27T10:08:43Z
Joao,marketplace-pay-addons-chase-pay-connector,0,0,0.000000,StartDate=2026-07-26 EndDate=2026-07-27 UTC (cover_days; soma dias GMT tocados pela janela ~24h — alinhamento tipico a SMS Transactions / Insights Last 24h; totalprice pode diferir do cartao Total Spend),2026-07-27T10:08:43Z
Joao,marketplace-pay-addons-shuttle-pay-connector,0,0,0.000000,StartDate=2026-07-26 EndDate=2026-07-27 UTC (cover_days; soma dias GMT tocados pela janela ~24h — alinhamento tipico a SMS Transactions / Insights Last 24h; totalprice pode diferir do cartao Total Spend),2026-07-27T10:08:43Z
Joao,marketplace-pay-addons-stripe-pay-connector,0,0,0.000000,StartDate=2026-07-26 EndDate=2026-07-27 UTC (cover_days; soma dias GMT tocados pela janela ~24h — alinhamento tipico a SMS Transactions / Insights Last 24h; totalprice pode diferir do cartao Total Spend),2026-07-27T10:08:43Z
Joao,marketplace-payfone-tcpa-compliance,0,0,0.000000,StartDate=2026-07-26 EndDate=2026-07-27 UTC (cover_days; soma dias GMT tocados pela janela ~24h — alinhamento tipico a SMS Transactions / Insights Last 24h; totalprice pode diferir do cartao Total Spend),2026-07-27T10:08:43Z
Joao,marketplace-poly-ai-connector,0,0,0.000000,StartDate=2026-07-26 EndDate=2026-07-27 UTC (cover_days; soma dias GMT tocados pela janela ~24h — alinhamento tipico a SMS Transactions / Insights Last 24h; totalprice pode diferir do cartao Total Spend),2026-07-27T10:08:43Z
Joao,marketplace-realphonevalidation,0,0,0.000000,StartDate=2026-07-26 EndDate=2026-07-27 UTC (cover_days; soma dias GMT tocados pela janela ~24h — alinhamento tipico a SMS Transactions / Insights Last 24h; totalprice pode diferir do cartao Total Spend),2026-07-27T10:08:43Z
Joao,marketplace-remeeting-automatic-speech-recognition,0,0,0.000000,StartDate=2026-07-26 EndDate=2026-07-27 UTC (cover_days; soma dias GMT tocados pela janela ~24h — alinhamento tipico a SMS Transactions / Insights Last 24h; totalprice pode diferir do cartao Total Spend),2026-07-27T10:08:43Z
Joao,marketplace-spoke-phone-license-pro,0,0,0.000000,StartDate=2026-07-26 EndDate=2026-07-27 UTC (cover_days; soma dias GMT tocados pela janela ~24h — alinhamento tipico a SMS Transactions / Insights Last 24h; totalprice pode diferir do cartao Total Spend),2026-07-27T10:08:43Z
Joao,marketplace-spoke-phone-license-standard,0,0,0.000000,StartDate=2026-07-26 EndDate=2026-07-27 UTC (cover_days; soma dias GMT tocados pela janela ~24h — alinhamento tipico a SMS Transactions / Insights Last 24h; totalprice pode diferir do cartao Total Spend),2026-07-27T10:08:43Z
Joao,marketplace-tcpa-defense-solutions-blacklist-feed,0,0,0.000000,StartDate=2026-07-26 EndDate=2026-07-27 UTC (cover_days; soma dias GMT tocados pela janela ~24h — alinhamento tipico a SMS Transactions / Insights Last 24h; totalprice pode diferir do cartao Total Spend),2026-07-27T10:08:43Z
Joao,marketplace-telo-opencnam,0,0,0.000000,StartDate=2026-07-26 EndDate=2026-07-27 UTC (cover_days; soma dias GMT tocados pela janela ~24h — alinhamento tipico a SMS Transactions / Insights Last 24h; totalprice pode diferir do cartao Total Spend),2026-07-27T10:08:43Z
Joao,marketplace-trestle-solutions-caller-identification,0,0,0.000000,StartDate=2026-07-26 EndDate=2026-07-27 UTC (cover_days; soma dias GMT tocados pela janela ~24h — alinhamento tipico a SMS Transactions / Insights Last 24h; totalprice pode diferir do cartao Total Spend),2026-07-27T10:08:43Z
Joao,marketplace-truecnam-true-spam,0,0,0.000000,StartDate=2026-07-26 EndDate=2026-07-27 UTC (cover_days; soma dias GMT tocados pela janela ~24h — alinhamento tipico a SMS Transactions / Insights Last 24h; totalprice pode diferir do cartao Total Spend),2026-07-27T10:08:43Z
Joao,marketplace-twilio-caller-name-lookup-us,0,0,0.000000,StartDate=2026-07-26 EndDate=2026-07-27 UTC (cover_days; soma dias GMT tocados pela janela ~24h — alinhamento tipico a SMS Transactions / Insights Last 24h; totalprice pode diferir do cartao Total Spend),2026-07-27T10:08:43Z
Joao,marketplace-twilio-carrier-information-lookup,0,0,0.000000,StartDate=2026-07-26 EndDate=2026-07-27 UTC (cover_days; soma dias GMT tocados pela janela ~24h — alinhamento tipico a SMS Transactions / Insights Last 24h; totalprice pode diferir do cartao Total Spend),2026-07-27T10:08:43Z
Joao,marketplace-voicebase-pci,0,0,0.000000,StartDate=2026-07-26 EndDate=2026-07-27 UTC (cover_days; soma dias GMT tocados pela janela ~24h — alinhamento tipico a SMS Transactions / Insights Last 24h; totalprice pode diferir do cartao Total Spend),2026-07-27T10:08:43Z
Joao,marketplace-voicebase-transcription,0,0,0.000000,StartDate=2026-07-26 EndDate=2026-07-27 UTC (cover_days; soma dias GMT tocados pela janela ~24h — alinhamento tipico a SMS Transactions / Insights Last 24h; totalprice pode diferir do cartao Total Spend),2026-07-27T10:08:43Z
Joao,marketplace-voicebase-transcription-custom-vocabulary,0,0,0.000000,StartDate=2026-07-26 EndDate=2026-07-27 UTC (cover_days; soma dias GMT tocados pela janela ~24h — alinhamento tipico a SMS Transactions / Insights Last 24h; totalprice pode diferir do cartao Total Spend),2026-07-27T10:08:43Z
Joao,marketplace-web-purify-profanity-filter,0,0,0.000000,StartDate=2026-07-26 EndDate=2026-07-27 UTC (cover_days; soma dias GMT tocados pela janela ~24h — alinhamento tipico a SMS Transactions / Insights Last 24h; totalprice pode diferir do cartao Total Spend),2026-07-27T10:08:43Z
Joao,marketplace-whitepages-pro-caller-identification,0,0,0.000000,StartDate=2026-07-26 EndDate=2026-07-27 UTC (cover_days; soma dias GMT tocados pela janela ~24h — alinhamento tipico a SMS Transactions / Insights Last 24h; totalprice pode diferir do cartao Total Spend),2026-07-27T10:08:43Z
Joao,marketplace-whitepages-pro-phone-intelligence,0,0,0.000000,StartDate=2026-07-26 EndDate=2026-07-27 UTC (cover_days; soma dias GMT tocados pela janela ~24h — alinhamento tipico a SMS Transactions / Insights Last 24h; totalprice pode diferir do cartao Total Spend),2026-07-27T10:08:43Z
Joao,marketplace-whitepages-pro-phone-reputation,0,0,0.000000,StartDate=2026-07-26 EndDate=2026-07-27 UTC (cover_days; soma dias GMT tocados pela janela ~24h — alinhamento tipico a SMS Transactions / Insights Last 24h; totalprice pode diferir do cartao Total Spend),2026-07-27T10:08:43Z
Joao,marketplace-wolfarm-spoken-results,0,0,0.000000,StartDate=2026-07-26 EndDate=2026-07-27 UTC (cover_days; soma dias GMT tocados pela janela ~24h — alinhamento tipico a SMS Transactions / Insights Last 24h; totalprice pode diferir do cartao Total Spend),2026-07-27T10:08:43Z
Joao,marketplace-wolfram-short-answer,0,0,0.000000,StartDate=2026-07-26 EndDate=2026-07-27 UTC (cover_days; soma dias GMT tocados pela janela ~24h — alinhamento tipico a SMS Transactions / Insights Last 24h; totalprice pode diferir do cartao Total Spend),2026-07-27T10:08:43Z
Joao,marketplace-ytica-contact-center-reporting-analytics,0,0,0.000000,StartDate=2026-07-26 EndDate=2026-07-27 UTC (cover_days; soma dias GMT tocados pela janela ~24h — alinhamento tipico a SMS Transactions / Insights Last 24h; totalprice pode diferir do cartao Total Spend),2026-07-27T10:08:43Z
Joao,marketplay-pay-addons-shuttle-pay-connector,0,0,0.000000,StartDate=2026-07-26 EndDate=2026-07-27 UTC (cover_days; soma dias GMT tocados pela janela ~24h — alinhamento tipico a SMS Transactions / Insights Last 24h; totalprice pode diferir do cartao Total Spend),2026-07-27T10:08:43Z
Joao,media-composer-minutes,0,0,0.000000,StartDate=2026-07-26 EndDate=2026-07-27 UTC (cover_days; soma dias GMT tocados pela janela ~24h — alinhamento tipico a SMS Transactions / Insights Last 24h; totalprice pode diferir do cartao Total Spend),2026-07-27T10:08:43Z
Joao,mediastorage,0,0,0.000000,StartDate=2026-07-26 EndDate=2026-07-27 UTC (cover_days; soma dias GMT tocados pela janela ~24h — alinhamento tipico a SMS Transactions / Insights Last 24h; totalprice pode diferir do cartao Total Spend),2026-07-27T10:08:43Z
Joao,memories,0,0,0.000000,StartDate=2026-07-26 EndDate=2026-07-27 UTC (cover_days; soma dias GMT tocados pela janela ~24h — alinhamento tipico a SMS Transactions / Insights Last 24h; totalprice pode diferir do cartao Total Spend),2026-07-27T10:08:43Z
Joao,memories-memory-generation-input-output,0,0,0.000000,StartDate=2026-07-26 EndDate=2026-07-27 UTC (cover_days; soma dias GMT tocados pela janela ~24h — alinhamento tipico a SMS Transactions / Insights Last 24h; totalprice pode diferir do cartao Total Spend),2026-07-27T10:08:43Z
Joao,memories-memory-recall,0,0,0.000000,StartDate=2026-07-26 EndDate=2026-07-27 UTC (cover_days; soma dias GMT tocados pela janela ~24h — alinhamento tipico a SMS Transactions / Insights Last 24h; totalprice pode diferir do cartao Total Spend),2026-07-27T10:08:43Z
Joao,min-spend-adjustments,0,0,0.000000,StartDate=2026-07-26 EndDate=2026-07-27 UTC (cover_days; soma dias GMT tocados pela janela ~24h — alinhamento tipico a SMS Transactions / Insights Last 24h; totalprice pode diferir do cartao Total Spend),2026-07-27T10:08:43Z
Joao,mms-inbound-longcode,0,0,0.000000,StartDate=2026-07-26 EndDate=2026-07-27 UTC (cover_days; soma dias GMT tocados pela janela ~24h — alinhamento tipico a SMS Transactions / Insights Last 24h; totalprice pode diferir do cartao Total Spend),2026-07-27T10:08:43Z
Joao,mms-inbound-shortcode,0,0,0.000000,StartDate=2026-07-26 EndDate=2026-07-27 UTC (cover_days; soma dias GMT tocados pela janela ~24h — alinhamento tipico a SMS Transactions / Insights Last 24h; totalprice pode diferir do cartao Total Spend),2026-07-27T10:08:43Z
Joao,mms-outbound,0,0,0.000000,StartDate=2026-07-26 EndDate=2026-07-27 UTC (cover_days; soma dias GMT tocados pela janela ~24h — alinhamento tipico a SMS Transactions / Insights Last 24h; totalprice pode diferir do cartao Total Spend),2026-07-27T10:08:43Z
Joao,mms-outbound-longcode,0,0,0.000000,StartDate=2026-07-26 EndDate=2026-07-27 UTC (cover_days; soma dias GMT tocados pela janela ~24h — alinhamento tipico a SMS Transactions / Insights Last 24h; totalprice pode diferir do cartao Total Spend),2026-07-27T10:08:43Z
Joao,mms-outbound-shortcode,0,0,0.000000,StartDate=2026-07-26 EndDate=2026-07-27 UTC (cover_days; soma dias GMT tocados pela janela ~24h — alinhamento tipico a SMS Transactions / Insights Last 24h; totalprice pode diferir do cartao Total Spend),2026-07-27T10:08:43Z
Joao,mms-outbound-tollfree,0,0,0.000000,StartDate=2026-07-26 EndDate=2026-07-27 UTC (cover_days; soma dias GMT tocados pela janela ~24h — alinhamento tipico a SMS Transactions / Insights Last 24h; totalprice pode diferir do cartao Total Spend),2026-07-27T10:08:43Z
Joao,monitor,0,0,0.000000,StartDate=2026-07-26 EndDate=2026-07-27 UTC (cover_days; soma dias GMT tocados pela janela ~24h — alinhamento tipico a SMS Transactions / Insights Last 24h; totalprice pode diferir do cartao Total Spend),2026-07-27T10:08:43Z
Joao,monitor-reads,0,0,0.000000,StartDate=2026-07-26 EndDate=2026-07-27 UTC (cover_days; soma dias GMT tocados pela janela ~24h — alinhamento tipico a SMS Transactions / Insights Last 24h; totalprice pode diferir do cartao Total Spend),2026-07-27T10:08:43Z
Joao,monitor-storage,0,0,0.000000,StartDate=2026-07-26 EndDate=2026-07-27 UTC (cover_days; soma dias GMT tocados pela janela ~24h — alinhamento tipico a SMS Transactions / Insights Last 24h; totalprice pode diferir do cartao Total Spend),2026-07-27T10:08:43Z
Joao,monitor-writes,0,0,0.000000,StartDate=2026-07-26 EndDate=2026-07-27 UTC (cover_days; soma dias GMT tocados pela janela ~24h — alinhamento tipico a SMS Transactions / Insights Last 24h; totalprice pode diferir do cartao Total Spend),2026-07-27T10:08:43Z
Joao,notify,0,0,0.000000,StartDate=2026-07-26 EndDate=2026-07-27 UTC (cover_days; soma dias GMT tocados pela janela ~24h — alinhamento tipico a SMS Transactions / Insights Last 24h; totalprice pode diferir do cartao Total Spend),2026-07-27T10:08:43Z
Joao,notify-actions-attempts,0,0,0.000000,StartDate=2026-07-26 EndDate=2026-07-27 UTC (cover_days; soma dias GMT tocados pela janela ~24h — alinhamento tipico a SMS Transactions / Insights Last 24h; totalprice pode diferir do cartao Total Spend),2026-07-27T10:08:43Z
Joao,notify-channels,0,0,0.000000,StartDate=2026-07-26 EndDate=2026-07-27 UTC (cover_days; soma dias GMT tocados pela janela ~24h — alinhamento tipico a SMS Transactions / Insights Last 24h; totalprice pode diferir do cartao Total Spend),2026-07-27T10:08:43Z
Joao,number-format-lookups,8962,8962,0.000000,StartDate=2026-07-26 EndDate=2026-07-27 UTC (cover_days; soma dias GMT tocados pela janela ~24h — alinhamento tipico a SMS Transactions / Insights Last 24h; totalprice pode diferir do cartao Total Spend),2026-07-27T10:08:43Z
Joao,pchat,0,0,0.000000,StartDate=2026-07-26 EndDate=2026-07-27 UTC (cover_days; soma dias GMT tocados pela janela ~24h — alinhamento tipico a SMS Transactions / Insights Last 24h; totalprice pode diferir do cartao Total Spend),2026-07-27T10:08:43Z
Joao,pchat-actions,0,0,0.000000,StartDate=2026-07-26 EndDate=2026-07-27 UTC (cover_days; soma dias GMT tocados pela janela ~24h — alinhamento tipico a SMS Transactions / Insights Last 24h; totalprice pode diferir do cartao Total Spend),2026-07-27T10:08:43Z
Joao,pchat-aps,0,0,0.000000,StartDate=2026-07-26 EndDate=2026-07-27 UTC (cover_days; soma dias GMT tocados pela janela ~24h — alinhamento tipico a SMS Transactions / Insights Last 24h; totalprice pode diferir do cartao Total Spend),2026-07-27T10:08:43Z
Joao,pchat-conv-med-storage,0,0,0.000000,StartDate=2026-07-26 EndDate=2026-07-27 UTC (cover_days; soma dias GMT tocados pela janela ~24h — alinhamento tipico a SMS Transactions / Insights Last 24h; totalprice pode diferir do cartao Total Spend),2026-07-27T10:08:43Z
Joao,pchat-messages,0,0,0.000000,StartDate=2026-07-26 EndDate=2026-07-27 UTC (cover_days; soma dias GMT tocados pela janela ~24h — alinhamento tipico a SMS Transactions / Insights Last 24h; totalprice pode diferir do cartao Total Spend),2026-07-27T10:08:43Z
Joao,pchat-notifications,0,0,0.000000,StartDate=2026-07-26 EndDate=2026-07-27 UTC (cover_days; soma dias GMT tocados pela janela ~24h — alinhamento tipico a SMS Transactions / Insights Last 24h; totalprice pode diferir do cartao Total Spend),2026-07-27T10:08:43Z
Joao,pchat-reads,0,0,0.000000,StartDate=2026-07-26 EndDate=2026-07-27 UTC (cover_days; soma dias GMT tocados pela janela ~24h — alinhamento tipico a SMS Transactions / Insights Last 24h; totalprice pode diferir do cartao Total Spend),2026-07-27T10:08:43Z
Joao,pchat-users,0,0,0.000000,StartDate=2026-07-26 EndDate=2026-07-27 UTC (cover_days; soma dias GMT tocados pela janela ~24h — alinhamento tipico a SMS Transactions / Insights Last 24h; totalprice pode diferir do cartao Total Spend),2026-07-27T10:08:43Z
Joao,peer-to-peer-rooms-participant-minutes,0,0,0.000000,StartDate=2026-07-26 EndDate=2026-07-27 UTC (cover_days; soma dias GMT tocados pela janela ~24h — alinhamento tipico a SMS Transactions / Insights Last 24h; totalprice pode diferir do cartao Total Spend),2026-07-27T10:08:43Z
Joao,pfax,0,0,0.000000,StartDate=2026-07-26 EndDate=2026-07-27 UTC (cover_days; soma dias GMT tocados pela janela ~24h — alinhamento tipico a SMS Transactions / Insights Last 24h; totalprice pode diferir do cartao Total Spend),2026-07-27T10:08:43Z
Joao,pfax-minutes,0,0,0.000000,StartDate=2026-07-26 EndDate=2026-07-27 UTC (cover_days; soma dias GMT tocados pela janela ~24h — alinhamento tipico a SMS Transactions / Insights Last 24h; totalprice pode diferir do cartao Total Spend),2026-07-27T10:08:43Z
Joao,pfax-minutes-inbound,0,0,0.000000,StartDate=2026-07-26 EndDate=2026-07-27 UTC (cover_days; soma dias GMT tocados pela janela ~24h — alinhamento tipico a SMS Transactions / Insights Last 24h; totalprice pode diferir do cartao Total Spend),2026-07-27T10:08:43Z
Joao,pfax-minutes-outbound,0,0,0.000000,StartDate=2026-07-26 EndDate=2026-07-27 UTC (cover_days; soma dias GMT tocados pela janela ~24h — alinhamento tipico a SMS Transactions / Insights Last 24h; totalprice pode diferir do cartao Total Spend),2026-07-27T10:08:43Z
Joao,pfax-pages,0,0,0.000000,StartDate=2026-07-26 EndDate=2026-07-27 UTC (cover_days; soma dias GMT tocados pela janela ~24h — alinhamento tipico a SMS Transactions / Insights Last 24h; totalprice pode diferir do cartao Total Spend),2026-07-27T10:08:43Z
Joao,phone-quality-score-lookups,0,0,0.000000,StartDate=2026-07-26 EndDate=2026-07-27 UTC (cover_days; soma dias GMT tocados pela janela ~24h — alinhamento tipico a SMS Transactions / Insights Last 24h; totalprice pode diferir do cartao Total Spend),2026-07-27T10:08:43Z
Joao,phonenumbers-cps,0,0,0.000000,StartDate=2026-07-26 EndDate=2026-07-27 UTC (cover_days; soma dias GMT tocados pela janela ~24h — alinhamento tipico a SMS Transactions / Insights Last 24h; totalprice pode diferir do cartao Total Spend),2026-07-27T10:08:43Z
Joao,phonenumbers-emergency,0,0,0.000000,StartDate=2026-07-26 EndDate=2026-07-27 UTC (cover_days; soma dias GMT tocados pela janela ~24h — alinhamento tipico a SMS Transactions / Insights Last 24h; totalprice pode diferir do cartao Total Spend),2026-07-27T10:08:43Z
Joao,phonenumbers-local,0,0,0.000000,StartDate=2026-07-26 EndDate=2026-07-27 UTC (cover_days; soma dias GMT tocados pela janela ~24h — alinhamento tipico a SMS Transactions / Insights Last 24h; totalprice pode diferir do cartao Total Spend),2026-07-27T10:08:43Z
Joao,phonenumbers-mobile,0,0,0.000000,StartDate=2026-07-26 EndDate=2026-07-27 UTC (cover_days; soma dias GMT tocados pela janela ~24h — alinhamento tipico a SMS Transactions / Insights Last 24h; totalprice pode diferir do cartao Total Spend),2026-07-27T10:08:43Z
Joao,phonenumbers-porting,0,0,0.000000,StartDate=2026-07-26 EndDate=2026-07-27 UTC (cover_days; soma dias GMT tocados pela janela ~24h — alinhamento tipico a SMS Transactions / Insights Last 24h; totalprice pode diferir do cartao Total Spend),2026-07-27T10:08:43Z
Joao,phonenumbers-setups,0,0,0.000000,StartDate=2026-07-26 EndDate=2026-07-27 UTC (cover_days; soma dias GMT tocados pela janela ~24h — alinhamento tipico a SMS Transactions / Insights Last 24h; totalprice pode diferir do cartao Total Spend),2026-07-27T10:08:43Z
Joao,premiumsupport,0,0,0.000000,StartDate=2026-07-26 EndDate=2026-07-27 UTC (cover_days; soma dias GMT tocados pela janela ~24h — alinhamento tipico a SMS Transactions / Insights Last 24h; totalprice pode diferir do cartao Total Spend),2026-07-27T10:08:43Z
Joao,premiumsupport-percentage-spend,0,0,0.000000,StartDate=2026-07-26 EndDate=2026-07-27 UTC (cover_days; soma dias GMT tocados pela janela ~24h — alinhamento tipico a SMS Transactions / Insights Last 24h; totalprice pode diferir do cartao Total Spend),2026-07-27T10:08:43Z
Joao,profiles,0,0,0.000000,StartDate=2026-07-26 EndDate=2026-07-27 UTC (cover_days; soma dias GMT tocados pela janela ~24h — alinhamento tipico a SMS Transactions / Insights Last 24h; totalprice pode diferir do cartao Total Spend),2026-07-27T10:08:43Z
Joao,profiles-customer-profile-operations,0,0,0.000000,StartDate=2026-07-26 EndDate=2026-07-27 UTC (cover_days; soma dias GMT tocados pela janela ~24h — alinhamento tipico a SMS Transactions / Insights Last 24h; totalprice pode diferir do cartao Total Spend),2026-07-27T10:08:43Z
Joao,profiles-daily-utilized-profiles,0,0,0.000000,StartDate=2026-07-26 EndDate=2026-07-27 UTC (cover_days; soma dias GMT tocados pela janela ~24h — alinhamento tipico a SMS Transactions / Insights Last 24h; totalprice pode diferir do cartao Total Spend),2026-07-27T10:08:43Z
Joao,programmable-microsoft-operator-connect,0,0,0.000000,StartDate=2026-07-26 EndDate=2026-07-27 UTC (cover_days; soma dias GMT tocados pela janela ~24h — alinhamento tipico a SMS Transactions / Insights Last 24h; totalprice pode diferir do cartao Total Spend),2026-07-27T10:08:43Z
Joao,programmable-microsoft-operator-connect-inbound,0,0,0.000000,StartDate=2026-07-26 EndDate=2026-07-27 UTC (cover_days; soma dias GMT tocados pela janela ~24h — alinhamento tipico a SMS Transactions / Insights Last 24h; totalprice pode diferir do cartao Total Spend),2026-07-27T10:08:43Z
Joao,programmable-microsoft-operator-connect-outbound,0,0,0.000000,StartDate=2026-07-26 EndDate=2026-07-27 UTC (cover_days; soma dias GMT tocados pela janela ~24h — alinhamento tipico a SMS Transactions / Insights Last 24h; totalprice pode diferir do cartao Total Spend),2026-07-27T10:08:43Z
Joao,programmablevoice-platform,0,0,0.000000,StartDate=2026-07-26 EndDate=2026-07-27 UTC (cover_days; soma dias GMT tocados pela janela ~24h — alinhamento tipico a SMS Transactions / Insights Last 24h; totalprice pode diferir do cartao Total Spend),2026-07-27T10:08:43Z
Joao,programmablevoiceconn-clientsdk,0,0,0.000000,StartDate=2026-07-26 EndDate=2026-07-27 UTC (cover_days; soma dias GMT tocados pela janela ~24h — alinhamento tipico a SMS Transactions / Insights Last 24h; totalprice pode diferir do cartao Total Spend),2026-07-27T10:08:43Z
Joao,programmablevoiceconn-clientsdk-inbound,0,0,0.000000,StartDate=2026-07-26 EndDate=2026-07-27 UTC (cover_days; soma dias GMT tocados pela janela ~24h — alinhamento tipico a SMS Transactions / Insights Last 24h; totalprice pode diferir do cartao Total Spend),2026-07-27T10:08:43Z
Joao,programmablevoiceconn-clientsdk-outbound,0,0,0.000000,StartDate=2026-07-26 EndDate=2026-07-27 UTC (cover_days; soma dias GMT tocados pela janela ~24h — alinhamento tipico a SMS Transactions / Insights Last 24h; totalprice pode diferir do cartao Total Spend),2026-07-27T10:08:43Z
Joao,programmablevoiceconn-onnet,0,0,0.000000,StartDate=2026-07-26 EndDate=2026-07-27 UTC (cover_days; soma dias GMT tocados pela janela ~24h — alinhamento tipico a SMS Transactions / Insights Last 24h; totalprice pode diferir do cartao Total Spend),2026-07-27T10:08:43Z
Joao,programmablevoiceconn-onnet-inbound,0,0,0.000000,StartDate=2026-07-26 EndDate=2026-07-27 UTC (cover_days; soma dias GMT tocados pela janela ~24h — alinhamento tipico a SMS Transactions / Insights Last 24h; totalprice pode diferir do cartao Total Spend),2026-07-27T10:08:43Z
Joao,programmablevoiceconn-onnet-outbound,0,0,0.000000,StartDate=2026-07-26 EndDate=2026-07-27 UTC (cover_days; soma dias GMT tocados pela janela ~24h — alinhamento tipico a SMS Transactions / Insights Last 24h; totalprice pode diferir do cartao Total Spend),2026-07-27T10:08:43Z
Joao,programmablevoiceconn-sip,0,0,0.000000,StartDate=2026-07-26 EndDate=2026-07-27 UTC (cover_days; soma dias GMT tocados pela janela ~24h — alinhamento tipico a SMS Transactions / Insights Last 24h; totalprice pode diferir do cartao Total Spend),2026-07-27T10:08:43Z
Joao,programmablevoiceconn-sip-inbound,0,0,0.000000,StartDate=2026-07-26 EndDate=2026-07-27 UTC (cover_days; soma dias GMT tocados pela janela ~24h — alinhamento tipico a SMS Transactions / Insights Last 24h; totalprice pode diferir do cartao Total Spend),2026-07-27T10:08:43Z
Joao,programmablevoiceconn-sip-outbound,0,0,0.000000,StartDate=2026-07-26 EndDate=2026-07-27 UTC (cover_days; soma dias GMT tocados pela janela ~24h — alinhamento tipico a SMS Transactions / Insights Last 24h; totalprice pode diferir do cartao Total Spend),2026-07-27T10:08:43Z
Joao,programmablevoiceconnectivity,0,0,0.000000,StartDate=2026-07-26 EndDate=2026-07-27 UTC (cover_days; soma dias GMT tocados pela janela ~24h — alinhamento tipico a SMS Transactions / Insights Last 24h; totalprice pode diferir do cartao Total Spend),2026-07-27T10:08:43Z
Joao,programmablevoiceconnectivity-byoc,0,0,0.000000,StartDate=2026-07-26 EndDate=2026-07-27 UTC (cover_days; soma dias GMT tocados pela janela ~24h — alinhamento tipico a SMS Transactions / Insights Last 24h; totalprice pode diferir do cartao Total Spend),2026-07-27T10:08:43Z
Joao,proxy,0,0,0.000000,StartDate=2026-07-26 EndDate=2026-07-27 UTC (cover_days; soma dias GMT tocados pela janela ~24h — alinhamento tipico a SMS Transactions / Insights Last 24h; totalprice pode diferir do cartao Total Spend),2026-07-27T10:08:43Z
Joao,proxy-active-sessions,0,0,0.000000,StartDate=2026-07-26 EndDate=2026-07-27 UTC (cover_days; soma dias GMT tocados pela janela ~24h — alinhamento tipico a SMS Transactions / Insights Last 24h; totalprice pode diferir do cartao Total Spend),2026-07-27T10:08:43Z
Joao,proxy-bucket-adjustment,0,0,0.000000,StartDate=2026-07-26 EndDate=2026-07-27 UTC (cover_days; soma dias GMT tocados pela janela ~24h — alinhamento tipico a SMS Transactions / Insights Last 24h; totalprice pode diferir do cartao Total Spend),2026-07-27T10:08:43Z
Joao,proxy-licenses,0,0,0.000000,StartDate=2026-07-26 EndDate=2026-07-27 UTC (cover_days; soma dias GMT tocados pela janela ~24h — alinhamento tipico a SMS Transactions / Insights Last 24h; totalprice pode diferir do cartao Total Spend),2026-07-27T10:08:43Z
Joao,pstnconnectivity,0,0,0.000000,StartDate=2026-07-26 EndDate=2026-07-27 UTC (cover_days; soma dias GMT tocados pela janela ~24h — alinhamento tipico a SMS Transactions / Insights Last 24h; totalprice pode diferir do cartao Total Spend),2026-07-27T10:08:43Z
Joao,pstnconnectivity-inbound,0,0,0.000000,StartDate=2026-07-26 EndDate=2026-07-27 UTC (cover_days; soma dias GMT tocados pela janela ~24h — alinhamento tipico a SMS Transactions / Insights Last 24h; totalprice pode diferir do cartao Total Spend),2026-07-27T10:08:43Z
Joao,pstnconnectivity-outbound,0,0,0.000000,StartDate=2026-07-26 EndDate=2026-07-27 UTC (cover_days; soma dias GMT tocados pela janela ~24h — alinhamento tipico a SMS Transactions / Insights Last 24h; totalprice pode diferir do cartao Total Spend),2026-07-27T10:08:43Z
Joao,pv,0,0,0.000000,StartDate=2026-07-26 EndDate=2026-07-27 UTC (cover_days; soma dias GMT tocados pela janela ~24h — alinhamento tipico a SMS Transactions / Insights Last 24h; totalprice pode diferir do cartao Total Spend),2026-07-27T10:08:43Z
Joao,pv-basic-rooms,0,0,0.000000,StartDate=2026-07-26 EndDate=2026-07-27 UTC (cover_days; soma dias GMT tocados pela janela ~24h — alinhamento tipico a SMS Transactions / Insights Last 24h; totalprice pode diferir do cartao Total Spend),2026-07-27T10:08:43Z
Joao,pv-composition-media-downloaded,0,0,0.000000,StartDate=2026-07-26 EndDate=2026-07-27 UTC (cover_days; soma dias GMT tocados pela janela ~24h — alinhamento tipico a SMS Transactions / Insights Last 24h; totalprice pode diferir do cartao Total Spend),2026-07-27T10:08:43Z
Joao,pv-composition-media-encrypted,0,0,0.000000,StartDate=2026-07-26 EndDate=2026-07-27 UTC (cover_days; soma dias GMT tocados pela janela ~24h — alinhamento tipico a SMS Transactions / Insights Last 24h; totalprice pode diferir do cartao Total Spend),2026-07-27T10:08:43Z
Joao,pv-composition-media-stored,0,0,0.000000,StartDate=2026-07-26 EndDate=2026-07-27 UTC (cover_days; soma dias GMT tocados pela janela ~24h — alinhamento tipico a SMS Transactions / Insights Last 24h; totalprice pode diferir do cartao Total Spend),2026-07-27T10:08:43Z
Joao,pv-composition-minutes,0,0,0.000000,StartDate=2026-07-26 EndDate=2026-07-27 UTC (cover_days; soma dias GMT tocados pela janela ~24h — alinhamento tipico a SMS Transactions / Insights Last 24h; totalprice pode diferir do cartao Total Spend),2026-07-27T10:08:43Z
Joao,pv-recording-compositions,0,0,0.000000,StartDate=2026-07-26 EndDate=2026-07-27 UTC (cover_days; soma dias GMT tocados pela janela ~24h — alinhamento tipico a SMS Transactions / Insights Last 24h; totalprice pode diferir do cartao Total Spend),2026-07-27T10:08:43Z
Joao,pv-room-participants,0,0,0.000000,StartDate=2026-07-26 EndDate=2026-07-27 UTC (cover_days; soma dias GMT tocados pela janela ~24h — alinhamento tipico a SMS Transactions / Insights Last 24h; totalprice pode diferir do cartao Total Spend),2026-07-27T10:08:43Z
Joao,pv-room-participants-au1,0,0,0.000000,StartDate=2026-07-26 EndDate=2026-07-27 UTC (cover_days; soma dias GMT tocados pela janela ~24h — alinhamento tipico a SMS Transactions / Insights Last 24h; totalprice pode diferir do cartao Total Spend),2026-07-27T10:08:43Z
Joao,pv-room-participants-br1,0,0,0.000000,StartDate=2026-07-26 EndDate=2026-07-27 UTC (cover_days; soma dias GMT tocados pela janela ~24h — alinhamento tipico a SMS Transactions / Insights Last 24h; totalprice pode diferir do cartao Total Spend),2026-07-27T10:08:43Z
Joao,pv-room-participants-ie1,0,0,0.000000,StartDate=2026-07-26 EndDate=2026-07-27 UTC (cover_days; soma dias GMT tocados pela janela ~24h — alinhamento tipico a SMS Transactions / Insights Last 24h; totalprice pode diferir do cartao Total Spend),2026-07-27T10:08:43Z
Joao,pv-room-participants-jp1,0,0,0.000000,StartDate=2026-07-26 EndDate=2026-07-27 UTC (cover_days; soma dias GMT tocados pela janela ~24h — alinhamento tipico a SMS Transactions / Insights Last 24h; totalprice pode diferir do cartao Total Spend),2026-07-27T10:08:43Z
Joao,pv-room-participants-sg1,0,0,0.000000,StartDate=2026-07-26 EndDate=2026-07-27 UTC (cover_days; soma dias GMT tocados pela janela ~24h — alinhamento tipico a SMS Transactions / Insights Last 24h; totalprice pode diferir do cartao Total Spend),2026-07-27T10:08:43Z
Joao,pv-room-participants-us1,0,0,0.000000,StartDate=2026-07-26 EndDate=2026-07-27 UTC (cover_days; soma dias GMT tocados pela janela ~24h — alinhamento tipico a SMS Transactions / Insights Last 24h; totalprice pode diferir do cartao Total Spend),2026-07-27T10:08:43Z
Joao,pv-room-participants-us2,0,0,0.000000,StartDate=2026-07-26 EndDate=2026-07-27 UTC (cover_days; soma dias GMT tocados pela janela ~24h — alinhamento tipico a SMS Transactions / Insights Last 24h; totalprice pode diferir do cartao Total Spend),2026-07-27T10:08:43Z
Joao,pv-rooms,0,0,0.000000,StartDate=2026-07-26 EndDate=2026-07-27 UTC (cover_days; soma dias GMT tocados pela janela ~24h — alinhamento tipico a SMS Transactions / Insights Last 24h; totalprice pode diferir do cartao Total Spend),2026-07-27T10:08:43Z
Joao,pv-sip-endpoint-registrations,0,0,0.000000,StartDate=2026-07-26 EndDate=2026-07-27 UTC (cover_days; soma dias GMT tocados pela janela ~24h — alinhamento tipico a SMS Transactions / Insights Last 24h; totalprice pode diferir do cartao Total Spend),2026-07-27T10:08:43Z
Joao,rcs-messages,0,0,0.000000,StartDate=2026-07-26 EndDate=2026-07-27 UTC (cover_days; soma dias GMT tocados pela janela ~24h — alinhamento tipico a SMS Transactions / Insights Last 24h; totalprice pode diferir do cartao Total Spend),2026-07-27T10:08:43Z
Joao,reassigned-number,0,0,0.000000,StartDate=2026-07-26 EndDate=2026-07-27 UTC (cover_days; soma dias GMT tocados pela janela ~24h — alinhamento tipico a SMS Transactions / Insights Last 24h; totalprice pode diferir do cartao Total Spend),2026-07-27T10:08:43Z
Joao,shortcodes,0,0,0.000000,StartDate=2026-07-26 EndDate=2026-07-27 UTC (cover_days; soma dias GMT tocados pela janela ~24h — alinhamento tipico a SMS Transactions / Insights Last 24h; totalprice pode diferir do cartao Total Spend),2026-07-27T10:08:43Z
Joao,shortcodes-customerowned,0,0,0.000000,StartDate=2026-07-26 EndDate=2026-07-27 UTC (cover_days; soma dias GMT tocados pela janela ~24h — alinhamento tipico a SMS Transactions / Insights Last 24h; totalprice pode diferir do cartao Total Spend),2026-07-27T10:08:43Z
Joao,shortcodes-mms-enablement,0,0,0.000000,StartDate=2026-07-26 EndDate=2026-07-27 UTC (cover_days; soma dias GMT tocados pela janela ~24h — alinhamento tipico a SMS Transactions / Insights Last 24h; totalprice pode diferir do cartao Total Spend),2026-07-27T10:08:43Z
Joao,shortcodes-mps,0,0,0.000000,StartDate=2026-07-26 EndDate=2026-07-27 UTC (cover_days; soma dias GMT tocados pela janela ~24h — alinhamento tipico a SMS Transactions / Insights Last 24h; totalprice pode diferir do cartao Total Spend),2026-07-27T10:08:43Z
Joao,shortcodes-random,0,0,0.000000,StartDate=2026-07-26 EndDate=2026-07-27 UTC (cover_days; soma dias GMT tocados pela janela ~24h — alinhamento tipico a SMS Transactions / Insights Last 24h; totalprice pode diferir do cartao Total Spend),2026-07-27T10:08:43Z
Joao,shortcodes-setup-fees,0,0,0.000000,StartDate=2026-07-26 EndDate=2026-07-27 UTC (cover_days; soma dias GMT tocados pela janela ~24h — alinhamento tipico a SMS Transactions / Insights Last 24h; totalprice pode diferir do cartao Total Spend),2026-07-27T10:08:43Z
Joao,shortcodes-uk,0,0,0.000000,StartDate=2026-07-26 EndDate=2026-07-27 UTC (cover_days; soma dias GMT tocados pela janela ~24h — alinhamento tipico a SMS Transactions / Insights Last 24h; totalprice pode diferir do cartao Total Spend),2026-07-27T10:08:43Z
Joao,shortcodes-vanity,0,0,0.000000,StartDate=2026-07-26 EndDate=2026-07-27 UTC (cover_days; soma dias GMT tocados pela janela ~24h — alinhamento tipico a SMS Transactions / Insights Last 24h; totalprice pode diferir do cartao Total Spend),2026-07-27T10:08:43Z
Joao,sim-swap-lookups,0,0,0.000000,StartDate=2026-07-26 EndDate=2026-07-27 UTC (cover_days; soma dias GMT tocados pela janela ~24h — alinhamento tipico a SMS Transactions / Insights Last 24h; totalprice pode diferir do cartao Total Spend),2026-07-27T10:08:43Z
Joao,sip-secure-media,0,0,0.000000,StartDate=2026-07-26 EndDate=2026-07-27 UTC (cover_days; soma dias GMT tocados pela janela ~24h — alinhamento tipico a SMS Transactions / Insights Last 24h; totalprice pode diferir do cartao Total Spend),2026-07-27T10:08:43Z
Joao,small-group-rooms,0,0,0.000000,StartDate=2026-07-26 EndDate=2026-07-27 UTC (cover_days; soma dias GMT tocados pela janela ~24h — alinhamento tipico a SMS Transactions / Insights Last 24h; totalprice pode diferir do cartao Total Spend),2026-07-27T10:08:43Z
Joao,small-group-rooms-data-track,0,0,0.000000,StartDate=2026-07-26 EndDate=2026-07-27 UTC (cover_days; soma dias GMT tocados pela janela ~24h — alinhamento tipico a SMS Transactions / Insights Last 24h; totalprice pode diferir do cartao Total Spend),2026-07-27T10:08:43Z
Joao,small-group-rooms-participant-minutes,0,0,0.000000,StartDate=2026-07-26 EndDate=2026-07-27 UTC (cover_days; soma dias GMT tocados pela janela ~24h — alinhamento tipico a SMS Transactions / Insights Last 24h; totalprice pode diferir do cartao Total Spend),2026-07-27T10:08:43Z
Joao,sms-inbound-shortcode,0,0,0.000000,StartDate=2026-07-26 EndDate=2026-07-27 UTC (cover_days; soma dias GMT tocados pela janela ~24h — alinhamento tipico a SMS Transactions / Insights Last 24h; totalprice pode diferir do cartao Total Spend),2026-07-27T10:08:43Z
Joao,sms-messages-features,0,0,0.000000,StartDate=2026-07-26 EndDate=2026-07-27 UTC (cover_days; soma dias GMT tocados pela janela ~24h — alinhamento tipico a SMS Transactions / Insights Last 24h; totalprice pode diferir do cartao Total Spend),2026-07-27T10:08:43Z
Joao,sms-messages-features-engagement-suite,0,0,0.000000,StartDate=2026-07-26 EndDate=2026-07-27 UTC (cover_days; soma dias GMT tocados pela janela ~24h — alinhamento tipico a SMS Transactions / Insights Last 24h; totalprice pode diferir do cartao Total Spend),2026-07-27T10:08:43Z
Joao,sms-messages-features-message-redaction,0,0,0.000000,StartDate=2026-07-26 EndDate=2026-07-27 UTC (cover_days; soma dias GMT tocados pela janela ~24h — alinhamento tipico a SMS Transactions / Insights Last 24h; totalprice pode diferir do cartao Total Spend),2026-07-27T10:08:43Z
Joao,sms-messages-features-senderid,0,0,0.000000,StartDate=2026-07-26 EndDate=2026-07-27 UTC (cover_days; soma dias GMT tocados pela janela ~24h — alinhamento tipico a SMS Transactions / Insights Last 24h; totalprice pode diferir do cartao Total Spend),2026-07-27T10:08:43Z
Joao,sms-mps,0,0,0.000000,StartDate=2026-07-26 EndDate=2026-07-27 UTC (cover_days; soma dias GMT tocados pela janela ~24h — alinhamento tipico a SMS Transactions / Insights Last 24h; totalprice pode diferir do cartao Total Spend),2026-07-27T10:08:43Z
Joao,sms-mps-shortcode,0,0,0.000000,StartDate=2026-07-26 EndDate=2026-07-27 UTC (cover_days; soma dias GMT tocados pela janela ~24h — alinhamento tipico a SMS Transactions / Insights Last 24h; totalprice pode diferir do cartao Total Spend),2026-07-27T10:08:43Z
Joao,sms-mps-tollfree,0,0,0.000000,StartDate=2026-07-26 EndDate=2026-07-27 UTC (cover_days; soma dias GMT tocados pela janela ~24h — alinhamento tipico a SMS Transactions / Insights Last 24h; totalprice pode diferir do cartao Total Spend),2026-07-27T10:08:43Z
Joao,sms-mps-tollfree-setup,0,0,0.000000,StartDate=2026-07-26 EndDate=2026-07-27 UTC (cover_days; soma dias GMT tocados pela janela ~24h — alinhamento tipico a SMS Transactions / Insights Last 24h; totalprice pode diferir do cartao Total Spend),2026-07-27T10:08:43Z
Joao,sms-national-regulatory-protection,0,0,0.000000,StartDate=2026-07-26 EndDate=2026-07-27 UTC (cover_days; soma dias GMT tocados pela janela ~24h — alinhamento tipico a SMS Transactions / Insights Last 24h; totalprice pode diferir do cartao Total Spend),2026-07-27T10:08:43Z
Joao,sms-outbound-content-inspection,0,0,0.000000,StartDate=2026-07-26 EndDate=2026-07-27 UTC (cover_days; soma dias GMT tocados pela janela ~24h — alinhamento tipico a SMS Transactions / Insights Last 24h; totalprice pode diferir do cartao Total Spend),2026-07-27T10:08:43Z
Joao,sms-outbound-longcode,0,0,0.000000,StartDate=2026-07-26 EndDate=2026-07-27 UTC (cover_days; soma dias GMT tocados pela janela ~24h — alinhamento tipico a SMS Transactions / Insights Last 24h; totalprice pode diferir do cartao Total Spend),2026-07-27T10:08:43Z
Joao,sms-outbound-shortcode,0,0,0.000000,StartDate=2026-07-26 EndDate=2026-07-27 UTC (cover_days; soma dias GMT tocados pela janela ~24h — alinhamento tipico a SMS Transactions / Insights Last 24h; totalprice pode diferir do cartao Total Spend),2026-07-27T10:08:43Z
Joao,sms-pumping-protection,0,0,0.000000,StartDate=2026-07-26 EndDate=2026-07-27 UTC (cover_days; soma dias GMT tocados pela janela ~24h — alinhamento tipico a SMS Transactions / Insights Last 24h; totalprice pode diferir do cartao Total Spend),2026-07-27T10:08:43Z
Joao,sms-pumping-risk,0,0,0.000000,StartDate=2026-07-26 EndDate=2026-07-27 UTC (cover_days; soma dias GMT tocados pela janela ~24h — alinhamento tipico a SMS Transactions / Insights Last 24h; totalprice pode diferir do cartao Total Spend),2026-07-27T10:08:43Z
Joao,smsmessages-bucket-adjustments,0,0,0.000000,StartDate=2026-07-26 EndDate=2026-07-27 UTC (cover_days; soma dias GMT tocados pela janela ~24h — alinhamento tipico a SMS Transactions / Insights Last 24h; totalprice pode diferir do cartao Total Spend),2026-07-27T10:08:43Z
Joao,smsmessages-outbound-domestic,0,0,0.000000,StartDate=2026-07-26 EndDate=2026-07-27 UTC (cover_days; soma dias GMT tocados pela janela ~24h — alinhamento tipico a SMS Transactions / Insights Last 24h; totalprice pode diferir do cartao Total Spend),2026-07-27T10:08:43Z
Joao,speech-recognition,0,0,0.000000,StartDate=2026-07-26 EndDate=2026-07-27 UTC (cover_days; soma dias GMT tocados pela janela ~24h — alinhamento tipico a SMS Transactions / Insights Last 24h; totalprice pode diferir do cartao Total Spend),2026-07-27T10:08:43Z
Joao,studio-engagements,0,0,0.000000,StartDate=2026-07-26 EndDate=2026-07-27 UTC (cover_days; soma dias GMT tocados pela janela ~24h — alinhamento tipico a SMS Transactions / Insights Last 24h; totalprice pode diferir do cartao Total Spend),2026-07-27T10:08:43Z
Joao,sync,0,0,0.000000,StartDate=2026-07-26 EndDate=2026-07-27 UTC (cover_days; soma dias GMT tocados pela janela ~24h — alinhamento tipico a SMS Transactions / Insights Last 24h; totalprice pode diferir do cartao Total Spend),2026-07-27T10:08:43Z
Joao,sync-actions,0,0,0.000000,StartDate=2026-07-26 EndDate=2026-07-27 UTC (cover_days; soma dias GMT tocados pela janela ~24h — alinhamento tipico a SMS Transactions / Insights Last 24h; totalprice pode diferir do cartao Total Spend),2026-07-27T10:08:43Z
Joao,sync-endpoint-hours,0,0,0.000000,StartDate=2026-07-26 EndDate=2026-07-27 UTC (cover_days; soma dias GMT tocados pela janela ~24h — alinhamento tipico a SMS Transactions / Insights Last 24h; totalprice pode diferir do cartao Total Spend),2026-07-27T10:08:43Z
Joao,sync-endpoint-hours-above-daily-cap,0,0,0.000000,StartDate=2026-07-26 EndDate=2026-07-27 UTC (cover_days; soma dias GMT tocados pela janela ~24h — alinhamento tipico a SMS Transactions / Insights Last 24h; totalprice pode diferir do cartao Total Spend),2026-07-27T10:08:43Z
Joao,taskrouter-tasks,0,0,0.000000,StartDate=2026-07-26 EndDate=2026-07-27 UTC (cover_days; soma dias GMT tocados pela janela ~24h — alinhamento tipico a SMS Transactions / Insights Last 24h; totalprice pode diferir do cartao Total Spend),2026-07-27T10:08:43Z
Joao,transcriptions,0,0,0.000000,StartDate=2026-07-26 EndDate=2026-07-27 UTC (cover_days; soma dias GMT tocados pela janela ~24h — alinhamento tipico a SMS Transactions / Insights Last 24h; totalprice pode diferir do cartao Total Spend),2026-07-27T10:08:43Z
Joao,trunking-cps,0,0,0.000000,StartDate=2026-07-26 EndDate=2026-07-27 UTC (cover_days; soma dias GMT tocados pela janela ~24h — alinhamento tipico a SMS Transactions / Insights Last 24h; totalprice pode diferir do cartao Total Spend),2026-07-27T10:08:43Z
Joao,trunking-emergency-calls,0,0,0.000000,StartDate=2026-07-26 EndDate=2026-07-27 UTC (cover_days; soma dias GMT tocados pela janela ~24h — alinhamento tipico a SMS Transactions / Insights Last 24h; totalprice pode diferir do cartao Total Spend),2026-07-27T10:08:43Z
Joao,trunking-origination,0,0,0.000000,StartDate=2026-07-26 EndDate=2026-07-27 UTC (cover_days; soma dias GMT tocados pela janela ~24h — alinhamento tipico a SMS Transactions / Insights Last 24h; totalprice pode diferir do cartao Total Spend),2026-07-27T10:08:43Z
Joao,trunking-origination-local,0,0,0.000000,StartDate=2026-07-26 EndDate=2026-07-27 UTC (cover_days; soma dias GMT tocados pela janela ~24h — alinhamento tipico a SMS Transactions / Insights Last 24h; totalprice pode diferir do cartao Total Spend),2026-07-27T10:08:43Z
Joao,trunking-origination-mobile,0,0,0.000000,StartDate=2026-07-26 EndDate=2026-07-27 UTC (cover_days; soma dias GMT tocados pela janela ~24h — alinhamento tipico a SMS Transactions / Insights Last 24h; totalprice pode diferir do cartao Total Spend),2026-07-27T10:08:43Z
Joao,trunking-origination-tollfree,0,0,0.000000,StartDate=2026-07-26 EndDate=2026-07-27 UTC (cover_days; soma dias GMT tocados pela janela ~24h — alinhamento tipico a SMS Transactions / Insights Last 24h; totalprice pode diferir do cartao Total Spend),2026-07-27T10:08:43Z
Joao,trunking-recordings,0,0,0.000000,StartDate=2026-07-26 EndDate=2026-07-27 UTC (cover_days; soma dias GMT tocados pela janela ~24h — alinhamento tipico a SMS Transactions / Insights Last 24h; totalprice pode diferir do cartao Total Spend),2026-07-27T10:08:43Z
Joao,trunking-secure,0,0,0.000000,StartDate=2026-07-26 EndDate=2026-07-27 UTC (cover_days; soma dias GMT tocados pela janela ~24h — alinhamento tipico a SMS Transactions / Insights Last 24h; totalprice pode diferir do cartao Total Spend),2026-07-27T10:08:43Z
Joao,trunking-termination,0,0,0.000000,StartDate=2026-07-26 EndDate=2026-07-27 UTC (cover_days; soma dias GMT tocados pela janela ~24h — alinhamento tipico a SMS Transactions / Insights Last 24h; totalprice pode diferir do cartao Total Spend),2026-07-27T10:08:43Z
Joao,tts-google,0,0,0.000000,StartDate=2026-07-26 EndDate=2026-07-27 UTC (cover_days; soma dias GMT tocados pela janela ~24h — alinhamento tipico a SMS Transactions / Insights Last 24h; totalprice pode diferir do cartao Total Spend),2026-07-27T10:08:43Z
Joao,turnmegabytes,0,0,0.000000,StartDate=2026-07-26 EndDate=2026-07-27 UTC (cover_days; soma dias GMT tocados pela janela ~24h — alinhamento tipico a SMS Transactions / Insights Last 24h; totalprice pode diferir do cartao Total Spend),2026-07-27T10:08:43Z
Joao,turnmegabytes-australia,0,0,0.000000,StartDate=2026-07-26 EndDate=2026-07-27 UTC (cover_days; soma dias GMT tocados pela janela ~24h — alinhamento tipico a SMS Transactions / Insights Last 24h; totalprice pode diferir do cartao Total Spend),2026-07-27T10:08:43Z
Joao,turnmegabytes-brasil,0,0,0.000000,StartDate=2026-07-26 EndDate=2026-07-27 UTC (cover_days; soma dias GMT tocados pela janela ~24h — alinhamento tipico a SMS Transactions / Insights Last 24h; totalprice pode diferir do cartao Total Spend),2026-07-27T10:08:43Z
Joao,turnmegabytes-germany,0,0,0.000000,StartDate=2026-07-26 EndDate=2026-07-27 UTC (cover_days; soma dias GMT tocados pela janela ~24h — alinhamento tipico a SMS Transactions / Insights Last 24h; totalprice pode diferir do cartao Total Spend),2026-07-27T10:08:43Z
Joao,turnmegabytes-india,0,0,0.000000,StartDate=2026-07-26 EndDate=2026-07-27 UTC (cover_days; soma dias GMT tocados pela janela ~24h — alinhamento tipico a SMS Transactions / Insights Last 24h; totalprice pode diferir do cartao Total Spend),2026-07-27T10:08:43Z
Joao,turnmegabytes-ireland,0,0,0.000000,StartDate=2026-07-26 EndDate=2026-07-27 UTC (cover_days; soma dias GMT tocados pela janela ~24h — alinhamento tipico a SMS Transactions / Insights Last 24h; totalprice pode diferir do cartao Total Spend),2026-07-27T10:08:43Z
Joao,turnmegabytes-japan,0,0,0.000000,StartDate=2026-07-26 EndDate=2026-07-27 UTC (cover_days; soma dias GMT tocados pela janela ~24h — alinhamento tipico a SMS Transactions / Insights Last 24h; totalprice pode diferir do cartao Total Spend),2026-07-27T10:08:43Z
Joao,turnmegabytes-singapore,0,0,0.000000,StartDate=2026-07-26 EndDate=2026-07-27 UTC (cover_days; soma dias GMT tocados pela janela ~24h — alinhamento tipico a SMS Transactions / Insights Last 24h; totalprice pode diferir do cartao Total Spend),2026-07-27T10:08:43Z
Joao,turnmegabytes-useast,0,0,0.000000,StartDate=2026-07-26 EndDate=2026-07-27 UTC (cover_days; soma dias GMT tocados pela janela ~24h — alinhamento tipico a SMS Transactions / Insights Last 24h; totalprice pode diferir do cartao Total Spend),2026-07-27T10:08:43Z
Joao,turnmegabytes-uswest,0,0,0.000000,StartDate=2026-07-26 EndDate=2026-07-27 UTC (cover_days; soma dias GMT tocados pela janela ~24h — alinhamento tipico a SMS Transactions / Insights Last 24h; totalprice pode diferir do cartao Total Spend),2026-07-27T10:08:43Z
Joao,twilio-authored-language-operators-input-output,0,0,0.000000,StartDate=2026-07-26 EndDate=2026-07-27 UTC (cover_days; soma dias GMT tocados pela janela ~24h — alinhamento tipico a SMS Transactions / Insights Last 24h; totalprice pode diferir do cartao Total Spend),2026-07-27T10:08:43Z
Joao,twilio-for-salesforce,0,0,0.000000,StartDate=2026-07-26 EndDate=2026-07-27 UTC (cover_days; soma dias GMT tocados pela janela ~24h — alinhamento tipico a SMS Transactions / Insights Last 24h; totalprice pode diferir do cartao Total Spend),2026-07-27T10:08:43Z
Joao,twilio-for-salesforce-licenses,0,0,0.000000,StartDate=2026-07-26 EndDate=2026-07-27 UTC (cover_days; soma dias GMT tocados pela janela ~24h — alinhamento tipico a SMS Transactions / Insights Last 24h; totalprice pode diferir do cartao Total Spend),2026-07-27T10:08:43Z
Joao,twilio-interconnect,0,0,0.000000,StartDate=2026-07-26 EndDate=2026-07-27 UTC (cover_days; soma dias GMT tocados pela janela ~24h — alinhamento tipico a SMS Transactions / Insights Last 24h; totalprice pode diferir do cartao Total Spend),2026-07-27T10:08:43Z
Joao,twiml,0,0,0.000000,StartDate=2026-07-26 EndDate=2026-07-27 UTC (cover_days; soma dias GMT tocados pela janela ~24h — alinhamento tipico a SMS Transactions / Insights Last 24h; totalprice pode diferir do cartao Total Spend),2026-07-27T10:08:43Z
Joao,usage-flex-video,0,0,0.000000,StartDate=2026-07-26 EndDate=2026-07-27 UTC (cover_days; soma dias GMT tocados pela janela ~24h — alinhamento tipico a SMS Transactions / Insights Last 24h; totalprice pode diferir do cartao Total Spend),2026-07-27T10:08:43Z
Joao,usage-functions,0,0,0.000000,StartDate=2026-07-26 EndDate=2026-07-27 UTC (cover_days; soma dias GMT tocados pela janela ~24h — alinhamento tipico a SMS Transactions / Insights Last 24h; totalprice pode diferir do cartao Total Spend),2026-07-27T10:08:43Z
Joao,usage-rcs-basic-messages-outbound,0,0,0.000000,StartDate=2026-07-26 EndDate=2026-07-27 UTC (cover_days; soma dias GMT tocados pela janela ~24h — alinhamento tipico a SMS Transactions / Insights Last 24h; totalprice pode diferir do cartao Total Spend),2026-07-27T10:08:43Z
Joao,usage-rcs-messages,0,0,0.000000,StartDate=2026-07-26 EndDate=2026-07-27 UTC (cover_days; soma dias GMT tocados pela janela ~24h — alinhamento tipico a SMS Transactions / Insights Last 24h; totalprice pode diferir do cartao Total Spend),2026-07-27T10:08:43Z
Joao,usage-rcs-messages-inbound,0,0,0.000000,StartDate=2026-07-26 EndDate=2026-07-27 UTC (cover_days; soma dias GMT tocados pela janela ~24h — alinhamento tipico a SMS Transactions / Insights Last 24h; totalprice pode diferir do cartao Total Spend),2026-07-27T10:08:43Z
Joao,usage-rcs-messaging-carrier-fees,0,0,0.000000,StartDate=2026-07-26 EndDate=2026-07-27 UTC (cover_days; soma dias GMT tocados pela janela ~24h — alinhamento tipico a SMS Transactions / Insights Last 24h; totalprice pode diferir do cartao Total Spend),2026-07-27T10:08:43Z
Joao,usage-rcs-rich-media-messages-inbound,0,0,0.000000,StartDate=2026-07-26 EndDate=2026-07-27 UTC (cover_days; soma dias GMT tocados pela janela ~24h — alinhamento tipico a SMS Transactions / Insights Last 24h; totalprice pode diferir do cartao Total Spend),2026-07-27T10:08:43Z
Joao,usage-rcs-rich-media-messages-outbound,0,0,0.000000,StartDate=2026-07-26 EndDate=2026-07-27 UTC (cover_days; soma dias GMT tocados pela janela ~24h — alinhamento tipico a SMS Transactions / Insights Last 24h; totalprice pode diferir do cartao Total Spend),2026-07-27T10:08:43Z
Joao,usage-rcs-rich-messages-inbound,0,0,0.000000,StartDate=2026-07-26 EndDate=2026-07-27 UTC (cover_days; soma dias GMT tocados pela janela ~24h — alinhamento tipico a SMS Transactions / Insights Last 24h; totalprice pode diferir do cartao Total Spend),2026-07-27T10:08:43Z
Joao,usage-rcs-rich-messages-outbound,0,0,0.000000,StartDate=2026-07-26 EndDate=2026-07-27 UTC (cover_days; soma dias GMT tocados pela janela ~24h — alinhamento tipico a SMS Transactions / Insights Last 24h; totalprice pode diferir do cartao Total Spend),2026-07-27T10:08:43Z
Joao,usage-rcs-single-messages-outbound,0,0,0.000000,StartDate=2026-07-26 EndDate=2026-07-27 UTC (cover_days; soma dias GMT tocados pela janela ~24h — alinhamento tipico a SMS Transactions / Insights Last 24h; totalprice pode diferir do cartao Total Spend),2026-07-27T10:08:43Z
Joao,verify-package-plans,0,0,0.000000,StartDate=2026-07-26 EndDate=2026-07-27 UTC (cover_days; soma dias GMT tocados pela janela ~24h — alinhamento tipico a SMS Transactions / Insights Last 24h; totalprice pode diferir do cartao Total Spend),2026-07-27T10:08:43Z
Joao,verify-push,0,0,0.000000,StartDate=2026-07-26 EndDate=2026-07-27 UTC (cover_days; soma dias GMT tocados pela janela ~24h — alinhamento tipico a SMS Transactions / Insights Last 24h; totalprice pode diferir do cartao Total Spend),2026-07-27T10:08:43Z
Joao,verify-sna,0,0,0.000000,StartDate=2026-07-26 EndDate=2026-07-27 UTC (cover_days; soma dias GMT tocados pela janela ~24h — alinhamento tipico a SMS Transactions / Insights Last 24h; totalprice pode diferir do cartao Total Spend),2026-07-27T10:08:43Z
Joao,verify-totp,0,0,0.000000,StartDate=2026-07-26 EndDate=2026-07-27 UTC (cover_days; soma dias GMT tocados pela janela ~24h — alinhamento tipico a SMS Transactions / Insights Last 24h; totalprice pode diferir do cartao Total Spend),2026-07-27T10:08:43Z
Joao,verify-voice-sms,0,0,0.000000,StartDate=2026-07-26 EndDate=2026-07-27 UTC (cover_days; soma dias GMT tocados pela janela ~24h — alinhamento tipico a SMS Transactions / Insights Last 24h; totalprice pode diferir do cartao Total Spend),2026-07-27T10:08:43Z
Joao,verify-whatsapp-conversations-business-initiated,0,0,0.000000,StartDate=2026-07-26 EndDate=2026-07-27 UTC (cover_days; soma dias GMT tocados pela janela ~24h — alinhamento tipico a SMS Transactions / Insights Last 24h; totalprice pode diferir do cartao Total Spend),2026-07-27T10:08:43Z
Joao,verify-whatsapp-template-business-initiated,0,0,0.000000,StartDate=2026-07-26 EndDate=2026-07-27 UTC (cover_days; soma dias GMT tocados pela janela ~24h — alinhamento tipico a SMS Transactions / Insights Last 24h; totalprice pode diferir do cartao Total Spend),2026-07-27T10:08:43Z
Joao,video-recordings,0,0,0.000000,StartDate=2026-07-26 EndDate=2026-07-27 UTC (cover_days; soma dias GMT tocados pela janela ~24h — alinhamento tipico a SMS Transactions / Insights Last 24h; totalprice pode diferir do cartao Total Spend),2026-07-27T10:08:43Z
Joao,video-rooms-turn-megabytes,0,0,0.000000,StartDate=2026-07-26 EndDate=2026-07-27 UTC (cover_days; soma dias GMT tocados pela janela ~24h — alinhamento tipico a SMS Transactions / Insights Last 24h; totalprice pode diferir do cartao Total Spend),2026-07-27T10:08:43Z
Joao,virtual-agent,0,0,0.000000,StartDate=2026-07-26 EndDate=2026-07-27 UTC (cover_days; soma dias GMT tocados pela janela ~24h — alinhamento tipico a SMS Transactions / Insights Last 24h; totalprice pode diferir do cartao Total Spend),2026-07-27T10:08:43Z
Joao,voice,0,0,0.000000,StartDate=2026-07-26 EndDate=2026-07-27 UTC (cover_days; soma dias GMT tocados pela janela ~24h — alinhamento tipico a SMS Transactions / Insights Last 24h; totalprice pode diferir do cartao Total Spend),2026-07-27T10:08:43Z
Joao,voice-connectivity,0,0,0.000000,StartDate=2026-07-26 EndDate=2026-07-27 UTC (cover_days; soma dias GMT tocados pela janela ~24h — alinhamento tipico a SMS Transactions / Insights Last 24h; totalprice pode diferir do cartao Total Spend),2026-07-27T10:08:43Z
Joao,voice-connectivity-features,0,0,0.000000,StartDate=2026-07-26 EndDate=2026-07-27 UTC (cover_days; soma dias GMT tocados pela janela ~24h — alinhamento tipico a SMS Transactions / Insights Last 24h; totalprice pode diferir do cartao Total Spend),2026-07-27T10:08:43Z
Joao,voice-insights,0,0,0.000000,StartDate=2026-07-26 EndDate=2026-07-27 UTC (cover_days; soma dias GMT tocados pela janela ~24h — alinhamento tipico a SMS Transactions / Insights Last 24h; totalprice pode diferir do cartao Total Spend),2026-07-27T10:08:43Z
Joao,voice-insights-client-insights-on-demand-minute,0,0,0.000000,StartDate=2026-07-26 EndDate=2026-07-27 UTC (cover_days; soma dias GMT tocados pela janela ~24h — alinhamento tipico a SMS Transactions / Insights Last 24h; totalprice pode diferir do cartao Total Spend),2026-07-27T10:08:43Z
Joao,voice-insights-ptsn-insights-on-demand-minute,0,0,0.000000,StartDate=2026-07-26 EndDate=2026-07-27 UTC (cover_days; soma dias GMT tocados pela janela ~24h — alinhamento tipico a SMS Transactions / Insights Last 24h; totalprice pode diferir do cartao Total Spend),2026-07-27T10:08:43Z
Joao,voice-insights-sip-interface-insights-on-demand-minute,0,0,0.000000,StartDate=2026-07-26 EndDate=2026-07-27 UTC (cover_days; soma dias GMT tocados pela janela ~24h — alinhamento tipico a SMS Transactions / Insights Last 24h; totalprice pode diferir do cartao Total Spend),2026-07-27T10:08:43Z
Joao,voice-insights-sip-trunking-insights-on-demand-minute,0,0,0.000000,StartDate=2026-07-26 EndDate=2026-07-27 UTC (cover_days; soma dias GMT tocados pela janela ~24h — alinhamento tipico a SMS Transactions / Insights Last 24h; totalprice pode diferir do cartao Total Spend),2026-07-27T10:08:43Z
Joao,voice-intelligence,0,0,0.000000,StartDate=2026-07-26 EndDate=2026-07-27 UTC (cover_days; soma dias GMT tocados pela janela ~24h — alinhamento tipico a SMS Transactions / Insights Last 24h; totalprice pode diferir do cartao Total Spend),2026-07-27T10:08:43Z
Joao,voice-intelligence-eip-operators,0,0,0.000000,StartDate=2026-07-26 EndDate=2026-07-27 UTC (cover_days; soma dias GMT tocados pela janela ~24h — alinhamento tipico a SMS Transactions / Insights Last 24h; totalprice pode diferir do cartao Total Spend),2026-07-27T10:08:43Z
Joao,voice-intelligence-operators,0,0,0.000000,StartDate=2026-07-26 EndDate=2026-07-27 UTC (cover_days; soma dias GMT tocados pela janela ~24h — alinhamento tipico a SMS Transactions / Insights Last 24h; totalprice pode diferir do cartao Total Spend),2026-07-27T10:08:43Z
Joao,voice-intelligence-transcription,0,0,0.000000,StartDate=2026-07-26 EndDate=2026-07-27 UTC (cover_days; soma dias GMT tocados pela janela ~24h — alinhamento tipico a SMS Transactions / Insights Last 24h; totalprice pode diferir do cartao Total Spend),2026-07-27T10:08:43Z
Joao,voice-intelligence-video-transcription,0,0,0.000000,StartDate=2026-07-26 EndDate=2026-07-27 UTC (cover_days; soma dias GMT tocados pela janela ~24h — alinhamento tipico a SMS Transactions / Insights Last 24h; totalprice pode diferir do cartao Total Spend),2026-07-27T10:08:43Z
Joao,wds,0,0,0.000000,StartDate=2026-07-26 EndDate=2026-07-27 UTC (cover_days; soma dias GMT tocados pela janela ~24h — alinhamento tipico a SMS Transactions / Insights Last 24h; totalprice pode diferir do cartao Total Spend),2026-07-27T10:08:43Z
Joao,wireless,0,0,0.000000,StartDate=2026-07-26 EndDate=2026-07-27 UTC (cover_days; soma dias GMT tocados pela janela ~24h — alinhamento tipico a SMS Transactions / Insights Last 24h; totalprice pode diferir do cartao Total Spend),2026-07-27T10:08:43Z
Joao,wireless-data,0,0,0.000000,StartDate=2026-07-26 EndDate=2026-07-27 UTC (cover_days; soma dias GMT tocados pela janela ~24h — alinhamento tipico a SMS Transactions / Insights Last 24h; totalprice pode diferir do cartao Total Spend),2026-07-27T10:08:43Z
Joao,wireless-data-payg,0,0,0.000000,StartDate=2026-07-26 EndDate=2026-07-27 UTC (cover_days; soma dias GMT tocados pela janela ~24h — alinhamento tipico a SMS Transactions / Insights Last 24h; totalprice pode diferir do cartao Total Spend),2026-07-27T10:08:43Z
Joao,wireless-data-payg-africa,0,0,0.000000,StartDate=2026-07-26 EndDate=2026-07-27 UTC (cover_days; soma dias GMT tocados pela janela ~24h — alinhamento tipico a SMS Transactions / Insights Last 24h; totalprice pode diferir do cartao Total Spend),2026-07-27T10:08:43Z
Joao,wireless-data-payg-asia,0,0,0.000000,StartDate=2026-07-26 EndDate=2026-07-27 UTC (cover_days; soma dias GMT tocados pela janela ~24h — alinhamento tipico a SMS Transactions / Insights Last 24h; totalprice pode diferir do cartao Total Spend),2026-07-27T10:08:43Z
Joao,wireless-data-payg-centralandsouthamerica,0,0,0.000000,StartDate=2026-07-26 EndDate=2026-07-27 UTC (cover_days; soma dias GMT tocados pela janela ~24h — alinhamento tipico a SMS Transactions / Insights Last 24h; totalprice pode diferir do cartao Total Spend),2026-07-27T10:08:43Z
Joao,wireless-data-payg-europe,0,0,0.000000,StartDate=2026-07-26 EndDate=2026-07-27 UTC (cover_days; soma dias GMT tocados pela janela ~24h — alinhamento tipico a SMS Transactions / Insights Last 24h; totalprice pode diferir do cartao Total Spend),2026-07-27T10:08:43Z
Joao,wireless-data-payg-northamerica,0,0,0.000000,StartDate=2026-07-26 EndDate=2026-07-27 UTC (cover_days; soma dias GMT tocados pela janela ~24h — alinhamento tipico a SMS Transactions / Insights Last 24h; totalprice pode diferir do cartao Total Spend),2026-07-27T10:08:43Z
Joao,wireless-data-payg-oceania,0,0,0.000000,StartDate=2026-07-26 EndDate=2026-07-27 UTC (cover_days; soma dias GMT tocados pela janela ~24h — alinhamento tipico a SMS Transactions / Insights Last 24h; totalprice pode diferir do cartao Total Spend),2026-07-27T10:08:43Z
Joao,wireless-data-quota1,0,0,0.000000,StartDate=2026-07-26 EndDate=2026-07-27 UTC (cover_days; soma dias GMT tocados pela janela ~24h — alinhamento tipico a SMS Transactions / Insights Last 24h; totalprice pode diferir do cartao Total Spend),2026-07-27T10:08:43Z
Joao,wireless-data-quota1-africa,0,0,0.000000,StartDate=2026-07-26 EndDate=2026-07-27 UTC (cover_days; soma dias GMT tocados pela janela ~24h — alinhamento tipico a SMS Transactions / Insights Last 24h; totalprice pode diferir do cartao Total Spend),2026-07-27T10:08:43Z
Joao,wireless-data-quota1-asia,0,0,0.000000,StartDate=2026-07-26 EndDate=2026-07-27 UTC (cover_days; soma dias GMT tocados pela janela ~24h — alinhamento tipico a SMS Transactions / Insights Last 24h; totalprice pode diferir do cartao Total Spend),2026-07-27T10:08:43Z
Joao,wireless-data-quota1-centralandsouthamerica,0,0,0.000000,StartDate=2026-07-26 EndDate=2026-07-27 UTC (cover_days; soma dias GMT tocados pela janela ~24h — alinhamento tipico a SMS Transactions / Insights Last 24h; totalprice pode diferir do cartao Total Spend),2026-07-27T10:08:43Z
Joao,wireless-data-quota1-europe,0,0,0.000000,StartDate=2026-07-26 EndDate=2026-07-27 UTC (cover_days; soma dias GMT tocados pela janela ~24h — alinhamento tipico a SMS Transactions / Insights Last 24h; totalprice pode diferir do cartao Total Spend),2026-07-27T10:08:43Z
Joao,wireless-data-quota1-northamerica,0,0,0.000000,StartDate=2026-07-26 EndDate=2026-07-27 UTC (cover_days; soma dias GMT tocados pela janela ~24h — alinhamento tipico a SMS Transactions / Insights Last 24h; totalprice pode diferir do cartao Total Spend),2026-07-27T10:08:43Z
Joao,wireless-data-quota1-oceania,0,0,0.000000,StartDate=2026-07-26 EndDate=2026-07-27 UTC (cover_days; soma dias GMT tocados pela janela ~24h — alinhamento tipico a SMS Transactions / Insights Last 24h; totalprice pode diferir do cartao Total Spend),2026-07-27T10:08:43Z
Joao,wireless-data-quota10,0,0,0.000000,StartDate=2026-07-26 EndDate=2026-07-27 UTC (cover_days; soma dias GMT tocados pela janela ~24h — alinhamento tipico a SMS Transactions / Insights Last 24h; totalprice pode diferir do cartao Total Spend),2026-07-27T10:08:43Z
Joao,wireless-data-quota10-africa,0,0,0.000000,StartDate=2026-07-26 EndDate=2026-07-27 UTC (cover_days; soma dias GMT tocados pela janela ~24h — alinhamento tipico a SMS Transactions / Insights Last 24h; totalprice pode diferir do cartao Total Spend),2026-07-27T10:08:43Z
Joao,wireless-data-quota10-asia,0,0,0.000000,StartDate=2026-07-26 EndDate=2026-07-27 UTC (cover_days; soma dias GMT tocados pela janela ~24h — alinhamento tipico a SMS Transactions / Insights Last 24h; totalprice pode diferir do cartao Total Spend),2026-07-27T10:08:43Z
Joao,wireless-data-quota10-centralandsouthamerica,0,0,0.000000,StartDate=2026-07-26 EndDate=2026-07-27 UTC (cover_days; soma dias GMT tocados pela janela ~24h — alinhamento tipico a SMS Transactions / Insights Last 24h; totalprice pode diferir do cartao Total Spend),2026-07-27T10:08:43Z
Joao,wireless-data-quota10-europe,0,0,0.000000,StartDate=2026-07-26 EndDate=2026-07-27 UTC (cover_days; soma dias GMT tocados pela janela ~24h — alinhamento tipico a SMS Transactions / Insights Last 24h; totalprice pode diferir do cartao Total Spend),2026-07-27T10:08:43Z
Joao,wireless-data-quota10-northamerica,0,0,0.000000,StartDate=2026-07-26 EndDate=2026-07-27 UTC (cover_days; soma dias GMT tocados pela janela ~24h — alinhamento tipico a SMS Transactions / Insights Last 24h; totalprice pode diferir do cartao Total Spend),2026-07-27T10:08:43Z
Joao,wireless-data-quota10-oceania,0,0,0.000000,StartDate=2026-07-26 EndDate=2026-07-27 UTC (cover_days; soma dias GMT tocados pela janela ~24h — alinhamento tipico a SMS Transactions / Insights Last 24h; totalprice pode diferir do cartao Total Spend),2026-07-27T10:08:43Z
Joao,wireless-data-quota50,0,0,0.000000,StartDate=2026-07-26 EndDate=2026-07-27 UTC (cover_days; soma dias GMT tocados pela janela ~24h — alinhamento tipico a SMS Transactions / Insights Last 24h; totalprice pode diferir do cartao Total Spend),2026-07-27T10:08:43Z
Joao,wireless-data-quota50-africa,0,0,0.000000,StartDate=2026-07-26 EndDate=2026-07-27 UTC (cover_days; soma dias GMT tocados pela janela ~24h — alinhamento tipico a SMS Transactions / Insights Last 24h; totalprice pode diferir do cartao Total Spend),2026-07-27T10:08:43Z
Joao,wireless-data-quota50-asia,0,0,0.000000,StartDate=2026-07-26 EndDate=2026-07-27 UTC (cover_days; soma dias GMT tocados pela janela ~24h — alinhamento tipico a SMS Transactions / Insights Last 24h; totalprice pode diferir do cartao Total Spend),2026-07-27T10:08:43Z
Joao,wireless-data-quota50-centralandsouthamerica,0,0,0.000000,StartDate=2026-07-26 EndDate=2026-07-27 UTC (cover_days; soma dias GMT tocados pela janela ~24h — alinhamento tipico a SMS Transactions / Insights Last 24h; totalprice pode diferir do cartao Total Spend),2026-07-27T10:08:43Z
Joao,wireless-data-quota50-europe,0,0,0.000000,StartDate=2026-07-26 EndDate=2026-07-27 UTC (cover_days; soma dias GMT tocados pela janela ~24h — alinhamento tipico a SMS Transactions / Insights Last 24h; totalprice pode diferir do cartao Total Spend),2026-07-27T10:08:43Z
Joao,wireless-data-quota50-northamerica,0,0,0.000000,StartDate=2026-07-26 EndDate=2026-07-27 UTC (cover_days; soma dias GMT tocados pela janela ~24h — alinhamento tipico a SMS Transactions / Insights Last 24h; totalprice pode diferir do cartao Total Spend),2026-07-27T10:08:43Z
Joao,wireless-data-quota50-oceania,0,0,0.000000,StartDate=2026-07-26 EndDate=2026-07-27 UTC (cover_days; soma dias GMT tocados pela janela ~24h — alinhamento tipico a SMS Transactions / Insights Last 24h; totalprice pode diferir do cartao Total Spend),2026-07-27T10:08:43Z
Joao,wireless-data-quotacustom,0,0,0.000000,StartDate=2026-07-26 EndDate=2026-07-27 UTC (cover_days; soma dias GMT tocados pela janela ~24h — alinhamento tipico a SMS Transactions / Insights Last 24h; totalprice pode diferir do cartao Total Spend),2026-07-27T10:08:43Z
Joao,wireless-data-quotacustom-africa,0,0,0.000000,StartDate=2026-07-26 EndDate=2026-07-27 UTC (cover_days; soma dias GMT tocados pela janela ~24h — alinhamento tipico a SMS Transactions / Insights Last 24h; totalprice pode diferir do cartao Total Spend),2026-07-27T10:08:43Z
Joao,wireless-data-quotacustom-asia,0,0,0.000000,StartDate=2026-07-26 EndDate=2026-07-27 UTC (cover_days; soma dias GMT tocados pela janela ~24h — alinhamento tipico a SMS Transactions / Insights Last 24h; totalprice pode diferir do cartao Total Spend),2026-07-27T10:08:43Z
Joao,wireless-data-quotacustom-centralandsouthamerica,0,0,0.000000,StartDate=2026-07-26 EndDate=2026-07-27 UTC (cover_days; soma dias GMT tocados pela janela ~24h — alinhamento tipico a SMS Transactions / Insights Last 24h; totalprice pode diferir do cartao Total Spend),2026-07-27T10:08:43Z
Joao,wireless-data-quotacustom-europe,0,0,0.000000,StartDate=2026-07-26 EndDate=2026-07-27 UTC (cover_days; soma dias GMT tocados pela janela ~24h — alinhamento tipico a SMS Transactions / Insights Last 24h; totalprice pode diferir do cartao Total Spend),2026-07-27T10:08:43Z
Joao,wireless-data-quotacustom-northamerica,0,0,0.000000,StartDate=2026-07-26 EndDate=2026-07-27 UTC (cover_days; soma dias GMT tocados pela janela ~24h — alinhamento tipico a SMS Transactions / Insights Last 24h; totalprice pode diferir do cartao Total Spend),2026-07-27T10:08:43Z
Joao,wireless-data-quotacustom-oceania,0,0,0.000000,StartDate=2026-07-26 EndDate=2026-07-27 UTC (cover_days; soma dias GMT tocados pela janela ~24h — alinhamento tipico a SMS Transactions / Insights Last 24h; totalprice pode diferir do cartao Total Spend),2026-07-27T10:08:43Z
Joao,wireless-mrc-payg,0,0,0.000000,StartDate=2026-07-26 EndDate=2026-07-27 UTC (cover_days; soma dias GMT tocados pela janela ~24h — alinhamento tipico a SMS Transactions / Insights Last 24h; totalprice pode diferir do cartao Total Spend),2026-07-27T10:08:43Z
Joao,wireless-mrc-quota1,0,0,0.000000,StartDate=2026-07-26 EndDate=2026-07-27 UTC (cover_days; soma dias GMT tocados pela janela ~24h — alinhamento tipico a SMS Transactions / Insights Last 24h; totalprice pode diferir do cartao Total Spend),2026-07-27T10:08:43Z
Joao,wireless-mrc-quota10,0,0,0.000000,StartDate=2026-07-26 EndDate=2026-07-27 UTC (cover_days; soma dias GMT tocados pela janela ~24h — alinhamento tipico a SMS Transactions / Insights Last 24h; totalprice pode diferir do cartao Total Spend),2026-07-27T10:08:43Z
Joao,wireless-mrc-quota50,0,0,0.000000,StartDate=2026-07-26 EndDate=2026-07-27 UTC (cover_days; soma dias GMT tocados pela janela ~24h — alinhamento tipico a SMS Transactions / Insights Last 24h; totalprice pode diferir do cartao Total Spend),2026-07-27T10:08:43Z
Joao,wireless-mrc-quotacustom,0,0,0.000000,StartDate=2026-07-26 EndDate=2026-07-27 UTC (cover_days; soma dias GMT tocados pela janela ~24h — alinhamento tipico a SMS Transactions / Insights Last 24h; totalprice pode diferir do cartao Total Spend),2026-07-27T10:08:43Z
Joao,wireless-orders,0,0,0.000000,StartDate=2026-07-26 EndDate=2026-07-27 UTC (cover_days; soma dias GMT tocados pela janela ~24h — alinhamento tipico a SMS Transactions / Insights Last 24h; totalprice pode diferir do cartao Total Spend),2026-07-27T10:08:43Z
Joao,wireless-orders-artwork,0,0,0.000000,StartDate=2026-07-26 EndDate=2026-07-27 UTC (cover_days; soma dias GMT tocados pela janela ~24h — alinhamento tipico a SMS Transactions / Insights Last 24h; totalprice pode diferir do cartao Total Spend),2026-07-27T10:08:43Z
Joao,wireless-orders-bulk,0,0,0.000000,StartDate=2026-07-26 EndDate=2026-07-27 UTC (cover_days; soma dias GMT tocados pela janela ~24h — alinhamento tipico a SMS Transactions / Insights Last 24h; totalprice pode diferir do cartao Total Spend),2026-07-27T10:08:43Z
Joao,wireless-orders-esim,0,0,0.000000,StartDate=2026-07-26 EndDate=2026-07-27 UTC (cover_days; soma dias GMT tocados pela janela ~24h — alinhamento tipico a SMS Transactions / Insights Last 24h; totalprice pode diferir do cartao Total Spend),2026-07-27T10:08:43Z
Joao,wireless-orders-starter,0,0,0.000000,StartDate=2026-07-26 EndDate=2026-07-27 UTC (cover_days; soma dias GMT tocados pela janela ~24h — alinhamento tipico a SMS Transactions / Insights Last 24h; totalprice pode diferir do cartao Total Spend),2026-07-27T10:08:43Z
Joao,wireless-quotas,0,0,0.000000,StartDate=2026-07-26 EndDate=2026-07-27 UTC (cover_days; soma dias GMT tocados pela janela ~24h — alinhamento tipico a SMS Transactions / Insights Last 24h; totalprice pode diferir do cartao Total Spend),2026-07-27T10:08:43Z
Joao,wireless-sms-africa,0,0,0.000000,StartDate=2026-07-26 EndDate=2026-07-27 UTC (cover_days; soma dias GMT tocados pela janela ~24h — alinhamento tipico a SMS Transactions / Insights Last 24h; totalprice pode diferir do cartao Total Spend),2026-07-27T10:08:43Z
Joao,wireless-sms-asia,0,0,0.000000,StartDate=2026-07-26 EndDate=2026-07-27 UTC (cover_days; soma dias GMT tocados pela janela ~24h — alinhamento tipico a SMS Transactions / Insights Last 24h; totalprice pode diferir do cartao Total Spend),2026-07-27T10:08:43Z
Joao,wireless-sms-centralandsouthamerica,0,0,0.000000,StartDate=2026-07-26 EndDate=2026-07-27 UTC (cover_days; soma dias GMT tocados pela janela ~24h — alinhamento tipico a SMS Transactions / Insights Last 24h; totalprice pode diferir do cartao Total Spend),2026-07-27T10:08:43Z
Joao,wireless-sms-europe,0,0,0.000000,StartDate=2026-07-26 EndDate=2026-07-27 UTC (cover_days; soma dias GMT tocados pela janela ~24h — alinhamento tipico a SMS Transactions / Insights Last 24h; totalprice pode diferir do cartao Total Spend),2026-07-27T10:08:43Z
Joao,wireless-sms-northamerica,0,0,0.000000,StartDate=2026-07-26 EndDate=2026-07-27 UTC (cover_days; soma dias GMT tocados pela janela ~24h — alinhamento tipico a SMS Transactions / Insights Last 24h; totalprice pode diferir do cartao Total Spend),2026-07-27T10:08:43Z
Joao,wireless-sms-oceania,0,0,0.000000,StartDate=2026-07-26 EndDate=2026-07-27 UTC (cover_days; soma dias GMT tocados pela janela ~24h — alinhamento tipico a SMS Transactions / Insights Last 24h; totalprice pode diferir do cartao Total Spend),2026-07-27T10:08:43Z
Joao,wireless-super-sim,0,0,0.000000,StartDate=2026-07-26 EndDate=2026-07-27 UTC (cover_days; soma dias GMT tocados pela janela ~24h — alinhamento tipico a SMS Transactions / Insights Last 24h; totalprice pode diferir do cartao Total Spend),2026-07-27T10:08:43Z
Joao,wireless-super-sim-data,0,0,0.000000,StartDate=2026-07-26 EndDate=2026-07-27 UTC (cover_days; soma dias GMT tocados pela janela ~24h — alinhamento tipico a SMS Transactions / Insights Last 24h; totalprice pode diferir do cartao Total Spend),2026-07-27T10:08:43Z
Joao,wireless-super-sim-data-north-america-usa,0,0,0.000000,StartDate=2026-07-26 EndDate=2026-07-27 UTC (cover_days; soma dias GMT tocados pela janela ~24h — alinhamento tipico a SMS Transactions / Insights Last 24h; totalprice pode diferir do cartao Total Spend),2026-07-27T10:08:43Z
Joao,wireless-super-sim-data-payg,0,0,0.000000,StartDate=2026-07-26 EndDate=2026-07-27 UTC (cover_days; soma dias GMT tocados pela janela ~24h — alinhamento tipico a SMS Transactions / Insights Last 24h; totalprice pode diferir do cartao Total Spend),2026-07-27T10:08:43Z
Joao,wireless-super-sim-data-payg-europe,0,0,0.000000,StartDate=2026-07-26 EndDate=2026-07-27 UTC (cover_days; soma dias GMT tocados pela janela ~24h — alinhamento tipico a SMS Transactions / Insights Last 24h; totalprice pode diferir do cartao Total Spend),2026-07-27T10:08:43Z
Joao,wireless-super-sim-data-payg-north-america,0,0,0.000000,StartDate=2026-07-26 EndDate=2026-07-27 UTC (cover_days; soma dias GMT tocados pela janela ~24h — alinhamento tipico a SMS Transactions / Insights Last 24h; totalprice pode diferir do cartao Total Spend),2026-07-27T10:08:43Z
Joao,wireless-super-sim-hardware,0,0,0.000000,StartDate=2026-07-26 EndDate=2026-07-27 UTC (cover_days; soma dias GMT tocados pela janela ~24h — alinhamento tipico a SMS Transactions / Insights Last 24h; totalprice pode diferir do cartao Total Spend),2026-07-27T10:08:43Z
Joao,wireless-super-sim-hardware-bulk,0,0,0.000000,StartDate=2026-07-26 EndDate=2026-07-27 UTC (cover_days; soma dias GMT tocados pela janela ~24h — alinhamento tipico a SMS Transactions / Insights Last 24h; totalprice pode diferir do cartao Total Spend),2026-07-27T10:08:43Z
Joao,wireless-super-sim-smscommands,0,0,0.000000,StartDate=2026-07-26 EndDate=2026-07-27 UTC (cover_days; soma dias GMT tocados pela janela ~24h — alinhamento tipico a SMS Transactions / Insights Last 24h; totalprice pode diferir do cartao Total Spend),2026-07-27T10:08:43Z
Joao,wireless-super-sim-smscommands-africa,0,0,0.000000,StartDate=2026-07-26 EndDate=2026-07-27 UTC (cover_days; soma dias GMT tocados pela janela ~24h — alinhamento tipico a SMS Transactions / Insights Last 24h; totalprice pode diferir do cartao Total Spend),2026-07-27T10:08:43Z
Joao,wireless-super-sim-smscommands-asia,0,0,0.000000,StartDate=2026-07-26 EndDate=2026-07-27 UTC (cover_days; soma dias GMT tocados pela janela ~24h — alinhamento tipico a SMS Transactions / Insights Last 24h; totalprice pode diferir do cartao Total Spend),2026-07-27T10:08:43Z
Joao,wireless-super-sim-smscommands-cent-and-south-america,0,0,0.000000,StartDate=2026-07-26 EndDate=2026-07-27 UTC (cover_days; soma dias GMT tocados pela janela ~24h — alinhamento tipico a SMS Transactions / Insights Last 24h; totalprice pode diferir do cartao Total Spend),2026-07-27T10:08:43Z
Joao,wireless-super-sim-smscommands-europe,0,0,0.000000,StartDate=2026-07-26 EndDate=2026-07-27 UTC (cover_days; soma dias GMT tocados pela janela ~24h — alinhamento tipico a SMS Transactions / Insights Last 24h; totalprice pode diferir do cartao Total Spend),2026-07-27T10:08:43Z
Joao,wireless-super-sim-smscommands-north-america,0,0,0.000000,StartDate=2026-07-26 EndDate=2026-07-27 UTC (cover_days; soma dias GMT tocados pela janela ~24h — alinhamento tipico a SMS Transactions / Insights Last 24h; totalprice pode diferir do cartao Total Spend),2026-07-27T10:08:43Z
Joao,wireless-super-sim-smscommands-oceania,0,0,0.000000,StartDate=2026-07-26 EndDate=2026-07-27 UTC (cover_days; soma dias GMT tocados pela janela ~24h — alinhamento tipico a SMS Transactions / Insights Last 24h; totalprice pode diferir do cartao Total Spend),2026-07-27T10:08:43Z
Joao,wireless-super-sim-subscription,0,0,0.000000,StartDate=2026-07-26 EndDate=2026-07-27 UTC (cover_days; soma dias GMT tocados pela janela ~24h — alinhamento tipico a SMS Transactions / Insights Last 24h; totalprice pode diferir do cartao Total Spend),2026-07-27T10:08:43Z
Joao,wireless-super-sim-subscription-payg,0,0,0.000000,StartDate=2026-07-26 EndDate=2026-07-27 UTC (cover_days; soma dias GMT tocados pela janela ~24h — alinhamento tipico a SMS Transactions / Insights Last 24h; totalprice pode diferir do cartao Total Spend),2026-07-27T10:08:43Z
Joao,wireless-usage,0,0,0.000000,StartDate=2026-07-26 EndDate=2026-07-27 UTC (cover_days; soma dias GMT tocados pela janela ~24h — alinhamento tipico a SMS Transactions / Insights Last 24h; totalprice pode diferir do cartao Total Spend),2026-07-27T10:08:43Z
Joao,wireless-usage-commands,0,0,0.000000,StartDate=2026-07-26 EndDate=2026-07-27 UTC (cover_days; soma dias GMT tocados pela janela ~24h — alinhamento tipico a SMS Transactions / Insights Last 24h; totalprice pode diferir do cartao Total Spend),2026-07-27T10:08:43Z
Joao,wireless-usage-commands-africa,0,0,0.000000,StartDate=2026-07-26 EndDate=2026-07-27 UTC (cover_days; soma dias GMT tocados pela janela ~24h — alinhamento tipico a SMS Transactions / Insights Last 24h; totalprice pode diferir do cartao Total Spend),2026-07-27T10:08:43Z
Joao,wireless-usage-commands-asia,0,0,0.000000,StartDate=2026-07-26 EndDate=2026-07-27 UTC (cover_days; soma dias GMT tocados pela janela ~24h — alinhamento tipico a SMS Transactions / Insights Last 24h; totalprice pode diferir do cartao Total Spend),2026-07-27T10:08:43Z
Joao,wireless-usage-commands-centralandsouthamerica,0,0,0.000000,StartDate=2026-07-26 EndDate=2026-07-27 UTC (cover_days; soma dias GMT tocados pela janela ~24h — alinhamento tipico a SMS Transactions / Insights Last 24h; totalprice pode diferir do cartao Total Spend),2026-07-27T10:08:43Z
Joao,wireless-usage-commands-europe,0,0,0.000000,StartDate=2026-07-26 EndDate=2026-07-27 UTC (cover_days; soma dias GMT tocados pela janela ~24h — alinhamento tipico a SMS Transactions / Insights Last 24h; totalprice pode diferir do cartao Total Spend),2026-07-27T10:08:43Z
Joao,wireless-usage-commands-home,0,0,0.000000,StartDate=2026-07-26 EndDate=2026-07-27 UTC (cover_days; soma dias GMT tocados pela janela ~24h — alinhamento tipico a SMS Transactions / Insights Last 24h; totalprice pode diferir do cartao Total Spend),2026-07-27T10:08:43Z
Joao,wireless-usage-commands-northamerica,0,0,0.000000,StartDate=2026-07-26 EndDate=2026-07-27 UTC (cover_days; soma dias GMT tocados pela janela ~24h — alinhamento tipico a SMS Transactions / Insights Last 24h; totalprice pode diferir do cartao Total Spend),2026-07-27T10:08:43Z
Joao,wireless-usage-commands-oceania,0,0,0.000000,StartDate=2026-07-26 EndDate=2026-07-27 UTC (cover_days; soma dias GMT tocados pela janela ~24h — alinhamento tipico a SMS Transactions / Insights Last 24h; totalprice pode diferir do cartao Total Spend),2026-07-27T10:08:43Z
Joao,wireless-usage-commands-roaming,0,0,0.000000,StartDate=2026-07-26 EndDate=2026-07-27 UTC (cover_days; soma dias GMT tocados pela janela ~24h — alinhamento tipico a SMS Transactions / Insights Last 24h; totalprice pode diferir do cartao Total Spend),2026-07-27T10:08:43Z
Joao,wireless-usage-data,0,0,0.000000,StartDate=2026-07-26 EndDate=2026-07-27 UTC (cover_days; soma dias GMT tocados pela janela ~24h — alinhamento tipico a SMS Transactions / Insights Last 24h; totalprice pode diferir do cartao Total Spend),2026-07-27T10:08:43Z
Joao,wireless-usage-data-africa,0,0,0.000000,StartDate=2026-07-26 EndDate=2026-07-27 UTC (cover_days; soma dias GMT tocados pela janela ~24h — alinhamento tipico a SMS Transactions / Insights Last 24h; totalprice pode diferir do cartao Total Spend),2026-07-27T10:08:43Z
Joao,wireless-usage-data-asia,0,0,0.000000,StartDate=2026-07-26 EndDate=2026-07-27 UTC (cover_days; soma dias GMT tocados pela janela ~24h — alinhamento tipico a SMS Transactions / Insights Last 24h; totalprice pode diferir do cartao Total Spend),2026-07-27T10:08:43Z
Joao,wireless-usage-data-centralandsouthamerica,0,0,0.000000,StartDate=2026-07-26 EndDate=2026-07-27 UTC (cover_days; soma dias GMT tocados pela janela ~24h — alinhamento tipico a SMS Transactions / Insights Last 24h; totalprice pode diferir do cartao Total Spend),2026-07-27T10:08:43Z
Joao,wireless-usage-data-custom-additionalmb,0,0,0.000000,StartDate=2026-07-26 EndDate=2026-07-27 UTC (cover_days; soma dias GMT tocados pela janela ~24h — alinhamento tipico a SMS Transactions / Insights Last 24h; totalprice pode diferir do cartao Total Spend),2026-07-27T10:08:43Z
Joao,wireless-usage-data-custom-first5mb,0,0,0.000000,StartDate=2026-07-26 EndDate=2026-07-27 UTC (cover_days; soma dias GMT tocados pela janela ~24h — alinhamento tipico a SMS Transactions / Insights Last 24h; totalprice pode diferir do cartao Total Spend),2026-07-27T10:08:43Z
Joao,wireless-usage-data-domestic-roaming,0,0,0.000000,StartDate=2026-07-26 EndDate=2026-07-27 UTC (cover_days; soma dias GMT tocados pela janela ~24h — alinhamento tipico a SMS Transactions / Insights Last 24h; totalprice pode diferir do cartao Total Spend),2026-07-27T10:08:43Z
Joao,wireless-usage-data-europe,0,0,0.000000,StartDate=2026-07-26 EndDate=2026-07-27 UTC (cover_days; soma dias GMT tocados pela janela ~24h — alinhamento tipico a SMS Transactions / Insights Last 24h; totalprice pode diferir do cartao Total Spend),2026-07-27T10:08:43Z
Joao,wireless-usage-data-individual-additionalgb,0,0,0.000000,StartDate=2026-07-26 EndDate=2026-07-27 UTC (cover_days; soma dias GMT tocados pela janela ~24h — alinhamento tipico a SMS Transactions / Insights Last 24h; totalprice pode diferir do cartao Total Spend),2026-07-27T10:08:43Z
Joao,wireless-usage-data-individual-firstgb,0,0,0.000000,StartDate=2026-07-26 EndDate=2026-07-27 UTC (cover_days; soma dias GMT tocados pela janela ~24h — alinhamento tipico a SMS Transactions / Insights Last 24h; totalprice pode diferir do cartao Total Spend),2026-07-27T10:08:43Z
Joao,wireless-usage-data-international-roaming-canada,0,0,0.000000,StartDate=2026-07-26 EndDate=2026-07-27 UTC (cover_days; soma dias GMT tocados pela janela ~24h — alinhamento tipico a SMS Transactions / Insights Last 24h; totalprice pode diferir do cartao Total Spend),2026-07-27T10:08:43Z
Joao,wireless-usage-data-international-roaming-india,0,0,0.000000,StartDate=2026-07-26 EndDate=2026-07-27 UTC (cover_days; soma dias GMT tocados pela janela ~24h — alinhamento tipico a SMS Transactions / Insights Last 24h; totalprice pode diferir do cartao Total Spend),2026-07-27T10:08:43Z
Joao,wireless-usage-data-international-roaming-mexico,0,0,0.000000,StartDate=2026-07-26 EndDate=2026-07-27 UTC (cover_days; soma dias GMT tocados pela janela ~24h — alinhamento tipico a SMS Transactions / Insights Last 24h; totalprice pode diferir do cartao Total Spend),2026-07-27T10:08:43Z
Joao,wireless-usage-data-northamerica,0,0,0.000000,StartDate=2026-07-26 EndDate=2026-07-27 UTC (cover_days; soma dias GMT tocados pela janela ~24h — alinhamento tipico a SMS Transactions / Insights Last 24h; totalprice pode diferir do cartao Total Spend),2026-07-27T10:08:43Z
Joao,wireless-usage-data-oceania,0,0,0.000000,StartDate=2026-07-26 EndDate=2026-07-27 UTC (cover_days; soma dias GMT tocados pela janela ~24h — alinhamento tipico a SMS Transactions / Insights Last 24h; totalprice pode diferir do cartao Total Spend),2026-07-27T10:08:43Z
Joao,wireless-usage-data-pooled,0,0,0.000000,StartDate=2026-07-26 EndDate=2026-07-27 UTC (cover_days; soma dias GMT tocados pela janela ~24h — alinhamento tipico a SMS Transactions / Insights Last 24h; totalprice pode diferir do cartao Total Spend),2026-07-27T10:08:43Z
Joao,wireless-usage-data-pooled-downlink,0,0,0.000000,StartDate=2026-07-26 EndDate=2026-07-27 UTC (cover_days; soma dias GMT tocados pela janela ~24h — alinhamento tipico a SMS Transactions / Insights Last 24h; totalprice pode diferir do cartao Total Spend),2026-07-27T10:08:43Z
Joao,wireless-usage-data-pooled-uplink,0,0,0.000000,StartDate=2026-07-26 EndDate=2026-07-27 UTC (cover_days; soma dias GMT tocados pela janela ~24h — alinhamento tipico a SMS Transactions / Insights Last 24h; totalprice pode diferir do cartao Total Spend),2026-07-27T10:08:43Z
Joao,wireless-usage-mrc,0,0,0.000000,StartDate=2026-07-26 EndDate=2026-07-27 UTC (cover_days; soma dias GMT tocados pela janela ~24h — alinhamento tipico a SMS Transactions / Insights Last 24h; totalprice pode diferir do cartao Total Spend),2026-07-27T10:08:43Z
Joao,wireless-usage-mrc-custom,0,0,0.000000,StartDate=2026-07-26 EndDate=2026-07-27 UTC (cover_days; soma dias GMT tocados pela janela ~24h — alinhamento tipico a SMS Transactions / Insights Last 24h; totalprice pode diferir do cartao Total Spend),2026-07-27T10:08:43Z
Joao,wireless-usage-mrc-individual,0,0,0.000000,StartDate=2026-07-26 EndDate=2026-07-27 UTC (cover_days; soma dias GMT tocados pela janela ~24h — alinhamento tipico a SMS Transactions / Insights Last 24h; totalprice pode diferir do cartao Total Spend),2026-07-27T10:08:43Z
Joao,wireless-usage-mrc-pooled,0,0,0.000000,StartDate=2026-07-26 EndDate=2026-07-27 UTC (cover_days; soma dias GMT tocados pela janela ~24h — alinhamento tipico a SMS Transactions / Insights Last 24h; totalprice pode diferir do cartao Total Spend),2026-07-27T10:08:43Z
Joao,wireless-usage-mrc-suspended,0,0,0.000000,StartDate=2026-07-26 EndDate=2026-07-27 UTC (cover_days; soma dias GMT tocados pela janela ~24h — alinhamento tipico a SMS Transactions / Insights Last 24h; totalprice pode diferir do cartao Total Spend),2026-07-27T10:08:43Z
Joao,wireless-usage-sms,0,0,0.000000,StartDate=2026-07-26 EndDate=2026-07-27 UTC (cover_days; soma dias GMT tocados pela janela ~24h — alinhamento tipico a SMS Transactions / Insights Last 24h; totalprice pode diferir do cartao Total Spend),2026-07-27T10:08:43Z
Joao,wireless-usage-voice,0,0,0.000000,StartDate=2026-07-26 EndDate=2026-07-27 UTC (cover_days; soma dias GMT tocados pela janela ~24h — alinhamento tipico a SMS Transactions / Insights Last 24h; totalprice pode diferir do cartao Total Spend),2026-07-27T10:08:43Z
Bernardo,totalprice,0,8957.0441,8957.044110,StartDate=2026-07-26 EndDate=2026-07-27 UTC (cover_days; soma dias GMT tocados pela janela ~24h — alinhamento tipico a SMS Transactions / Insights Last 24h; totalprice pode diferir do cartao Total Spend),2026-07-27T10:08:43Z
Bernardo,channels,2514979,2520610,8953.619610,StartDate=2026-07-26 EndDate=2026-07-27 UTC (cover_days; soma dias GMT tocados pela janela ~24h — alinhamento tipico a SMS Transactions / Insights Last 24h; totalprice pode diferir do cartao Total Spend),2026-07-27T10:08:43Z
Bernardo,sms-messages-carrierfees,1237484,1240137,5189.145200,StartDate=2026-07-26 EndDate=2026-07-27 UTC (cover_days; soma dias GMT tocados pela janela ~24h — alinhamento tipico a SMS Transactions / Insights Last 24h; totalprice pode diferir do cartao Total Spend),2026-07-27T10:08:43Z
Bernardo,sms,1245193,1248171,3732.172410,StartDate=2026-07-26 EndDate=2026-07-27 UTC (cover_days; soma dias GMT tocados pela janela ~24h — alinhamento tipico a SMS Transactions / Insights Last 24h; totalprice pode diferir do cartao Total Spend),2026-07-27T10:08:43Z
Bernardo,sms-outbound,1229718,1232130,3684.214230,StartDate=2026-07-26 EndDate=2026-07-27 UTC (cover_days; soma dias GMT tocados pela janela ~24h — alinhamento tipico a SMS Transactions / Insights Last 24h; totalprice pode diferir do cartao Total Spend),2026-07-27T10:08:43Z
Bernardo,sms-outbound-tollfree,1229695,1232107,3683.999930,StartDate=2026-07-26 EndDate=2026-07-27 UTC (cover_days; soma dias GMT tocados pela janela ~24h — alinhamento tipico a SMS Transactions / Insights Last 24h; totalprice pode diferir do cartao Total Spend),2026-07-27T10:08:43Z
Bernardo,sms-inbound,15475,16041,47.958180,StartDate=2026-07-26 EndDate=2026-07-27 UTC (cover_days; soma dias GMT tocados pela janela ~24h — alinhamento tipico a SMS Transactions / Insights Last 24h; totalprice pode diferir do cartao Total Spend),2026-07-27T10:08:43Z
Bernardo,sms-inbound-tollfree,15422,15988,47.799710,StartDate=2026-07-26 EndDate=2026-07-27 UTC (cover_days; soma dias GMT tocados pela janela ~24h — alinhamento tipico a SMS Transactions / Insights Last 24h; totalprice pode diferir do cartao Total Spend),2026-07-27T10:08:43Z
Bernardo,failed-message-processing-fee,32302,32302,32.302000,StartDate=2026-07-26 EndDate=2026-07-27 UTC (cover_days; soma dias GMT tocados pela janela ~24h — alinhamento tipico a SMS Transactions / Insights Last 24h; totalprice pode diferir do cartao Total Spend),2026-07-27T10:08:43Z
Bernardo,phonenumbers,1,1,2.150000,StartDate=2026-07-26 EndDate=2026-07-27 UTC (cover_days; soma dias GMT tocados pela janela ~24h — alinhamento tipico a SMS Transactions / Insights Last 24h; totalprice pode diferir do cartao Total Spend),2026-07-27T10:08:43Z
Bernardo,phonenumbers-tollfree,1,1,2.150000,StartDate=2026-07-26 EndDate=2026-07-27 UTC (cover_days; soma dias GMT tocados pela janela ~24h — alinhamento tipico a SMS Transactions / Insights Last 24h; totalprice pode diferir do cartao Total Spend),2026-07-27T10:08:43Z
Bernardo,mms,54,54,1.076500,StartDate=2026-07-26 EndDate=2026-07-27 UTC (cover_days; soma dias GMT tocados pela janela ~24h — alinhamento tipico a SMS Transactions / Insights Last 24h; totalprice pode diferir do cartao Total Spend),2026-07-27T10:08:43Z
Bernardo,mms-inbound,54,54,1.076500,StartDate=2026-07-26 EndDate=2026-07-27 UTC (cover_days; soma dias GMT tocados pela janela ~24h — alinhamento tipico a SMS Transactions / Insights Last 24h; totalprice pode diferir do cartao Total Spend),2026-07-27T10:08:43Z
Bernardo,mms-inbound-toll-free,53,53,1.060000,StartDate=2026-07-26 EndDate=2026-07-27 UTC (cover_days; soma dias GMT tocados pela janela ~24h — alinhamento tipico a SMS Transactions / Insights Last 24h; totalprice pode diferir do cartao Total Spend),2026-07-27T10:08:43Z
Bernardo,bundle-sms-bucket,73,73,0.218270,StartDate=2026-07-26 EndDate=2026-07-27 UTC (cover_days; soma dias GMT tocados pela janela ~24h — alinhamento tipico a SMS Transactions / Insights Last 24h; totalprice pode diferir do cartao Total Spend),2026-07-27T10:08:43Z
Bernardo,sms-outbound-longcode,23,23,0.214300,StartDate=2026-07-26 EndDate=2026-07-27 UTC (cover_days; soma dias GMT tocados pela janela ~24h — alinhamento tipico a SMS Transactions / Insights Last 24h; totalprice pode diferir do cartao Total Spend),2026-07-27T10:08:43Z
Bernardo,mms-messages-carrierfees,21,21,0.198000,StartDate=2026-07-26 EndDate=2026-07-27 UTC (cover_days; soma dias GMT tocados pela janela ~24h — alinhamento tipico a SMS Transactions / Insights Last 24h; totalprice pode diferir do cartao Total Spend),2026-07-27T10:08:43Z
Bernardo,sms-inbound-longcode,53,53,0.158470,StartDate=2026-07-26 EndDate=2026-07-27 UTC (cover_days; soma dias GMT tocados pela janela ~24h — alinhamento tipico a SMS Transactions / Insights Last 24h; totalprice pode diferir do cartao Total Spend),2026-07-27T10:08:43Z
Bernardo,a2p-10dlc-registrationfees-brandregistration,0,0,0.000000,StartDate=2026-07-26 EndDate=2026-07-27 UTC (cover_days; soma dias GMT tocados pela janela ~24h — alinhamento tipico a SMS Transactions / Insights Last 24h; totalprice pode diferir do cartao Total Spend),2026-07-27T10:08:43Z
Bernardo,a2p-10dlc-registrationfees-bv,0,0,0.000000,StartDate=2026-07-26 EndDate=2026-07-27 UTC (cover_days; soma dias GMT tocados pela janela ~24h — alinhamento tipico a SMS Transactions / Insights Last 24h; totalprice pode diferir do cartao Total Spend),2026-07-27T10:08:43Z
Bernardo,a2p-10dlc-registrationfees-campaigncharges,0,0,0.000000,StartDate=2026-07-26 EndDate=2026-07-27 UTC (cover_days; soma dias GMT tocados pela janela ~24h — alinhamento tipico a SMS Transactions / Insights Last 24h; totalprice pode diferir do cartao Total Spend),2026-07-27T10:08:43Z
Bernardo,a2p-10dlc-registrationfees-campaignregistration,0,0,0.000000,StartDate=2026-07-26 EndDate=2026-07-27 UTC (cover_days; soma dias GMT tocados pela janela ~24h — alinhamento tipico a SMS Transactions / Insights Last 24h; totalprice pode diferir do cartao Total Spend),2026-07-27T10:08:43Z
Bernardo,a2p-10dlc-registrationfees-campaignvetting,0,0,0.000000,StartDate=2026-07-26 EndDate=2026-07-27 UTC (cover_days; soma dias GMT tocados pela janela ~24h — alinhamento tipico a SMS Transactions / Insights Last 24h; totalprice pode diferir do cartao Total Spend),2026-07-27T10:08:43Z
Bernardo,a2p-10dlc-registrationfees-monthly,0,0,0.000000,StartDate=2026-07-26 EndDate=2026-07-27 UTC (cover_days; soma dias GMT tocados pela janela ~24h — alinhamento tipico a SMS Transactions / Insights Last 24h; totalprice pode diferir do cartao Total Spend),2026-07-27T10:08:43Z
Bernardo,a2p-10dlc-registrationfees-onetime,0,0,0.000000,StartDate=2026-07-26 EndDate=2026-07-27 UTC (cover_days; soma dias GMT tocados pela janela ~24h — alinhamento tipico a SMS Transactions / Insights Last 24h; totalprice pode diferir do cartao Total Spend),2026-07-27T10:08:43Z
Bernardo,a2p-registration-fees,0,0,0.000000,StartDate=2026-07-26 EndDate=2026-07-27 UTC (cover_days; soma dias GMT tocados pela janela ~24h — alinhamento tipico a SMS Transactions / Insights Last 24h; totalprice pode diferir do cartao Total Spend),2026-07-27T10:08:43Z
Bernardo,account-security,0,0,0.000000,StartDate=2026-07-26 EndDate=2026-07-27 UTC (cover_days; soma dias GMT tocados pela janela ~24h — alinhamento tipico a SMS Transactions / Insights Last 24h; totalprice pode diferir do cartao Total Spend),2026-07-27T10:08:43Z
Bernardo,agent-conference,0,0,0.000000,StartDate=2026-07-26 EndDate=2026-07-27 UTC (cover_days; soma dias GMT tocados pela janela ~24h — alinhamento tipico a SMS Transactions / Insights Last 24h; totalprice pode diferir do cartao Total Spend),2026-07-27T10:08:43Z
Bernardo,agent-copilot,0,0,0.000000,StartDate=2026-07-26 EndDate=2026-07-27 UTC (cover_days; soma dias GMT tocados pela janela ~24h — alinhamento tipico a SMS Transactions / Insights Last 24h; totalprice pode diferir do cartao Total Spend),2026-07-27T10:08:43Z
Bernardo,agent-copilot-messages,0,0,0.000000,StartDate=2026-07-26 EndDate=2026-07-27 UTC (cover_days; soma dias GMT tocados pela janela ~24h — alinhamento tipico a SMS Transactions / Insights Last 24h; totalprice pode diferir do cartao Total Spend),2026-07-27T10:08:43Z
Bernardo,agent-copilot-participant-minutes,0,0,0.000000,StartDate=2026-07-26 EndDate=2026-07-27 UTC (cover_days; soma dias GMT tocados pela janela ~24h — alinhamento tipico a SMS Transactions / Insights Last 24h; totalprice pode diferir do cartao Total Spend),2026-07-27T10:08:43Z
Bernardo,ai-assistants,0,0,0.000000,StartDate=2026-07-26 EndDate=2026-07-27 UTC (cover_days; soma dias GMT tocados pela janela ~24h — alinhamento tipico a SMS Transactions / Insights Last 24h; totalprice pode diferir do cartao Total Spend),2026-07-27T10:08:43Z
Bernardo,ai-assistants-voice,0,0,0.000000,StartDate=2026-07-26 EndDate=2026-07-27 UTC (cover_days; soma dias GMT tocados pela janela ~24h — alinhamento tipico a SMS Transactions / Insights Last 24h; totalprice pode diferir do cartao Total Spend),2026-07-27T10:08:43Z
Bernardo,amazon-polly,0,0,0.000000,StartDate=2026-07-26 EndDate=2026-07-27 UTC (cover_days; soma dias GMT tocados pela janela ~24h — alinhamento tipico a SMS Transactions / Insights Last 24h; totalprice pode diferir do cartao Total Spend),2026-07-27T10:08:43Z
Bernardo,answering-machine-detection,0,0,0.000000,StartDate=2026-07-26 EndDate=2026-07-27 UTC (cover_days; soma dias GMT tocados pela janela ~24h — alinhamento tipico a SMS Transactions / Insights Last 24h; totalprice pode diferir do cartao Total Spend),2026-07-27T10:08:43Z
Bernardo,assets,0,0,0.000000,StartDate=2026-07-26 EndDate=2026-07-27 UTC (cover_days; soma dias GMT tocados pela janela ~24h — alinhamento tipico a SMS Transactions / Insights Last 24h; totalprice pode diferir do cartao Total Spend),2026-07-27T10:08:43Z
Bernardo,audience-minutes,0,0,0.000000,StartDate=2026-07-26 EndDate=2026-07-27 UTC (cover_days; soma dias GMT tocados pela janela ~24h — alinhamento tipico a SMS Transactions / Insights Last 24h; totalprice pode diferir do cartao Total Spend),2026-07-27T10:08:43Z
Bernardo,audience-minutes-audio,0,0,0.000000,StartDate=2026-07-26 EndDate=2026-07-27 UTC (cover_days; soma dias GMT tocados pela janela ~24h — alinhamento tipico a SMS Transactions / Insights Last 24h; totalprice pode diferir do cartao Total Spend),2026-07-27T10:08:43Z
Bernardo,authy-authentications,0,0,0.000000,StartDate=2026-07-26 EndDate=2026-07-27 UTC (cover_days; soma dias GMT tocados pela janela ~24h — alinhamento tipico a SMS Transactions / Insights Last 24h; totalprice pode diferir do cartao Total Spend),2026-07-27T10:08:43Z
Bernardo,authy-calls-outbound,0,0,0.000000,StartDate=2026-07-26 EndDate=2026-07-27 UTC (cover_days; soma dias GMT tocados pela janela ~24h — alinhamento tipico a SMS Transactions / Insights Last 24h; totalprice pode diferir do cartao Total Spend),2026-07-27T10:08:43Z
Bernardo,authy-email-authentications,0,0,0.000000,StartDate=2026-07-26 EndDate=2026-07-27 UTC (cover_days; soma dias GMT tocados pela janela ~24h — alinhamento tipico a SMS Transactions / Insights Last 24h; totalprice pode diferir do cartao Total Spend),2026-07-27T10:08:43Z
Bernardo,authy-monthly-fees,0,0,0.000000,StartDate=2026-07-26 EndDate=2026-07-27 UTC (cover_days; soma dias GMT tocados pela janela ~24h — alinhamento tipico a SMS Transactions / Insights Last 24h; totalprice pode diferir do cartao Total Spend),2026-07-27T10:08:43Z
Bernardo,authy-outbound-email,0,0,0.000000,StartDate=2026-07-26 EndDate=2026-07-27 UTC (cover_days; soma dias GMT tocados pela janela ~24h — alinhamento tipico a SMS Transactions / Insights Last 24h; totalprice pode diferir do cartao Total Spend),2026-07-27T10:08:43Z
Bernardo,authy-phone-intelligence,0,0,0.000000,StartDate=2026-07-26 EndDate=2026-07-27 UTC (cover_days; soma dias GMT tocados pela janela ~24h — alinhamento tipico a SMS Transactions / Insights Last 24h; totalprice pode diferir do cartao Total Spend),2026-07-27T10:08:43Z
Bernardo,authy-phone-verifications,0,0,0.000000,StartDate=2026-07-26 EndDate=2026-07-27 UTC (cover_days; soma dias GMT tocados pela janela ~24h — alinhamento tipico a SMS Transactions / Insights Last 24h; totalprice pode diferir do cartao Total Spend),2026-07-27T10:08:43Z
Bernardo,authy-sms-outbound,0,0,0.000000,StartDate=2026-07-26 EndDate=2026-07-27 UTC (cover_days; soma dias GMT tocados pela janela ~24h — alinhamento tipico a SMS Transactions / Insights Last 24h; totalprice pode diferir do cartao Total Spend),2026-07-27T10:08:43Z
Bernardo,authy-verify-email-verifications,0,0,0.000000,StartDate=2026-07-26 EndDate=2026-07-27 UTC (cover_days; soma dias GMT tocados pela janela ~24h — alinhamento tipico a SMS Transactions / Insights Last 24h; totalprice pode diferir do cartao Total Spend),2026-07-27T10:08:43Z
Bernardo,authy-verify-outbound-email,0,0,0.000000,StartDate=2026-07-26 EndDate=2026-07-27 UTC (cover_days; soma dias GMT tocados pela janela ~24h — alinhamento tipico a SMS Transactions / Insights Last 24h; totalprice pode diferir do cartao Total Spend),2026-07-27T10:08:43Z
Bernardo,autopilot,0,0,0.000000,StartDate=2026-07-26 EndDate=2026-07-27 UTC (cover_days; soma dias GMT tocados pela janela ~24h — alinhamento tipico a SMS Transactions / Insights Last 24h; totalprice pode diferir do cartao Total Spend),2026-07-27T10:08:43Z
Bernardo,autopilot-home-assistants,0,0,0.000000,StartDate=2026-07-26 EndDate=2026-07-27 UTC (cover_days; soma dias GMT tocados pela janela ~24h — alinhamento tipico a SMS Transactions / Insights Last 24h; totalprice pode diferir do cartao Total Spend),2026-07-27T10:08:43Z
Bernardo,autopilot-messaging,0,0,0.000000,StartDate=2026-07-26 EndDate=2026-07-27 UTC (cover_days; soma dias GMT tocados pela janela ~24h — alinhamento tipico a SMS Transactions / Insights Last 24h; totalprice pode diferir do cartao Total Spend),2026-07-27T10:08:43Z
Bernardo,autopilot-other,0,0,0.000000,StartDate=2026-07-26 EndDate=2026-07-27 UTC (cover_days; soma dias GMT tocados pela janela ~24h — alinhamento tipico a SMS Transactions / Insights Last 24h; totalprice pode diferir do cartao Total Spend),2026-07-27T10:08:43Z
Bernardo,autopilot-voice,0,0,0.000000,StartDate=2026-07-26 EndDate=2026-07-27 UTC (cover_days; soma dias GMT tocados pela janela ~24h — alinhamento tipico a SMS Transactions / Insights Last 24h; totalprice pode diferir do cartao Total Spend),2026-07-27T10:08:43Z
Bernardo,basic-peer-to-peer-rooms-participant-minutes,0,0,0.000000,StartDate=2026-07-26 EndDate=2026-07-27 UTC (cover_days; soma dias GMT tocados pela janela ~24h — alinhamento tipico a SMS Transactions / Insights Last 24h; totalprice pode diferir do cartao Total Spend),2026-07-27T10:08:43Z
Bernardo,branded-calling,0,0,0.000000,StartDate=2026-07-26 EndDate=2026-07-27 UTC (cover_days; soma dias GMT tocados pela janela ~24h — alinhamento tipico a SMS Transactions / Insights Last 24h; totalprice pode diferir do cartao Total Spend),2026-07-27T10:08:43Z
Bernardo,bundle-subscription-fees,0,0,0.000000,StartDate=2026-07-26 EndDate=2026-07-27 UTC (cover_days; soma dias GMT tocados pela janela ~24h — alinhamento tipico a SMS Transactions / Insights Last 24h; totalprice pode diferir do cartao Total Spend),2026-07-27T10:08:43Z
Bernardo,call-forwarding-lookups,0,0,0.000000,StartDate=2026-07-26 EndDate=2026-07-27 UTC (cover_days; soma dias GMT tocados pela janela ~24h — alinhamento tipico a SMS Transactions / Insights Last 24h; totalprice pode diferir do cartao Total Spend),2026-07-27T10:08:43Z
Bernardo,call-progess-events,0,0,0.000000,StartDate=2026-07-26 EndDate=2026-07-27 UTC (cover_days; soma dias GMT tocados pela janela ~24h — alinhamento tipico a SMS Transactions / Insights Last 24h; totalprice pode diferir do cartao Total Spend),2026-07-27T10:08:43Z
Bernardo,calleridlookups,0,0,0.000000,StartDate=2026-07-26 EndDate=2026-07-27 UTC (cover_days; soma dias GMT tocados pela janela ~24h — alinhamento tipico a SMS Transactions / Insights Last 24h; totalprice pode diferir do cartao Total Spend),2026-07-27T10:08:43Z
Bernardo,calls,0,0,0.000000,StartDate=2026-07-26 EndDate=2026-07-27 UTC (cover_days; soma dias GMT tocados pela janela ~24h — alinhamento tipico a SMS Transactions / Insights Last 24h; totalprice pode diferir do cartao Total Spend),2026-07-27T10:08:43Z
Bernardo,calls-client,0,0,0.000000,StartDate=2026-07-26 EndDate=2026-07-27 UTC (cover_days; soma dias GMT tocados pela janela ~24h — alinhamento tipico a SMS Transactions / Insights Last 24h; totalprice pode diferir do cartao Total Spend),2026-07-27T10:08:43Z
Bernardo,calls-emergency,0,0,0.000000,StartDate=2026-07-26 EndDate=2026-07-27 UTC (cover_days; soma dias GMT tocados pela janela ~24h — alinhamento tipico a SMS Transactions / Insights Last 24h; totalprice pode diferir do cartao Total Spend),2026-07-27T10:08:43Z
Bernardo,calls-globalconference,0,0,0.000000,StartDate=2026-07-26 EndDate=2026-07-27 UTC (cover_days; soma dias GMT tocados pela janela ~24h — alinhamento tipico a SMS Transactions / Insights Last 24h; totalprice pode diferir do cartao Total Spend),2026-07-27T10:08:43Z
Bernardo,calls-inbound,0,0,0.000000,StartDate=2026-07-26 EndDate=2026-07-27 UTC (cover_days; soma dias GMT tocados pela janela ~24h — alinhamento tipico a SMS Transactions / Insights Last 24h; totalprice pode diferir do cartao Total Spend),2026-07-27T10:08:43Z
Bernardo,calls-inbound-local,0,0,0.000000,StartDate=2026-07-26 EndDate=2026-07-27 UTC (cover_days; soma dias GMT tocados pela janela ~24h — alinhamento tipico a SMS Transactions / Insights Last 24h; totalprice pode diferir do cartao Total Spend),2026-07-27T10:08:43Z
Bernardo,calls-inbound-mobile,0,0,0.000000,StartDate=2026-07-26 EndDate=2026-07-27 UTC (cover_days; soma dias GMT tocados pela janela ~24h — alinhamento tipico a SMS Transactions / Insights Last 24h; totalprice pode diferir do cartao Total Spend),2026-07-27T10:08:43Z
Bernardo,calls-inbound-tollfree,0,0,0.000000,StartDate=2026-07-26 EndDate=2026-07-27 UTC (cover_days; soma dias GMT tocados pela janela ~24h — alinhamento tipico a SMS Transactions / Insights Last 24h; totalprice pode diferir do cartao Total Spend),2026-07-27T10:08:43Z
Bernardo,calls-inbound-tollfree-local,0,0,0.000000,StartDate=2026-07-26 EndDate=2026-07-27 UTC (cover_days; soma dias GMT tocados pela janela ~24h — alinhamento tipico a SMS Transactions / Insights Last 24h; totalprice pode diferir do cartao Total Spend),2026-07-27T10:08:43Z
Bernardo,calls-inbound-tollfree-mobile,0,0,0.000000,StartDate=2026-07-26 EndDate=2026-07-27 UTC (cover_days; soma dias GMT tocados pela janela ~24h — alinhamento tipico a SMS Transactions / Insights Last 24h; totalprice pode diferir do cartao Total Spend),2026-07-27T10:08:43Z
Bernardo,calls-media-stream-minutes,0,0,0.000000,StartDate=2026-07-26 EndDate=2026-07-27 UTC (cover_days; soma dias GMT tocados pela janela ~24h — alinhamento tipico a SMS Transactions / Insights Last 24h; totalprice pode diferir do cartao Total Spend),2026-07-27T10:08:43Z
Bernardo,calls-outbound,0,0,0.000000,StartDate=2026-07-26 EndDate=2026-07-27 UTC (cover_days; soma dias GMT tocados pela janela ~24h — alinhamento tipico a SMS Transactions / Insights Last 24h; totalprice pode diferir do cartao Total Spend),2026-07-27T10:08:43Z
Bernardo,calls-pay-verb-transactions,0,0,0.000000,StartDate=2026-07-26 EndDate=2026-07-27 UTC (cover_days; soma dias GMT tocados pela janela ~24h — alinhamento tipico a SMS Transactions / Insights Last 24h; totalprice pode diferir do cartao Total Spend),2026-07-27T10:08:43Z
Bernardo,calls-recordings,0,0,0.000000,StartDate=2026-07-26 EndDate=2026-07-27 UTC (cover_days; soma dias GMT tocados pela janela ~24h — alinhamento tipico a SMS Transactions / Insights Last 24h; totalprice pode diferir do cartao Total Spend),2026-07-27T10:08:43Z
Bernardo,calls-sip,0,0,0.000000,StartDate=2026-07-26 EndDate=2026-07-27 UTC (cover_days; soma dias GMT tocados pela janela ~24h — alinhamento tipico a SMS Transactions / Insights Last 24h; totalprice pode diferir do cartao Total Spend),2026-07-27T10:08:43Z
Bernardo,calls-sip-inbound,0,0,0.000000,StartDate=2026-07-26 EndDate=2026-07-27 UTC (cover_days; soma dias GMT tocados pela janela ~24h — alinhamento tipico a SMS Transactions / Insights Last 24h; totalprice pode diferir do cartao Total Spend),2026-07-27T10:08:43Z
Bernardo,calls-sip-outbound,0,0,0.000000,StartDate=2026-07-26 EndDate=2026-07-27 UTC (cover_days; soma dias GMT tocados pela janela ~24h — alinhamento tipico a SMS Transactions / Insights Last 24h; totalprice pode diferir do cartao Total Spend),2026-07-27T10:08:43Z
Bernardo,calls-text-to-speech,0,0,0.000000,StartDate=2026-07-26 EndDate=2026-07-27 UTC (cover_days; soma dias GMT tocados pela janela ~24h — alinhamento tipico a SMS Transactions / Insights Last 24h; totalprice pode diferir do cartao Total Spend),2026-07-27T10:08:43Z
Bernardo,calls-transfers,0,0,0.000000,StartDate=2026-07-26 EndDate=2026-07-27 UTC (cover_days; soma dias GMT tocados pela janela ~24h — alinhamento tipico a SMS Transactions / Insights Last 24h; totalprice pode diferir do cartao Total Spend),2026-07-27T10:08:43Z
Bernardo,carrier-lookups,0,0,0.000000,StartDate=2026-07-26 EndDate=2026-07-27 UTC (cover_days; soma dias GMT tocados pela janela ~24h — alinhamento tipico a SMS Transactions / Insights Last 24h; totalprice pode diferir do cartao Total Spend),2026-07-27T10:08:43Z
Bernardo,category,0,0,0.000000,StartDate=2026-07-26 EndDate=2026-07-27 UTC (cover_days; soma dias GMT tocados pela janela ~24h — alinhamento tipico a SMS Transactions / Insights Last 24h; totalprice pode diferir do cartao Total Spend),2026-07-27T10:08:43Z
Bernardo,channels-messaging,0,0,0.000000,StartDate=2026-07-26 EndDate=2026-07-27 UTC (cover_days; soma dias GMT tocados pela janela ~24h — alinhamento tipico a SMS Transactions / Insights Last 24h; totalprice pode diferir do cartao Total Spend),2026-07-27T10:08:43Z
Bernardo,channels-messaging-inbound,0,0,0.000000,StartDate=2026-07-26 EndDate=2026-07-27 UTC (cover_days; soma dias GMT tocados pela janela ~24h — alinhamento tipico a SMS Transactions / Insights Last 24h; totalprice pode diferir do cartao Total Spend),2026-07-27T10:08:43Z
Bernardo,channels-messaging-outbound,0,0,0.000000,StartDate=2026-07-26 EndDate=2026-07-27 UTC (cover_days; soma dias GMT tocados pela janela ~24h — alinhamento tipico a SMS Transactions / Insights Last 24h; totalprice pode diferir do cartao Total Spend),2026-07-27T10:08:43Z
Bernardo,channels-whatsapp,0,0,0.000000,StartDate=2026-07-26 EndDate=2026-07-27 UTC (cover_days; soma dias GMT tocados pela janela ~24h — alinhamento tipico a SMS Transactions / Insights Last 24h; totalprice pode diferir do cartao Total Spend),2026-07-27T10:08:43Z
Bernardo,channels-whatsapp-conversation-authentication,0,0,0.000000,StartDate=2026-07-26 EndDate=2026-07-27 UTC (cover_days; soma dias GMT tocados pela janela ~24h — alinhamento tipico a SMS Transactions / Insights Last 24h; totalprice pode diferir do cartao Total Spend),2026-07-27T10:08:43Z
Bernardo,channels-whatsapp-conversation-free,0,0,0.000000,StartDate=2026-07-26 EndDate=2026-07-27 UTC (cover_days; soma dias GMT tocados pela janela ~24h — alinhamento tipico a SMS Transactions / Insights Last 24h; totalprice pode diferir do cartao Total Spend),2026-07-27T10:08:43Z
Bernardo,channels-whatsapp-conversation-marketing,0,0,0.000000,StartDate=2026-07-26 EndDate=2026-07-27 UTC (cover_days; soma dias GMT tocados pela janela ~24h — alinhamento tipico a SMS Transactions / Insights Last 24h; totalprice pode diferir do cartao Total Spend),2026-07-27T10:08:43Z
Bernardo,channels-whatsapp-conversation-service,0,0,0.000000,StartDate=2026-07-26 EndDate=2026-07-27 UTC (cover_days; soma dias GMT tocados pela janela ~24h — alinhamento tipico a SMS Transactions / Insights Last 24h; totalprice pode diferir do cartao Total Spend),2026-07-27T10:08:43Z
Bernardo,channels-whatsapp-conversation-utility,0,0,0.000000,StartDate=2026-07-26 EndDate=2026-07-27 UTC (cover_days; soma dias GMT tocados pela janela ~24h — alinhamento tipico a SMS Transactions / Insights Last 24h; totalprice pode diferir do cartao Total Spend),2026-07-27T10:08:43Z
Bernardo,channels-whatsapp-inbound,0,0,0.000000,StartDate=2026-07-26 EndDate=2026-07-27 UTC (cover_days; soma dias GMT tocados pela janela ~24h — alinhamento tipico a SMS Transactions / Insights Last 24h; totalprice pode diferir do cartao Total Spend),2026-07-27T10:08:43Z
Bernardo,channels-whatsapp-outbound,0,0,0.000000,StartDate=2026-07-26 EndDate=2026-07-27 UTC (cover_days; soma dias GMT tocados pela janela ~24h — alinhamento tipico a SMS Transactions / Insights Last 24h; totalprice pode diferir do cartao Total Spend),2026-07-27T10:08:43Z
Bernardo,channels-whatsapp-template-authentication,0,0,0.000000,StartDate=2026-07-26 EndDate=2026-07-27 UTC (cover_days; soma dias GMT tocados pela janela ~24h — alinhamento tipico a SMS Transactions / Insights Last 24h; totalprice pode diferir do cartao Total Spend),2026-07-27T10:08:43Z
Bernardo,channels-whatsapp-template-marketing,0,0,0.000000,StartDate=2026-07-26 EndDate=2026-07-27 UTC (cover_days; soma dias GMT tocados pela janela ~24h — alinhamento tipico a SMS Transactions / Insights Last 24h; totalprice pode diferir do cartao Total Spend),2026-07-27T10:08:43Z
Bernardo,channels-whatsapp-template-service,0,0,0.000000,StartDate=2026-07-26 EndDate=2026-07-27 UTC (cover_days; soma dias GMT tocados pela janela ~24h — alinhamento tipico a SMS Transactions / Insights Last 24h; totalprice pode diferir do cartao Total Spend),2026-07-27T10:08:43Z
Bernardo,channels-whatsapp-template-utility,0,0,0.000000,StartDate=2026-07-26 EndDate=2026-07-27 UTC (cover_days; soma dias GMT tocados pela janela ~24h — alinhamento tipico a SMS Transactions / Insights Last 24h; totalprice pode diferir do cartao Total Spend),2026-07-27T10:08:43Z
Bernardo,chat-virtual-agent,0,0,0.000000,StartDate=2026-07-26 EndDate=2026-07-27 UTC (cover_days; soma dias GMT tocados pela janela ~24h — alinhamento tipico a SMS Transactions / Insights Last 24h; totalprice pode diferir do cartao Total Spend),2026-07-27T10:08:43Z
Bernardo,conversation-ingestion,0,0,0.000000,StartDate=2026-07-26 EndDate=2026-07-27 UTC (cover_days; soma dias GMT tocados pela janela ~24h — alinhamento tipico a SMS Transactions / Insights Last 24h; totalprice pode diferir do cartao Total Spend),2026-07-27T10:08:43Z
Bernardo,conversation-intelligence,0,0,0.000000,StartDate=2026-07-26 EndDate=2026-07-27 UTC (cover_days; soma dias GMT tocados pela janela ~24h — alinhamento tipico a SMS Transactions / Insights Last 24h; totalprice pode diferir do cartao Total Spend),2026-07-27T10:08:43Z
Bernardo,conversation-memory,0,0,0.000000,StartDate=2026-07-26 EndDate=2026-07-27 UTC (cover_days; soma dias GMT tocados pela janela ~24h — alinhamento tipico a SMS Transactions / Insights Last 24h; totalprice pode diferir do cartao Total Spend),2026-07-27T10:08:43Z
Bernardo,conversation-orchestrator,0,0,0.000000,StartDate=2026-07-26 EndDate=2026-07-27 UTC (cover_days; soma dias GMT tocados pela janela ~24h — alinhamento tipico a SMS Transactions / Insights Last 24h; totalprice pode diferir do cartao Total Spend),2026-07-27T10:08:43Z
Bernardo,conversation-relay,0,0,0.000000,StartDate=2026-07-26 EndDate=2026-07-27 UTC (cover_days; soma dias GMT tocados pela janela ~24h — alinhamento tipico a SMS Transactions / Insights Last 24h; totalprice pode diferir do cartao Total Spend),2026-07-27T10:08:43Z
Bernardo,conversations,0,0,0.000000,StartDate=2026-07-26 EndDate=2026-07-27 UTC (cover_days; soma dias GMT tocados pela janela ~24h — alinhamento tipico a SMS Transactions / Insights Last 24h; totalprice pode diferir do cartao Total Spend),2026-07-27T10:08:43Z
Bernardo,conversations-api-requests,0,0,0.000000,StartDate=2026-07-26 EndDate=2026-07-27 UTC (cover_days; soma dias GMT tocados pela janela ~24h — alinhamento tipico a SMS Transactions / Insights Last 24h; totalprice pode diferir do cartao Total Spend),2026-07-27T10:08:43Z
Bernardo,conversations-conversation-events,0,0,0.000000,StartDate=2026-07-26 EndDate=2026-07-27 UTC (cover_days; soma dias GMT tocados pela janela ~24h — alinhamento tipico a SMS Transactions / Insights Last 24h; totalprice pode diferir do cartao Total Spend),2026-07-27T10:08:43Z
Bernardo,conversations-endpoint-connectivity,0,0,0.000000,StartDate=2026-07-26 EndDate=2026-07-27 UTC (cover_days; soma dias GMT tocados pela janela ~24h — alinhamento tipico a SMS Transactions / Insights Last 24h; totalprice pode diferir do cartao Total Spend),2026-07-27T10:08:43Z
Bernardo,conversations-events,0,0,0.000000,StartDate=2026-07-26 EndDate=2026-07-27 UTC (cover_days; soma dias GMT tocados pela janela ~24h — alinhamento tipico a SMS Transactions / Insights Last 24h; totalprice pode diferir do cartao Total Spend),2026-07-27T10:08:43Z
Bernardo,conversations-participant-events,0,0,0.000000,StartDate=2026-07-26 EndDate=2026-07-27 UTC (cover_days; soma dias GMT tocados pela janela ~24h — alinhamento tipico a SMS Transactions / Insights Last 24h; totalprice pode diferir do cartao Total Spend),2026-07-27T10:08:43Z
Bernardo,conversations-participants,0,0,0.000000,StartDate=2026-07-26 EndDate=2026-07-27 UTC (cover_days; soma dias GMT tocados pela janela ~24h — alinhamento tipico a SMS Transactions / Insights Last 24h; totalprice pode diferir do cartao Total Spend),2026-07-27T10:08:43Z
Bernardo,cps,0,0,0.000000,StartDate=2026-07-26 EndDate=2026-07-27 UTC (cover_days; soma dias GMT tocados pela janela ~24h — alinhamento tipico a SMS Transactions / Insights Last 24h; totalprice pode diferir do cartao Total Spend),2026-07-27T10:08:43Z
Bernardo,credit-transfer,0,0,0.000000,StartDate=2026-07-26 EndDate=2026-07-27 UTC (cover_days; soma dias GMT tocados pela janela ~24h — alinhamento tipico a SMS Transactions / Insights Last 24h; totalprice pode diferir do cartao Total Spend),2026-07-27T10:08:43Z
Bernardo,custom-language-operators-speed-input,0,0,0.000000,StartDate=2026-07-26 EndDate=2026-07-27 UTC (cover_days; soma dias GMT tocados pela janela ~24h — alinhamento tipico a SMS Transactions / Insights Last 24h; totalprice pode diferir do cartao Total Spend),2026-07-27T10:08:43Z
Bernardo,custom-language-operators-speed-output,0,0,0.000000,StartDate=2026-07-26 EndDate=2026-07-27 UTC (cover_days; soma dias GMT tocados pela janela ~24h — alinhamento tipico a SMS Transactions / Insights Last 24h; totalprice pode diferir do cartao Total Spend),2026-07-27T10:08:43Z
Bernardo,custom-number-services,0,0,0.000000,StartDate=2026-07-26 EndDate=2026-07-27 UTC (cover_days; soma dias GMT tocados pela janela ~24h — alinhamento tipico a SMS Transactions / Insights Last 24h; totalprice pode diferir do cartao Total Spend),2026-07-27T10:08:43Z
Bernardo,email,0,0,0.000000,StartDate=2026-07-26 EndDate=2026-07-27 UTC (cover_days; soma dias GMT tocados pela janela ~24h — alinhamento tipico a SMS Transactions / Insights Last 24h; totalprice pode diferir do cartao Total Spend),2026-07-27T10:08:43Z
Bernardo,email-sends,0,0,0.000000,StartDate=2026-07-26 EndDate=2026-07-27 UTC (cover_days; soma dias GMT tocados pela janela ~24h — alinhamento tipico a SMS Transactions / Insights Last 24h; totalprice pode diferir do cartao Total Spend),2026-07-27T10:08:43Z
Bernardo,emerging-tech,0,0,0.000000,StartDate=2026-07-26 EndDate=2026-07-27 UTC (cover_days; soma dias GMT tocados pela janela ~24h — alinhamento tipico a SMS Transactions / Insights Last 24h; totalprice pode diferir do cartao Total Spend),2026-07-27T10:08:43Z
Bernardo,engagement-suite-packaged-plans,0,0,0.000000,StartDate=2026-07-26 EndDate=2026-07-27 UTC (cover_days; soma dias GMT tocados pela janela ~24h — alinhamento tipico a SMS Transactions / Insights Last 24h; totalprice pode diferir do cartao Total Spend),2026-07-27T10:08:43Z
Bernardo,enhanced-line-type-lookups,0,0,0.000000,StartDate=2026-07-26 EndDate=2026-07-27 UTC (cover_days; soma dias GMT tocados pela janela ~24h — alinhamento tipico a SMS Transactions / Insights Last 24h; totalprice pode diferir do cartao Total Spend),2026-07-27T10:08:43Z
Bernardo,enterprise,0,0,0.000000,StartDate=2026-07-26 EndDate=2026-07-27 UTC (cover_days; soma dias GMT tocados pela janela ~24h — alinhamento tipico a SMS Transactions / Insights Last 24h; totalprice pode diferir do cartao Total Spend),2026-07-27T10:08:43Z
Bernardo,enterprise-knowledge,0,0,0.000000,StartDate=2026-07-26 EndDate=2026-07-27 UTC (cover_days; soma dias GMT tocados pela janela ~24h — alinhamento tipico a SMS Transactions / Insights Last 24h; totalprice pode diferir do cartao Total Spend),2026-07-27T10:08:43Z
Bernardo,events,0,0,0.000000,StartDate=2026-07-26 EndDate=2026-07-27 UTC (cover_days; soma dias GMT tocados pela janela ~24h — alinhamento tipico a SMS Transactions / Insights Last 24h; totalprice pode diferir do cartao Total Spend),2026-07-27T10:08:43Z
Bernardo,experiment-france-sms,0,0,0.000000,StartDate=2026-07-26 EndDate=2026-07-27 UTC (cover_days; soma dias GMT tocados pela janela ~24h — alinhamento tipico a SMS Transactions / Insights Last 24h; totalprice pode diferir do cartao Total Spend),2026-07-27T10:08:43Z
Bernardo,experiment-india-sms,0,0,0.000000,StartDate=2026-07-26 EndDate=2026-07-27 UTC (cover_days; soma dias GMT tocados pela janela ~24h — alinhamento tipico a SMS Transactions / Insights Last 24h; totalprice pode diferir do cartao Total Spend),2026-07-27T10:08:43Z
Bernardo,experiment-uk-sms,0,0,0.000000,StartDate=2026-07-26 EndDate=2026-07-27 UTC (cover_days; soma dias GMT tocados pela janela ~24h — alinhamento tipico a SMS Transactions / Insights Last 24h; totalprice pode diferir do cartao Total Spend),2026-07-27T10:08:43Z
Bernardo,flex,0,0,0.000000,StartDate=2026-07-26 EndDate=2026-07-27 UTC (cover_days; soma dias GMT tocados pela janela ~24h — alinhamento tipico a SMS Transactions / Insights Last 24h; totalprice pode diferir do cartao Total Spend),2026-07-27T10:08:43Z
Bernardo,flex-active-user-hours,0,0,0.000000,StartDate=2026-07-26 EndDate=2026-07-27 UTC (cover_days; soma dias GMT tocados pela janela ~24h — alinhamento tipico a SMS Transactions / Insights Last 24h; totalprice pode diferir do cartao Total Spend),2026-07-27T10:08:43Z
Bernardo,flex-concurrent-users,0,0,0.000000,StartDate=2026-07-26 EndDate=2026-07-27 UTC (cover_days; soma dias GMT tocados pela janela ~24h — alinhamento tipico a SMS Transactions / Insights Last 24h; totalprice pode diferir do cartao Total Spend),2026-07-27T10:08:43Z
Bernardo,flex-connectivity,0,0,0.000000,StartDate=2026-07-26 EndDate=2026-07-27 UTC (cover_days; soma dias GMT tocados pela janela ~24h — alinhamento tipico a SMS Transactions / Insights Last 24h; totalprice pode diferir do cartao Total Spend),2026-07-27T10:08:43Z
Bernardo,flex-conversational-insights,0,0,0.000000,StartDate=2026-07-26 EndDate=2026-07-27 UTC (cover_days; soma dias GMT tocados pela janela ~24h — alinhamento tipico a SMS Transactions / Insights Last 24h; totalprice pode diferir do cartao Total Spend),2026-07-27T10:08:43Z
Bernardo,flex-conversational-insights-messages,0,0,0.000000,StartDate=2026-07-26 EndDate=2026-07-27 UTC (cover_days; soma dias GMT tocados pela janela ~24h — alinhamento tipico a SMS Transactions / Insights Last 24h; totalprice pode diferir do cartao Total Spend),2026-07-27T10:08:43Z
Bernardo,flex-conversational-insights-voice-minutes,0,0,0.000000,StartDate=2026-07-26 EndDate=2026-07-27 UTC (cover_days; soma dias GMT tocados pela janela ~24h — alinhamento tipico a SMS Transactions / Insights Last 24h; totalprice pode diferir do cartao Total Spend),2026-07-27T10:08:43Z
Bernardo,flex-email-usage,0,0,0.000000,StartDate=2026-07-26 EndDate=2026-07-27 UTC (cover_days; soma dias GMT tocados pela janela ~24h — alinhamento tipico a SMS Transactions / Insights Last 24h; totalprice pode diferir do cartao Total Spend),2026-07-27T10:08:43Z
Bernardo,flex-messaging-usage,0,0,0.000000,StartDate=2026-07-26 EndDate=2026-07-27 UTC (cover_days; soma dias GMT tocados pela janela ~24h — alinhamento tipico a SMS Transactions / Insights Last 24h; totalprice pode diferir do cartao Total Spend),2026-07-27T10:08:43Z
Bernardo,flex-partner-spinsci,0,0,0.000000,StartDate=2026-07-26 EndDate=2026-07-27 UTC (cover_days; soma dias GMT tocados pela janela ~24h — alinhamento tipico a SMS Transactions / Insights Last 24h; totalprice pode diferir do cartao Total Spend),2026-07-27T10:08:43Z
Bernardo,flex-partner-xcelerate,0,0,0.000000,StartDate=2026-07-26 EndDate=2026-07-27 UTC (cover_days; soma dias GMT tocados pela janela ~24h — alinhamento tipico a SMS Transactions / Insights Last 24h; totalprice pode diferir do cartao Total Spend),2026-07-27T10:08:43Z
Bernardo,flex-reseller-ecosystem,0,0,0.000000,StartDate=2026-07-26 EndDate=2026-07-27 UTC (cover_days; soma dias GMT tocados pela janela ~24h — alinhamento tipico a SMS Transactions / Insights Last 24h; totalprice pode diferir do cartao Total Spend),2026-07-27T10:08:43Z
Bernardo,flex-unique-user,0,0,0.000000,StartDate=2026-07-26 EndDate=2026-07-27 UTC (cover_days; soma dias GMT tocados pela janela ~24h — alinhamento tipico a SMS Transactions / Insights Last 24h; totalprice pode diferir do cartao Total Spend),2026-07-27T10:08:43Z
Bernardo,flex-usage,0,0,0.000000,StartDate=2026-07-26 EndDate=2026-07-27 UTC (cover_days; soma dias GMT tocados pela janela ~24h — alinhamento tipico a SMS Transactions / Insights Last 24h; totalprice pode diferir do cartao Total Spend),2026-07-27T10:08:43Z
Bernardo,flex-users,0,0,0.000000,StartDate=2026-07-26 EndDate=2026-07-27 UTC (cover_days; soma dias GMT tocados pela janela ~24h — alinhamento tipico a SMS Transactions / Insights Last 24h; totalprice pode diferir do cartao Total Spend),2026-07-27T10:08:43Z
Bernardo,flex-voice-minute,0,0,0.000000,StartDate=2026-07-26 EndDate=2026-07-27 UTC (cover_days; soma dias GMT tocados pela janela ~24h — alinhamento tipico a SMS Transactions / Insights Last 24h; totalprice pode diferir do cartao Total Spend),2026-07-27T10:08:43Z
Bernardo,flex-ytica,0,0,0.000000,StartDate=2026-07-26 EndDate=2026-07-27 UTC (cover_days; soma dias GMT tocados pela janela ~24h — alinhamento tipico a SMS Transactions / Insights Last 24h; totalprice pode diferir do cartao Total Spend),2026-07-27T10:08:43Z
Bernardo,fraud-lookups,0,0,0.000000,StartDate=2026-07-26 EndDate=2026-07-27 UTC (cover_days; soma dias GMT tocados pela janela ~24h — alinhamento tipico a SMS Transactions / Insights Last 24h; totalprice pode diferir do cartao Total Spend),2026-07-27T10:08:43Z
Bernardo,frontline,0,0,0.000000,StartDate=2026-07-26 EndDate=2026-07-27 UTC (cover_days; soma dias GMT tocados pela janela ~24h — alinhamento tipico a SMS Transactions / Insights Last 24h; totalprice pode diferir do cartao Total Spend),2026-07-27T10:08:43Z
Bernardo,frontline-users,0,0,0.000000,StartDate=2026-07-26 EndDate=2026-07-27 UTC (cover_days; soma dias GMT tocados pela janela ~24h — alinhamento tipico a SMS Transactions / Insights Last 24h; totalprice pode diferir do cartao Total Spend),2026-07-27T10:08:43Z
Bernardo,functions,0,0,0.000000,StartDate=2026-07-26 EndDate=2026-07-27 UTC (cover_days; soma dias GMT tocados pela janela ~24h — alinhamento tipico a SMS Transactions / Insights Last 24h; totalprice pode diferir do cartao Total Spend),2026-07-27T10:08:43Z
Bernardo,generic-pay-transactions,0,0,0.000000,StartDate=2026-07-26 EndDate=2026-07-27 UTC (cover_days; soma dias GMT tocados pela janela ~24h — alinhamento tipico a SMS Transactions / Insights Last 24h; totalprice pode diferir do cartao Total Spend),2026-07-27T10:08:43Z
Bernardo,group-rooms,0,0,0.000000,StartDate=2026-07-26 EndDate=2026-07-27 UTC (cover_days; soma dias GMT tocados pela janela ~24h — alinhamento tipico a SMS Transactions / Insights Last 24h; totalprice pode diferir do cartao Total Spend),2026-07-27T10:08:43Z
Bernardo,group-rooms-data-track,0,0,0.000000,StartDate=2026-07-26 EndDate=2026-07-27 UTC (cover_days; soma dias GMT tocados pela janela ~24h — alinhamento tipico a SMS Transactions / Insights Last 24h; totalprice pode diferir do cartao Total Spend),2026-07-27T10:08:43Z
Bernardo,group-rooms-encrypted-media-recorded,0,0,0.000000,StartDate=2026-07-26 EndDate=2026-07-27 UTC (cover_days; soma dias GMT tocados pela janela ~24h — alinhamento tipico a SMS Transactions / Insights Last 24h; totalprice pode diferir do cartao Total Spend),2026-07-27T10:08:43Z
Bernardo,group-rooms-media-downloaded,0,0,0.000000,StartDate=2026-07-26 EndDate=2026-07-27 UTC (cover_days; soma dias GMT tocados pela janela ~24h — alinhamento tipico a SMS Transactions / Insights Last 24h; totalprice pode diferir do cartao Total Spend),2026-07-27T10:08:43Z
Bernardo,group-rooms-media-recorded,0,0,0.000000,StartDate=2026-07-26 EndDate=2026-07-27 UTC (cover_days; soma dias GMT tocados pela janela ~24h — alinhamento tipico a SMS Transactions / Insights Last 24h; totalprice pode diferir do cartao Total Spend),2026-07-27T10:08:43Z
Bernardo,group-rooms-media-routed,0,0,0.000000,StartDate=2026-07-26 EndDate=2026-07-27 UTC (cover_days; soma dias GMT tocados pela janela ~24h — alinhamento tipico a SMS Transactions / Insights Last 24h; totalprice pode diferir do cartao Total Spend),2026-07-27T10:08:43Z
Bernardo,group-rooms-media-stored,0,0,0.000000,StartDate=2026-07-26 EndDate=2026-07-27 UTC (cover_days; soma dias GMT tocados pela janela ~24h — alinhamento tipico a SMS Transactions / Insights Last 24h; totalprice pode diferir do cartao Total Spend),2026-07-27T10:08:43Z
Bernardo,group-rooms-participant-minutes,0,0,0.000000,StartDate=2026-07-26 EndDate=2026-07-27 UTC (cover_days; soma dias GMT tocados pela janela ~24h — alinhamento tipico a SMS Transactions / Insights Last 24h; totalprice pode diferir do cartao Total Spend),2026-07-27T10:08:43Z
Bernardo,group-rooms-recorded-minutes,0,0,0.000000,StartDate=2026-07-26 EndDate=2026-07-27 UTC (cover_days; soma dias GMT tocados pela janela ~24h — alinhamento tipico a SMS Transactions / Insights Last 24h; totalprice pode diferir do cartao Total Spend),2026-07-27T10:08:43Z
Bernardo,ip-messaging,0,0,0.000000,StartDate=2026-07-26 EndDate=2026-07-27 UTC (cover_days; soma dias GMT tocados pela janela ~24h — alinhamento tipico a SMS Transactions / Insights Last 24h; totalprice pode diferir do cartao Total Spend),2026-07-27T10:08:43Z
Bernardo,ip-messaging-commands,0,0,0.000000,StartDate=2026-07-26 EndDate=2026-07-27 UTC (cover_days; soma dias GMT tocados pela janela ~24h — alinhamento tipico a SMS Transactions / Insights Last 24h; totalprice pode diferir do cartao Total Spend),2026-07-27T10:08:43Z
Bernardo,ip-messaging-data-storage,0,0,0.000000,StartDate=2026-07-26 EndDate=2026-07-27 UTC (cover_days; soma dias GMT tocados pela janela ~24h — alinhamento tipico a SMS Transactions / Insights Last 24h; totalprice pode diferir do cartao Total Spend),2026-07-27T10:08:43Z
Bernardo,ip-messaging-data-transfer,0,0,0.000000,StartDate=2026-07-26 EndDate=2026-07-27 UTC (cover_days; soma dias GMT tocados pela janela ~24h — alinhamento tipico a SMS Transactions / Insights Last 24h; totalprice pode diferir do cartao Total Spend),2026-07-27T10:08:43Z
Bernardo,ip-messaging-endpoint-connectivity,0,0,0.000000,StartDate=2026-07-26 EndDate=2026-07-27 UTC (cover_days; soma dias GMT tocados pela janela ~24h — alinhamento tipico a SMS Transactions / Insights Last 24h; totalprice pode diferir do cartao Total Spend),2026-07-27T10:08:43Z
Bernardo,ivr-virtual-agent-custom-voices,0,0,0.000000,StartDate=2026-07-26 EndDate=2026-07-27 UTC (cover_days; soma dias GMT tocados pela janela ~24h — alinhamento tipico a SMS Transactions / Insights Last 24h; totalprice pode diferir do cartao Total Spend),2026-07-27T10:08:43Z
Bernardo,ivr-virtual-agent-genai,0,0,0.000000,StartDate=2026-07-26 EndDate=2026-07-27 UTC (cover_days; soma dias GMT tocados pela janela ~24h — alinhamento tipico a SMS Transactions / Insights Last 24h; totalprice pode diferir do cartao Total Spend),2026-07-27T10:08:43Z
Bernardo,knowledge-retrieval,0,0,0.000000,StartDate=2026-07-26 EndDate=2026-07-27 UTC (cover_days; soma dias GMT tocados pela janela ~24h — alinhamento tipico a SMS Transactions / Insights Last 24h; totalprice pode diferir do cartao Total Spend),2026-07-27T10:08:43Z
Bernardo,knowledge-storage,0,0,0.000000,StartDate=2026-07-26 EndDate=2026-07-27 UTC (cover_days; soma dias GMT tocados pela janela ~24h — alinhamento tipico a SMS Transactions / Insights Last 24h; totalprice pode diferir do cartao Total Spend),2026-07-27T10:08:43Z
Bernardo,line-status-lookups,0,0,0.000000,StartDate=2026-07-26 EndDate=2026-07-27 UTC (cover_days; soma dias GMT tocados pela janela ~24h — alinhamento tipico a SMS Transactions / Insights Last 24h; totalprice pode diferir do cartao Total Spend),2026-07-27T10:08:43Z
Bernardo,live-activity-lookups,0,0,0.000000,StartDate=2026-07-26 EndDate=2026-07-27 UTC (cover_days; soma dias GMT tocados pela janela ~24h — alinhamento tipico a SMS Transactions / Insights Last 24h; totalprice pode diferir do cartao Total Spend),2026-07-27T10:08:43Z
Bernardo,lookup-bucket-adjustment,0,0,0.000000,StartDate=2026-07-26 EndDate=2026-07-27 UTC (cover_days; soma dias GMT tocados pela janela ~24h — alinhamento tipico a SMS Transactions / Insights Last 24h; totalprice pode diferir do cartao Total Spend),2026-07-27T10:08:43Z
Bernardo,lookup-identity-match,0,0,0.000000,StartDate=2026-07-26 EndDate=2026-07-27 UTC (cover_days; soma dias GMT tocados pela janela ~24h — alinhamento tipico a SMS Transactions / Insights Last 24h; totalprice pode diferir do cartao Total Spend),2026-07-27T10:08:43Z
Bernardo,lookups,0,0,0.000000,StartDate=2026-07-26 EndDate=2026-07-27 UTC (cover_days; soma dias GMT tocados pela janela ~24h — alinhamento tipico a SMS Transactions / Insights Last 24h; totalprice pode diferir do cartao Total Spend),2026-07-27T10:08:43Z
Bernardo,marketplace,0,0,0.000000,StartDate=2026-07-26 EndDate=2026-07-27 UTC (cover_days; soma dias GMT tocados pela janela ~24h — alinhamento tipico a SMS Transactions / Insights Last 24h; totalprice pode diferir do cartao Total Spend),2026-07-27T10:08:43Z
Bernardo,marketplace-algorithmia-named-entity-recognition,0,0,0.000000,StartDate=2026-07-26 EndDate=2026-07-27 UTC (cover_days; soma dias GMT tocados pela janela ~24h — alinhamento tipico a SMS Transactions / Insights Last 24h; totalprice pode diferir do cartao Total Spend),2026-07-27T10:08:43Z
Bernardo,marketplace-bot-msg.ai-deliveryaware,0,0,0.000000,StartDate=2026-07-26 EndDate=2026-07-27 UTC (cover_days; soma dias GMT tocados pela janela ~24h — alinhamento tipico a SMS Transactions / Insights Last 24h; totalprice pode diferir do cartao Total Spend),2026-07-27T10:08:43Z
Bernardo,marketplace-cadence-transcription,0,0,0.000000,StartDate=2026-07-26 EndDate=2026-07-27 UTC (cover_days; soma dias GMT tocados pela janela ~24h — alinhamento tipico a SMS Transactions / Insights Last 24h; totalprice pode diferir do cartao Total Spend),2026-07-27T10:08:43Z
Bernardo,marketplace-cadence-translation,0,0,0.000000,StartDate=2026-07-26 EndDate=2026-07-27 UTC (cover_days; soma dias GMT tocados pela janela ~24h — alinhamento tipico a SMS Transactions / Insights Last 24h; totalprice pode diferir do cartao Total Spend),2026-07-27T10:08:43Z
Bernardo,marketplace-capio-speech-to-text,0,0,0.000000,StartDate=2026-07-26 EndDate=2026-07-27 UTC (cover_days; soma dias GMT tocados pela janela ~24h — alinhamento tipico a SMS Transactions / Insights Last 24h; totalprice pode diferir do cartao Total Spend),2026-07-27T10:08:43Z
Bernardo,marketplace-convriza-ababa,0,0,0.000000,StartDate=2026-07-26 EndDate=2026-07-27 UTC (cover_days; soma dias GMT tocados pela janela ~24h — alinhamento tipico a SMS Transactions / Insights Last 24h; totalprice pode diferir do cartao Total Spend),2026-07-27T10:08:43Z
Bernardo,marketplace-deepgram-phrase-detector,0,0,0.000000,StartDate=2026-07-26 EndDate=2026-07-27 UTC (cover_days; soma dias GMT tocados pela janela ~24h — alinhamento tipico a SMS Transactions / Insights Last 24h; totalprice pode diferir do cartao Total Spend),2026-07-27T10:08:43Z
Bernardo,marketplace-deepgram-transcription,0,0,0.000000,StartDate=2026-07-26 EndDate=2026-07-27 UTC (cover_days; soma dias GMT tocados pela janela ~24h — alinhamento tipico a SMS Transactions / Insights Last 24h; totalprice pode diferir do cartao Total Spend),2026-07-27T10:08:43Z
Bernardo,marketplace-deepgram-transcription-base,0,0,0.000000,StartDate=2026-07-26 EndDate=2026-07-27 UTC (cover_days; soma dias GMT tocados pela janela ~24h — alinhamento tipico a SMS Transactions / Insights Last 24h; totalprice pode diferir do cartao Total Spend),2026-07-27T10:08:43Z
Bernardo,marketplace-deepgram-transscription-enhanced,0,0,0.000000,StartDate=2026-07-26 EndDate=2026-07-27 UTC (cover_days; soma dias GMT tocados pela janela ~24h — alinhamento tipico a SMS Transactions / Insights Last 24h; totalprice pode diferir do cartao Total Spend),2026-07-27T10:08:43Z
Bernardo,marketplace-digital-segment-business-info,0,0,0.000000,StartDate=2026-07-26 EndDate=2026-07-27 UTC (cover_days; soma dias GMT tocados pela janela ~24h — alinhamento tipico a SMS Transactions / Insights Last 24h; totalprice pode diferir do cartao Total Spend),2026-07-27T10:08:43Z
Bernardo,marketplace-facebook-offline-conversions,0,0,0.000000,StartDate=2026-07-26 EndDate=2026-07-27 UTC (cover_days; soma dias GMT tocados pela janela ~24h — alinhamento tipico a SMS Transactions / Insights Last 24h; totalprice pode diferir do cartao Total Spend),2026-07-27T10:08:43Z
Bernardo,marketplace-google-speech-to-text,0,0,0.000000,StartDate=2026-07-26 EndDate=2026-07-27 UTC (cover_days; soma dias GMT tocados pela janela ~24h — alinhamento tipico a SMS Transactions / Insights Last 24h; totalprice pode diferir do cartao Total Spend),2026-07-27T10:08:43Z
Bernardo,marketplace-ibm-watson-message-insights,0,0,0.000000,StartDate=2026-07-26 EndDate=2026-07-27 UTC (cover_days; soma dias GMT tocados pela janela ~24h — alinhamento tipico a SMS Transactions / Insights Last 24h; totalprice pode diferir do cartao Total Spend),2026-07-27T10:08:43Z
Bernardo,marketplace-ibm-watson-message-sentiment,0,0,0.000000,StartDate=2026-07-26 EndDate=2026-07-27 UTC (cover_days; soma dias GMT tocados pela janela ~24h — alinhamento tipico a SMS Transactions / Insights Last 24h; totalprice pode diferir do cartao Total Spend),2026-07-27T10:08:43Z
Bernardo,marketplace-ibm-watson-recording-analysis,0,0,0.000000,StartDate=2026-07-26 EndDate=2026-07-27 UTC (cover_days; soma dias GMT tocados pela janela ~24h — alinhamento tipico a SMS Transactions / Insights Last 24h; totalprice pode diferir do cartao Total Spend),2026-07-27T10:08:43Z
Bernardo,marketplace-ibm-watson-tone-analyzer,0,0,0.000000,StartDate=2026-07-26 EndDate=2026-07-27 UTC (cover_days; soma dias GMT tocados pela janela ~24h — alinhamento tipico a SMS Transactions / Insights Last 24h; totalprice pode diferir do cartao Total Spend),2026-07-27T10:08:43Z
Bernardo,marketplace-icehook-systems-scout,0,0,0.000000,StartDate=2026-07-26 EndDate=2026-07-27 UTC (cover_days; soma dias GMT tocados pela janela ~24h — alinhamento tipico a SMS Transactions / Insights Last 24h; totalprice pode diferir do cartao Total Spend),2026-07-27T10:08:43Z
Bernardo,marketplace-infogroup-dataaxle-bizinfo,0,0,0.000000,StartDate=2026-07-26 EndDate=2026-07-27 UTC (cover_days; soma dias GMT tocados pela janela ~24h — alinhamento tipico a SMS Transactions / Insights Last 24h; totalprice pode diferir do cartao Total Spend),2026-07-27T10:08:43Z
Bernardo,marketplace-keen-io-contact-center-analytics,0,0,0.000000,StartDate=2026-07-26 EndDate=2026-07-27 UTC (cover_days; soma dias GMT tocados pela janela ~24h — alinhamento tipico a SMS Transactions / Insights Last 24h; totalprice pode diferir do cartao Total Spend),2026-07-27T10:08:43Z
Bernardo,marketplace-marchex-cleancall,0,0,0.000000,StartDate=2026-07-26 EndDate=2026-07-27 UTC (cover_days; soma dias GMT tocados pela janela ~24h — alinhamento tipico a SMS Transactions / Insights Last 24h; totalprice pode diferir do cartao Total Spend),2026-07-27T10:08:43Z
Bernardo,marketplace-marchex-recording-analysis,0,0,0.000000,StartDate=2026-07-26 EndDate=2026-07-27 UTC (cover_days; soma dias GMT tocados pela janela ~24h — alinhamento tipico a SMS Transactions / Insights Last 24h; totalprice pode diferir do cartao Total Spend),2026-07-27T10:08:43Z
Bernardo,marketplace-marchex-sentiment-analysis-for-sms,0,0,0.000000,StartDate=2026-07-26 EndDate=2026-07-27 UTC (cover_days; soma dias GMT tocados pela janela ~24h — alinhamento tipico a SMS Transactions / Insights Last 24h; totalprice pode diferir do cartao Total Spend),2026-07-27T10:08:43Z
Bernardo,marketplace-marketplace-nextcaller-social-id,0,0,0.000000,StartDate=2026-07-26 EndDate=2026-07-27 UTC (cover_days; soma dias GMT tocados pela janela ~24h — alinhamento tipico a SMS Transactions / Insights Last 24h; totalprice pode diferir do cartao Total Spend),2026-07-27T10:08:43Z
Bernardo,marketplace-mobile-commons-opt-out-classifier,0,0,0.000000,StartDate=2026-07-26 EndDate=2026-07-27 UTC (cover_days; soma dias GMT tocados pela janela ~24h — alinhamento tipico a SMS Transactions / Insights Last 24h; totalprice pode diferir do cartao Total Spend),2026-07-27T10:08:43Z
Bernardo,marketplace-msg.ai-deliveryaware,0,0,0.000000,StartDate=2026-07-26 EndDate=2026-07-27 UTC (cover_days; soma dias GMT tocados pela janela ~24h — alinhamento tipico a SMS Transactions / Insights Last 24h; totalprice pode diferir do cartao Total Spend),2026-07-27T10:08:43Z
Bernardo,marketplace-nexiwave-voicemail-to-text,0,0,0.000000,StartDate=2026-07-26 EndDate=2026-07-27 UTC (cover_days; soma dias GMT tocados pela janela ~24h — alinhamento tipico a SMS Transactions / Insights Last 24h; totalprice pode diferir do cartao Total Spend),2026-07-27T10:08:43Z
Bernardo,marketplace-nextcaller-advanced-caller-identification,0,0,0.000000,StartDate=2026-07-26 EndDate=2026-07-27 UTC (cover_days; soma dias GMT tocados pela janela ~24h — alinhamento tipico a SMS Transactions / Insights Last 24h; totalprice pode diferir do cartao Total Spend),2026-07-27T10:08:43Z
Bernardo,marketplace-nomorobo-spam-score,0,0,0.000000,StartDate=2026-07-26 EndDate=2026-07-27 UTC (cover_days; soma dias GMT tocados pela janela ~24h — alinhamento tipico a SMS Transactions / Insights Last 24h; totalprice pode diferir do cartao Total Spend),2026-07-27T10:08:43Z
Bernardo,marketplace-pay-addons,0,0,0.000000,StartDate=2026-07-26 EndDate=2026-07-27 UTC (cover_days; soma dias GMT tocados pela janela ~24h — alinhamento tipico a SMS Transactions / Insights Last 24h; totalprice pode diferir do cartao Total Spend),2026-07-27T10:08:43Z
Bernardo,marketplace-pay-addons-basecommerce-pay-connector,0,0,0.000000,StartDate=2026-07-26 EndDate=2026-07-27 UTC (cover_days; soma dias GMT tocados pela janela ~24h — alinhamento tipico a SMS Transactions / Insights Last 24h; totalprice pode diferir do cartao Total Spend),2026-07-27T10:08:43Z
Bernardo,marketplace-pay-addons-braintree-pay-connector,0,0,0.000000,StartDate=2026-07-26 EndDate=2026-07-27 UTC (cover_days; soma dias GMT tocados pela janela ~24h — alinhamento tipico a SMS Transactions / Insights Last 24h; totalprice pode diferir do cartao Total Spend),2026-07-27T10:08:43Z
Bernardo,marketplace-pay-addons-cardconnect-pay-connector,0,0,0.000000,StartDate=2026-07-26 EndDate=2026-07-27 UTC (cover_days; soma dias GMT tocados pela janela ~24h — alinhamento tipico a SMS Transactions / Insights Last 24h; totalprice pode diferir do cartao Total Spend),2026-07-27T10:08:43Z
Bernardo,marketplace-pay-addons-chase-pay-connector,0,0,0.000000,StartDate=2026-07-26 EndDate=2026-07-27 UTC (cover_days; soma dias GMT tocados pela janela ~24h — alinhamento tipico a SMS Transactions / Insights Last 24h; totalprice pode diferir do cartao Total Spend),2026-07-27T10:08:43Z
Bernardo,marketplace-pay-addons-shuttle-pay-connector,0,0,0.000000,StartDate=2026-07-26 EndDate=2026-07-27 UTC (cover_days; soma dias GMT tocados pela janela ~24h — alinhamento tipico a SMS Transactions / Insights Last 24h; totalprice pode diferir do cartao Total Spend),2026-07-27T10:08:43Z
Bernardo,marketplace-pay-addons-stripe-pay-connector,0,0,0.000000,StartDate=2026-07-26 EndDate=2026-07-27 UTC (cover_days; soma dias GMT tocados pela janela ~24h — alinhamento tipico a SMS Transactions / Insights Last 24h; totalprice pode diferir do cartao Total Spend),2026-07-27T10:08:43Z
Bernardo,marketplace-payfone-tcpa-compliance,0,0,0.000000,StartDate=2026-07-26 EndDate=2026-07-27 UTC (cover_days; soma dias GMT tocados pela janela ~24h — alinhamento tipico a SMS Transactions / Insights Last 24h; totalprice pode diferir do cartao Total Spend),2026-07-27T10:08:43Z
Bernardo,marketplace-poly-ai-connector,0,0,0.000000,StartDate=2026-07-26 EndDate=2026-07-27 UTC (cover_days; soma dias GMT tocados pela janela ~24h — alinhamento tipico a SMS Transactions / Insights Last 24h; totalprice pode diferir do cartao Total Spend),2026-07-27T10:08:43Z
Bernardo,marketplace-realphonevalidation,0,0,0.000000,StartDate=2026-07-26 EndDate=2026-07-27 UTC (cover_days; soma dias GMT tocados pela janela ~24h — alinhamento tipico a SMS Transactions / Insights Last 24h; totalprice pode diferir do cartao Total Spend),2026-07-27T10:08:43Z
Bernardo,marketplace-remeeting-automatic-speech-recognition,0,0,0.000000,StartDate=2026-07-26 EndDate=2026-07-27 UTC (cover_days; soma dias GMT tocados pela janela ~24h — alinhamento tipico a SMS Transactions / Insights Last 24h; totalprice pode diferir do cartao Total Spend),2026-07-27T10:08:43Z
Bernardo,marketplace-spoke-phone-license-pro,0,0,0.000000,StartDate=2026-07-26 EndDate=2026-07-27 UTC (cover_days; soma dias GMT tocados pela janela ~24h — alinhamento tipico a SMS Transactions / Insights Last 24h; totalprice pode diferir do cartao Total Spend),2026-07-27T10:08:43Z
Bernardo,marketplace-spoke-phone-license-standard,0,0,0.000000,StartDate=2026-07-26 EndDate=2026-07-27 UTC (cover_days; soma dias GMT tocados pela janela ~24h — alinhamento tipico a SMS Transactions / Insights Last 24h; totalprice pode diferir do cartao Total Spend),2026-07-27T10:08:43Z
Bernardo,marketplace-tcpa-defense-solutions-blacklist-feed,0,0,0.000000,StartDate=2026-07-26 EndDate=2026-07-27 UTC (cover_days; soma dias GMT tocados pela janela ~24h — alinhamento tipico a SMS Transactions / Insights Last 24h; totalprice pode diferir do cartao Total Spend),2026-07-27T10:08:43Z
Bernardo,marketplace-telo-opencnam,0,0,0.000000,StartDate=2026-07-26 EndDate=2026-07-27 UTC (cover_days; soma dias GMT tocados pela janela ~24h — alinhamento tipico a SMS Transactions / Insights Last 24h; totalprice pode diferir do cartao Total Spend),2026-07-27T10:08:43Z
Bernardo,marketplace-trestle-solutions-caller-identification,0,0,0.000000,StartDate=2026-07-26 EndDate=2026-07-27 UTC (cover_days; soma dias GMT tocados pela janela ~24h — alinhamento tipico a SMS Transactions / Insights Last 24h; totalprice pode diferir do cartao Total Spend),2026-07-27T10:08:43Z
Bernardo,marketplace-truecnam-true-spam,0,0,0.000000,StartDate=2026-07-26 EndDate=2026-07-27 UTC (cover_days; soma dias GMT tocados pela janela ~24h — alinhamento tipico a SMS Transactions / Insights Last 24h; totalprice pode diferir do cartao Total Spend),2026-07-27T10:08:43Z
Bernardo,marketplace-twilio-caller-name-lookup-us,0,0,0.000000,StartDate=2026-07-26 EndDate=2026-07-27 UTC (cover_days; soma dias GMT tocados pela janela ~24h — alinhamento tipico a SMS Transactions / Insights Last 24h; totalprice pode diferir do cartao Total Spend),2026-07-27T10:08:43Z
Bernardo,marketplace-twilio-carrier-information-lookup,0,0,0.000000,StartDate=2026-07-26 EndDate=2026-07-27 UTC (cover_days; soma dias GMT tocados pela janela ~24h — alinhamento tipico a SMS Transactions / Insights Last 24h; totalprice pode diferir do cartao Total Spend),2026-07-27T10:08:43Z
Bernardo,marketplace-voicebase-pci,0,0,0.000000,StartDate=2026-07-26 EndDate=2026-07-27 UTC (cover_days; soma dias GMT tocados pela janela ~24h — alinhamento tipico a SMS Transactions / Insights Last 24h; totalprice pode diferir do cartao Total Spend),2026-07-27T10:08:43Z
Bernardo,marketplace-voicebase-transcription,0,0,0.000000,StartDate=2026-07-26 EndDate=2026-07-27 UTC (cover_days; soma dias GMT tocados pela janela ~24h — alinhamento tipico a SMS Transactions / Insights Last 24h; totalprice pode diferir do cartao Total Spend),2026-07-27T10:08:43Z
Bernardo,marketplace-voicebase-transcription-custom-vocabulary,0,0,0.000000,StartDate=2026-07-26 EndDate=2026-07-27 UTC (cover_days; soma dias GMT tocados pela janela ~24h — alinhamento tipico a SMS Transactions / Insights Last 24h; totalprice pode diferir do cartao Total Spend),2026-07-27T10:08:43Z
Bernardo,marketplace-web-purify-profanity-filter,0,0,0.000000,StartDate=2026-07-26 EndDate=2026-07-27 UTC (cover_days; soma dias GMT tocados pela janela ~24h — alinhamento tipico a SMS Transactions / Insights Last 24h; totalprice pode diferir do cartao Total Spend),2026-07-27T10:08:43Z
Bernardo,marketplace-whitepages-pro-caller-identification,0,0,0.000000,StartDate=2026-07-26 EndDate=2026-07-27 UTC (cover_days; soma dias GMT tocados pela janela ~24h — alinhamento tipico a SMS Transactions / Insights Last 24h; totalprice pode diferir do cartao Total Spend),2026-07-27T10:08:43Z
Bernardo,marketplace-whitepages-pro-phone-intelligence,0,0,0.000000,StartDate=2026-07-26 EndDate=2026-07-27 UTC (cover_days; soma dias GMT tocados pela janela ~24h — alinhamento tipico a SMS Transactions / Insights Last 24h; totalprice pode diferir do cartao Total Spend),2026-07-27T10:08:43Z
Bernardo,marketplace-whitepages-pro-phone-reputation,0,0,0.000000,StartDate=2026-07-26 EndDate=2026-07-27 UTC (cover_days; soma dias GMT tocados pela janela ~24h — alinhamento tipico a SMS Transactions / Insights Last 24h; totalprice pode diferir do cartao Total Spend),2026-07-27T10:08:43Z
Bernardo,marketplace-wolfarm-spoken-results,0,0,0.000000,StartDate=2026-07-26 EndDate=2026-07-27 UTC (cover_days; soma dias GMT tocados pela janela ~24h — alinhamento tipico a SMS Transactions / Insights Last 24h; totalprice pode diferir do cartao Total Spend),2026-07-27T10:08:43Z
Bernardo,marketplace-wolfram-short-answer,0,0,0.000000,StartDate=2026-07-26 EndDate=2026-07-27 UTC (cover_days; soma dias GMT tocados pela janela ~24h — alinhamento tipico a SMS Transactions / Insights Last 24h; totalprice pode diferir do cartao Total Spend),2026-07-27T10:08:43Z
Bernardo,marketplace-ytica-contact-center-reporting-analytics,0,0,0.000000,StartDate=2026-07-26 EndDate=2026-07-27 UTC (cover_days; soma dias GMT tocados pela janela ~24h — alinhamento tipico a SMS Transactions / Insights Last 24h; totalprice pode diferir do cartao Total Spend),2026-07-27T10:08:43Z
Bernardo,marketplay-pay-addons-shuttle-pay-connector,0,0,0.000000,StartDate=2026-07-26 EndDate=2026-07-27 UTC (cover_days; soma dias GMT tocados pela janela ~24h — alinhamento tipico a SMS Transactions / Insights Last 24h; totalprice pode diferir do cartao Total Spend),2026-07-27T10:08:43Z
Bernardo,media-composer-minutes,0,0,0.000000,StartDate=2026-07-26 EndDate=2026-07-27 UTC (cover_days; soma dias GMT tocados pela janela ~24h — alinhamento tipico a SMS Transactions / Insights Last 24h; totalprice pode diferir do cartao Total Spend),2026-07-27T10:08:43Z
Bernardo,mediastorage,0,0,0.000000,StartDate=2026-07-26 EndDate=2026-07-27 UTC (cover_days; soma dias GMT tocados pela janela ~24h — alinhamento tipico a SMS Transactions / Insights Last 24h; totalprice pode diferir do cartao Total Spend),2026-07-27T10:08:43Z
Bernardo,memories,0,0,0.000000,StartDate=2026-07-26 EndDate=2026-07-27 UTC (cover_days; soma dias GMT tocados pela janela ~24h — alinhamento tipico a SMS Transactions / Insights Last 24h; totalprice pode diferir do cartao Total Spend),2026-07-27T10:08:43Z
Bernardo,memories-memory-generation-input-output,0,0,0.000000,StartDate=2026-07-26 EndDate=2026-07-27 UTC (cover_days; soma dias GMT tocados pela janela ~24h — alinhamento tipico a SMS Transactions / Insights Last 24h; totalprice pode diferir do cartao Total Spend),2026-07-27T10:08:43Z
Bernardo,memories-memory-recall,0,0,0.000000,StartDate=2026-07-26 EndDate=2026-07-27 UTC (cover_days; soma dias GMT tocados pela janela ~24h — alinhamento tipico a SMS Transactions / Insights Last 24h; totalprice pode diferir do cartao Total Spend),2026-07-27T10:08:43Z
Bernardo,min-spend-adjustments,0,0,0.000000,StartDate=2026-07-26 EndDate=2026-07-27 UTC (cover_days; soma dias GMT tocados pela janela ~24h — alinhamento tipico a SMS Transactions / Insights Last 24h; totalprice pode diferir do cartao Total Spend),2026-07-27T10:08:43Z
Bernardo,mms-inbound-longcode,0,0,0.000000,StartDate=2026-07-26 EndDate=2026-07-27 UTC (cover_days; soma dias GMT tocados pela janela ~24h — alinhamento tipico a SMS Transactions / Insights Last 24h; totalprice pode diferir do cartao Total Spend),2026-07-27T10:08:43Z
Bernardo,mms-inbound-shortcode,0,0,0.000000,StartDate=2026-07-26 EndDate=2026-07-27 UTC (cover_days; soma dias GMT tocados pela janela ~24h — alinhamento tipico a SMS Transactions / Insights Last 24h; totalprice pode diferir do cartao Total Spend),2026-07-27T10:08:43Z
Bernardo,mms-outbound,0,0,0.000000,StartDate=2026-07-26 EndDate=2026-07-27 UTC (cover_days; soma dias GMT tocados pela janela ~24h — alinhamento tipico a SMS Transactions / Insights Last 24h; totalprice pode diferir do cartao Total Spend),2026-07-27T10:08:43Z
Bernardo,mms-outbound-longcode,0,0,0.000000,StartDate=2026-07-26 EndDate=2026-07-27 UTC (cover_days; soma dias GMT tocados pela janela ~24h — alinhamento tipico a SMS Transactions / Insights Last 24h; totalprice pode diferir do cartao Total Spend),2026-07-27T10:08:43Z
Bernardo,mms-outbound-shortcode,0,0,0.000000,StartDate=2026-07-26 EndDate=2026-07-27 UTC (cover_days; soma dias GMT tocados pela janela ~24h — alinhamento tipico a SMS Transactions / Insights Last 24h; totalprice pode diferir do cartao Total Spend),2026-07-27T10:08:43Z
Bernardo,mms-outbound-tollfree,0,0,0.000000,StartDate=2026-07-26 EndDate=2026-07-27 UTC (cover_days; soma dias GMT tocados pela janela ~24h — alinhamento tipico a SMS Transactions / Insights Last 24h; totalprice pode diferir do cartao Total Spend),2026-07-27T10:08:43Z
Bernardo,monitor,0,0,0.000000,StartDate=2026-07-26 EndDate=2026-07-27 UTC (cover_days; soma dias GMT tocados pela janela ~24h — alinhamento tipico a SMS Transactions / Insights Last 24h; totalprice pode diferir do cartao Total Spend),2026-07-27T10:08:43Z
Bernardo,monitor-reads,0,0,0.000000,StartDate=2026-07-26 EndDate=2026-07-27 UTC (cover_days; soma dias GMT tocados pela janela ~24h — alinhamento tipico a SMS Transactions / Insights Last 24h; totalprice pode diferir do cartao Total Spend),2026-07-27T10:08:43Z
Bernardo,monitor-storage,0,0,0.000000,StartDate=2026-07-26 EndDate=2026-07-27 UTC (cover_days; soma dias GMT tocados pela janela ~24h — alinhamento tipico a SMS Transactions / Insights Last 24h; totalprice pode diferir do cartao Total Spend),2026-07-27T10:08:43Z
Bernardo,monitor-writes,0,0,0.000000,StartDate=2026-07-26 EndDate=2026-07-27 UTC (cover_days; soma dias GMT tocados pela janela ~24h — alinhamento tipico a SMS Transactions / Insights Last 24h; totalprice pode diferir do cartao Total Spend),2026-07-27T10:08:43Z
Bernardo,notify,0,0,0.000000,StartDate=2026-07-26 EndDate=2026-07-27 UTC (cover_days; soma dias GMT tocados pela janela ~24h — alinhamento tipico a SMS Transactions / Insights Last 24h; totalprice pode diferir do cartao Total Spend),2026-07-27T10:08:43Z
Bernardo,notify-actions-attempts,0,0,0.000000,StartDate=2026-07-26 EndDate=2026-07-27 UTC (cover_days; soma dias GMT tocados pela janela ~24h — alinhamento tipico a SMS Transactions / Insights Last 24h; totalprice pode diferir do cartao Total Spend),2026-07-27T10:08:43Z
Bernardo,notify-channels,0,0,0.000000,StartDate=2026-07-26 EndDate=2026-07-27 UTC (cover_days; soma dias GMT tocados pela janela ~24h — alinhamento tipico a SMS Transactions / Insights Last 24h; totalprice pode diferir do cartao Total Spend),2026-07-27T10:08:43Z
Bernardo,number-format-lookups,0,0,0.000000,StartDate=2026-07-26 EndDate=2026-07-27 UTC (cover_days; soma dias GMT tocados pela janela ~24h — alinhamento tipico a SMS Transactions / Insights Last 24h; totalprice pode diferir do cartao Total Spend),2026-07-27T10:08:43Z
Bernardo,pchat,0,0,0.000000,StartDate=2026-07-26 EndDate=2026-07-27 UTC (cover_days; soma dias GMT tocados pela janela ~24h — alinhamento tipico a SMS Transactions / Insights Last 24h; totalprice pode diferir do cartao Total Spend),2026-07-27T10:08:43Z
Bernardo,pchat-actions,0,0,0.000000,StartDate=2026-07-26 EndDate=2026-07-27 UTC (cover_days; soma dias GMT tocados pela janela ~24h — alinhamento tipico a SMS Transactions / Insights Last 24h; totalprice pode diferir do cartao Total Spend),2026-07-27T10:08:43Z
Bernardo,pchat-aps,0,0,0.000000,StartDate=2026-07-26 EndDate=2026-07-27 UTC (cover_days; soma dias GMT tocados pela janela ~24h — alinhamento tipico a SMS Transactions / Insights Last 24h; totalprice pode diferir do cartao Total Spend),2026-07-27T10:08:43Z
Bernardo,pchat-conv-med-storage,0,0,0.000000,StartDate=2026-07-26 EndDate=2026-07-27 UTC (cover_days; soma dias GMT tocados pela janela ~24h — alinhamento tipico a SMS Transactions / Insights Last 24h; totalprice pode diferir do cartao Total Spend),2026-07-27T10:08:43Z
Bernardo,pchat-messages,0,0,0.000000,StartDate=2026-07-26 EndDate=2026-07-27 UTC (cover_days; soma dias GMT tocados pela janela ~24h — alinhamento tipico a SMS Transactions / Insights Last 24h; totalprice pode diferir do cartao Total Spend),2026-07-27T10:08:43Z
Bernardo,pchat-notifications,0,0,0.000000,StartDate=2026-07-26 EndDate=2026-07-27 UTC (cover_days; soma dias GMT tocados pela janela ~24h — alinhamento tipico a SMS Transactions / Insights Last 24h; totalprice pode diferir do cartao Total Spend),2026-07-27T10:08:43Z
Bernardo,pchat-reads,0,0,0.000000,StartDate=2026-07-26 EndDate=2026-07-27 UTC (cover_days; soma dias GMT tocados pela janela ~24h — alinhamento tipico a SMS Transactions / Insights Last 24h; totalprice pode diferir do cartao Total Spend),2026-07-27T10:08:43Z
Bernardo,pchat-users,0,0,0.000000,StartDate=2026-07-26 EndDate=2026-07-27 UTC (cover_days; soma dias GMT tocados pela janela ~24h — alinhamento tipico a SMS Transactions / Insights Last 24h; totalprice pode diferir do cartao Total Spend),2026-07-27T10:08:43Z
Bernardo,peer-to-peer-rooms-participant-minutes,0,0,0.000000,StartDate=2026-07-26 EndDate=2026-07-27 UTC (cover_days; soma dias GMT tocados pela janela ~24h — alinhamento tipico a SMS Transactions / Insights Last 24h; totalprice pode diferir do cartao Total Spend),2026-07-27T10:08:43Z
Bernardo,pfax,0,0,0.000000,StartDate=2026-07-26 EndDate=2026-07-27 UTC (cover_days; soma dias GMT tocados pela janela ~24h — alinhamento tipico a SMS Transactions / Insights Last 24h; totalprice pode diferir do cartao Total Spend),2026-07-27T10:08:43Z
Bernardo,pfax-minutes,0,0,0.000000,StartDate=2026-07-26 EndDate=2026-07-27 UTC (cover_days; soma dias GMT tocados pela janela ~24h — alinhamento tipico a SMS Transactions / Insights Last 24h; totalprice pode diferir do cartao Total Spend),2026-07-27T10:08:43Z
Bernardo,pfax-minutes-inbound,0,0,0.000000,StartDate=2026-07-26 EndDate=2026-07-27 UTC (cover_days; soma dias GMT tocados pela janela ~24h — alinhamento tipico a SMS Transactions / Insights Last 24h; totalprice pode diferir do cartao Total Spend),2026-07-27T10:08:43Z
Bernardo,pfax-minutes-outbound,0,0,0.000000,StartDate=2026-07-26 EndDate=2026-07-27 UTC (cover_days; soma dias GMT tocados pela janela ~24h — alinhamento tipico a SMS Transactions / Insights Last 24h; totalprice pode diferir do cartao Total Spend),2026-07-27T10:08:43Z
Bernardo,pfax-pages,0,0,0.000000,StartDate=2026-07-26 EndDate=2026-07-27 UTC (cover_days; soma dias GMT tocados pela janela ~24h — alinhamento tipico a SMS Transactions / Insights Last 24h; totalprice pode diferir do cartao Total Spend),2026-07-27T10:08:43Z
Bernardo,phone-quality-score-lookups,0,0,0.000000,StartDate=2026-07-26 EndDate=2026-07-27 UTC (cover_days; soma dias GMT tocados pela janela ~24h — alinhamento tipico a SMS Transactions / Insights Last 24h; totalprice pode diferir do cartao Total Spend),2026-07-27T10:08:43Z
Bernardo,phonenumbers-cps,0,0,0.000000,StartDate=2026-07-26 EndDate=2026-07-27 UTC (cover_days; soma dias GMT tocados pela janela ~24h — alinhamento tipico a SMS Transactions / Insights Last 24h; totalprice pode diferir do cartao Total Spend),2026-07-27T10:08:43Z
Bernardo,phonenumbers-emergency,0,0,0.000000,StartDate=2026-07-26 EndDate=2026-07-27 UTC (cover_days; soma dias GMT tocados pela janela ~24h — alinhamento tipico a SMS Transactions / Insights Last 24h; totalprice pode diferir do cartao Total Spend),2026-07-27T10:08:43Z
Bernardo,phonenumbers-local,0,0,0.000000,StartDate=2026-07-26 EndDate=2026-07-27 UTC (cover_days; soma dias GMT tocados pela janela ~24h — alinhamento tipico a SMS Transactions / Insights Last 24h; totalprice pode diferir do cartao Total Spend),2026-07-27T10:08:43Z
Bernardo,phonenumbers-mobile,0,0,0.000000,StartDate=2026-07-26 EndDate=2026-07-27 UTC (cover_days; soma dias GMT tocados pela janela ~24h — alinhamento tipico a SMS Transactions / Insights Last 24h; totalprice pode diferir do cartao Total Spend),2026-07-27T10:08:43Z
Bernardo,phonenumbers-porting,0,0,0.000000,StartDate=2026-07-26 EndDate=2026-07-27 UTC (cover_days; soma dias GMT tocados pela janela ~24h — alinhamento tipico a SMS Transactions / Insights Last 24h; totalprice pode diferir do cartao Total Spend),2026-07-27T10:08:43Z
Bernardo,phonenumbers-setups,0,0,0.000000,StartDate=2026-07-26 EndDate=2026-07-27 UTC (cover_days; soma dias GMT tocados pela janela ~24h — alinhamento tipico a SMS Transactions / Insights Last 24h; totalprice pode diferir do cartao Total Spend),2026-07-27T10:08:43Z
Bernardo,premiumsupport,0,0,0.000000,StartDate=2026-07-26 EndDate=2026-07-27 UTC (cover_days; soma dias GMT tocados pela janela ~24h — alinhamento tipico a SMS Transactions / Insights Last 24h; totalprice pode diferir do cartao Total Spend),2026-07-27T10:08:43Z
Bernardo,premiumsupport-percentage-spend,0,0,0.000000,StartDate=2026-07-26 EndDate=2026-07-27 UTC (cover_days; soma dias GMT tocados pela janela ~24h — alinhamento tipico a SMS Transactions / Insights Last 24h; totalprice pode diferir do cartao Total Spend),2026-07-27T10:08:43Z
Bernardo,profiles,0,0,0.000000,StartDate=2026-07-26 EndDate=2026-07-27 UTC (cover_days; soma dias GMT tocados pela janela ~24h — alinhamento tipico a SMS Transactions / Insights Last 24h; totalprice pode diferir do cartao Total Spend),2026-07-27T10:08:43Z
Bernardo,profiles-customer-profile-operations,0,0,0.000000,StartDate=2026-07-26 EndDate=2026-07-27 UTC (cover_days; soma dias GMT tocados pela janela ~24h — alinhamento tipico a SMS Transactions / Insights Last 24h; totalprice pode diferir do cartao Total Spend),2026-07-27T10:08:43Z
Bernardo,profiles-daily-utilized-profiles,0,0,0.000000,StartDate=2026-07-26 EndDate=2026-07-27 UTC (cover_days; soma dias GMT tocados pela janela ~24h — alinhamento tipico a SMS Transactions / Insights Last 24h; totalprice pode diferir do cartao Total Spend),2026-07-27T10:08:43Z
Bernardo,programmable-microsoft-operator-connect,0,0,0.000000,StartDate=2026-07-26 EndDate=2026-07-27 UTC (cover_days; soma dias GMT tocados pela janela ~24h — alinhamento tipico a SMS Transactions / Insights Last 24h; totalprice pode diferir do cartao Total Spend),2026-07-27T10:08:43Z
Bernardo,programmable-microsoft-operator-connect-inbound,0,0,0.000000,StartDate=2026-07-26 EndDate=2026-07-27 UTC (cover_days; soma dias GMT tocados pela janela ~24h — alinhamento tipico a SMS Transactions / Insights Last 24h; totalprice pode diferir do cartao Total Spend),2026-07-27T10:08:43Z
Bernardo,programmable-microsoft-operator-connect-outbound,0,0,0.000000,StartDate=2026-07-26 EndDate=2026-07-27 UTC (cover_days; soma dias GMT tocados pela janela ~24h — alinhamento tipico a SMS Transactions / Insights Last 24h; totalprice pode diferir do cartao Total Spend),2026-07-27T10:08:43Z
Bernardo,programmablevoice-platform,0,0,0.000000,StartDate=2026-07-26 EndDate=2026-07-27 UTC (cover_days; soma dias GMT tocados pela janela ~24h — alinhamento tipico a SMS Transactions / Insights Last 24h; totalprice pode diferir do cartao Total Spend),2026-07-27T10:08:43Z
Bernardo,programmablevoiceconn-clientsdk,0,0,0.000000,StartDate=2026-07-26 EndDate=2026-07-27 UTC (cover_days; soma dias GMT tocados pela janela ~24h — alinhamento tipico a SMS Transactions / Insights Last 24h; totalprice pode diferir do cartao Total Spend),2026-07-27T10:08:43Z
Bernardo,programmablevoiceconn-clientsdk-inbound,0,0,0.000000,StartDate=2026-07-26 EndDate=2026-07-27 UTC (cover_days; soma dias GMT tocados pela janela ~24h — alinhamento tipico a SMS Transactions / Insights Last 24h; totalprice pode diferir do cartao Total Spend),2026-07-27T10:08:43Z
Bernardo,programmablevoiceconn-clientsdk-outbound,0,0,0.000000,StartDate=2026-07-26 EndDate=2026-07-27 UTC (cover_days; soma dias GMT tocados pela janela ~24h — alinhamento tipico a SMS Transactions / Insights Last 24h; totalprice pode diferir do cartao Total Spend),2026-07-27T10:08:43Z
Bernardo,programmablevoiceconn-onnet,0,0,0.000000,StartDate=2026-07-26 EndDate=2026-07-27 UTC (cover_days; soma dias GMT tocados pela janela ~24h — alinhamento tipico a SMS Transactions / Insights Last 24h; totalprice pode diferir do cartao Total Spend),2026-07-27T10:08:43Z
Bernardo,programmablevoiceconn-onnet-inbound,0,0,0.000000,StartDate=2026-07-26 EndDate=2026-07-27 UTC (cover_days; soma dias GMT tocados pela janela ~24h — alinhamento tipico a SMS Transactions / Insights Last 24h; totalprice pode diferir do cartao Total Spend),2026-07-27T10:08:43Z
Bernardo,programmablevoiceconn-onnet-outbound,0,0,0.000000,StartDate=2026-07-26 EndDate=2026-07-27 UTC (cover_days; soma dias GMT tocados pela janela ~24h — alinhamento tipico a SMS Transactions / Insights Last 24h; totalprice pode diferir do cartao Total Spend),2026-07-27T10:08:43Z
Bernardo,programmablevoiceconn-sip,0,0,0.000000,StartDate=2026-07-26 EndDate=2026-07-27 UTC (cover_days; soma dias GMT tocados pela janela ~24h — alinhamento tipico a SMS Transactions / Insights Last 24h; totalprice pode diferir do cartao Total Spend),2026-07-27T10:08:43Z
Bernardo,programmablevoiceconn-sip-inbound,0,0,0.000000,StartDate=2026-07-26 EndDate=2026-07-27 UTC (cover_days; soma dias GMT tocados pela janela ~24h — alinhamento tipico a SMS Transactions / Insights Last 24h; totalprice pode diferir do cartao Total Spend),2026-07-27T10:08:43Z
Bernardo,programmablevoiceconn-sip-outbound,0,0,0.000000,StartDate=2026-07-26 EndDate=2026-07-27 UTC (cover_days; soma dias GMT tocados pela janela ~24h — alinhamento tipico a SMS Transactions / Insights Last 24h; totalprice pode diferir do cartao Total Spend),2026-07-27T10:08:43Z
Bernardo,programmablevoiceconnectivity,0,0,0.000000,StartDate=2026-07-26 EndDate=2026-07-27 UTC (cover_days; soma dias GMT tocados pela janela ~24h — alinhamento tipico a SMS Transactions / Insights Last 24h; totalprice pode diferir do cartao Total Spend),2026-07-27T10:08:43Z
Bernardo,programmablevoiceconnectivity-byoc,0,0,0.000000,StartDate=2026-07-26 EndDate=2026-07-27 UTC (cover_days; soma dias GMT tocados pela janela ~24h — alinhamento tipico a SMS Transactions / Insights Last 24h; totalprice pode diferir do cartao Total Spend),2026-07-27T10:08:43Z
Bernardo,proxy,0,0,0.000000,StartDate=2026-07-26 EndDate=2026-07-27 UTC (cover_days; soma dias GMT tocados pela janela ~24h — alinhamento tipico a SMS Transactions / Insights Last 24h; totalprice pode diferir do cartao Total Spend),2026-07-27T10:08:43Z
Bernardo,proxy-active-sessions,0,0,0.000000,StartDate=2026-07-26 EndDate=2026-07-27 UTC (cover_days; soma dias GMT tocados pela janela ~24h — alinhamento tipico a SMS Transactions / Insights Last 24h; totalprice pode diferir do cartao Total Spend),2026-07-27T10:08:43Z
Bernardo,proxy-bucket-adjustment,0,0,0.000000,StartDate=2026-07-26 EndDate=2026-07-27 UTC (cover_days; soma dias GMT tocados pela janela ~24h — alinhamento tipico a SMS Transactions / Insights Last 24h; totalprice pode diferir do cartao Total Spend),2026-07-27T10:08:43Z
Bernardo,proxy-licenses,0,0,0.000000,StartDate=2026-07-26 EndDate=2026-07-27 UTC (cover_days; soma dias GMT tocados pela janela ~24h — alinhamento tipico a SMS Transactions / Insights Last 24h; totalprice pode diferir do cartao Total Spend),2026-07-27T10:08:43Z
Bernardo,pstnconnectivity,0,0,0.000000,StartDate=2026-07-26 EndDate=2026-07-27 UTC (cover_days; soma dias GMT tocados pela janela ~24h — alinhamento tipico a SMS Transactions / Insights Last 24h; totalprice pode diferir do cartao Total Spend),2026-07-27T10:08:43Z
Bernardo,pstnconnectivity-inbound,0,0,0.000000,StartDate=2026-07-26 EndDate=2026-07-27 UTC (cover_days; soma dias GMT tocados pela janela ~24h — alinhamento tipico a SMS Transactions / Insights Last 24h; totalprice pode diferir do cartao Total Spend),2026-07-27T10:08:43Z
Bernardo,pstnconnectivity-outbound,0,0,0.000000,StartDate=2026-07-26 EndDate=2026-07-27 UTC (cover_days; soma dias GMT tocados pela janela ~24h — alinhamento tipico a SMS Transactions / Insights Last 24h; totalprice pode diferir do cartao Total Spend),2026-07-27T10:08:43Z
Bernardo,pv,0,0,0.000000,StartDate=2026-07-26 EndDate=2026-07-27 UTC (cover_days; soma dias GMT tocados pela janela ~24h — alinhamento tipico a SMS Transactions / Insights Last 24h; totalprice pode diferir do cartao Total Spend),2026-07-27T10:08:43Z
Bernardo,pv-basic-rooms,0,0,0.000000,StartDate=2026-07-26 EndDate=2026-07-27 UTC (cover_days; soma dias GMT tocados pela janela ~24h — alinhamento tipico a SMS Transactions / Insights Last 24h; totalprice pode diferir do cartao Total Spend),2026-07-27T10:08:43Z
Bernardo,pv-composition-media-downloaded,0,0,0.000000,StartDate=2026-07-26 EndDate=2026-07-27 UTC (cover_days; soma dias GMT tocados pela janela ~24h — alinhamento tipico a SMS Transactions / Insights Last 24h; totalprice pode diferir do cartao Total Spend),2026-07-27T10:08:43Z
Bernardo,pv-composition-media-encrypted,0,0,0.000000,StartDate=2026-07-26 EndDate=2026-07-27 UTC (cover_days; soma dias GMT tocados pela janela ~24h — alinhamento tipico a SMS Transactions / Insights Last 24h; totalprice pode diferir do cartao Total Spend),2026-07-27T10:08:43Z
Bernardo,pv-composition-media-stored,0,0,0.000000,StartDate=2026-07-26 EndDate=2026-07-27 UTC (cover_days; soma dias GMT tocados pela janela ~24h — alinhamento tipico a SMS Transactions / Insights Last 24h; totalprice pode diferir do cartao Total Spend),2026-07-27T10:08:43Z
Bernardo,pv-composition-minutes,0,0,0.000000,StartDate=2026-07-26 EndDate=2026-07-27 UTC (cover_days; soma dias GMT tocados pela janela ~24h — alinhamento tipico a SMS Transactions / Insights Last 24h; totalprice pode diferir do cartao Total Spend),2026-07-27T10:08:43Z
Bernardo,pv-recording-compositions,0,0,0.000000,StartDate=2026-07-26 EndDate=2026-07-27 UTC (cover_days; soma dias GMT tocados pela janela ~24h — alinhamento tipico a SMS Transactions / Insights Last 24h; totalprice pode diferir do cartao Total Spend),2026-07-27T10:08:43Z
Bernardo,pv-room-participants,0,0,0.000000,StartDate=2026-07-26 EndDate=2026-07-27 UTC (cover_days; soma dias GMT tocados pela janela ~24h — alinhamento tipico a SMS Transactions / Insights Last 24h; totalprice pode diferir do cartao Total Spend),2026-07-27T10:08:43Z
Bernardo,pv-room-participants-au1,0,0,0.000000,StartDate=2026-07-26 EndDate=2026-07-27 UTC (cover_days; soma dias GMT tocados pela janela ~24h — alinhamento tipico a SMS Transactions / Insights Last 24h; totalprice pode diferir do cartao Total Spend),2026-07-27T10:08:43Z
Bernardo,pv-room-participants-br1,0,0,0.000000,StartDate=2026-07-26 EndDate=2026-07-27 UTC (cover_days; soma dias GMT tocados pela janela ~24h — alinhamento tipico a SMS Transactions / Insights Last 24h; totalprice pode diferir do cartao Total Spend),2026-07-27T10:08:43Z
Bernardo,pv-room-participants-ie1,0,0,0.000000,StartDate=2026-07-26 EndDate=2026-07-27 UTC (cover_days; soma dias GMT tocados pela janela ~24h — alinhamento tipico a SMS Transactions / Insights Last 24h; totalprice pode diferir do cartao Total Spend),2026-07-27T10:08:43Z
Bernardo,pv-room-participants-jp1,0,0,0.000000,StartDate=2026-07-26 EndDate=2026-07-27 UTC (cover_days; soma dias GMT tocados pela janela ~24h — alinhamento tipico a SMS Transactions / Insights Last 24h; totalprice pode diferir do cartao Total Spend),2026-07-27T10:08:43Z
Bernardo,pv-room-participants-sg1,0,0,0.000000,StartDate=2026-07-26 EndDate=2026-07-27 UTC (cover_days; soma dias GMT tocados pela janela ~24h — alinhamento tipico a SMS Transactions / Insights Last 24h; totalprice pode diferir do cartao Total Spend),2026-07-27T10:08:43Z
Bernardo,pv-room-participants-us1,0,0,0.000000,StartDate=2026-07-26 EndDate=2026-07-27 UTC (cover_days; soma dias GMT tocados pela janela ~24h — alinhamento tipico a SMS Transactions / Insights Last 24h; totalprice pode diferir do cartao Total Spend),2026-07-27T10:08:43Z
Bernardo,pv-room-participants-us2,0,0,0.000000,StartDate=2026-07-26 EndDate=2026-07-27 UTC (cover_days; soma dias GMT tocados pela janela ~24h — alinhamento tipico a SMS Transactions / Insights Last 24h; totalprice pode diferir do cartao Total Spend),2026-07-27T10:08:43Z
Bernardo,pv-rooms,0,0,0.000000,StartDate=2026-07-26 EndDate=2026-07-27 UTC (cover_days; soma dias GMT tocados pela janela ~24h — alinhamento tipico a SMS Transactions / Insights Last 24h; totalprice pode diferir do cartao Total Spend),2026-07-27T10:08:43Z
Bernardo,pv-sip-endpoint-registrations,0,0,0.000000,StartDate=2026-07-26 EndDate=2026-07-27 UTC (cover_days; soma dias GMT tocados pela janela ~24h — alinhamento tipico a SMS Transactions / Insights Last 24h; totalprice pode diferir do cartao Total Spend),2026-07-27T10:08:43Z
Bernardo,rcs-messages,0,0,0.000000,StartDate=2026-07-26 EndDate=2026-07-27 UTC (cover_days; soma dias GMT tocados pela janela ~24h — alinhamento tipico a SMS Transactions / Insights Last 24h; totalprice pode diferir do cartao Total Spend),2026-07-27T10:08:43Z
Bernardo,reassigned-number,0,0,0.000000,StartDate=2026-07-26 EndDate=2026-07-27 UTC (cover_days; soma dias GMT tocados pela janela ~24h — alinhamento tipico a SMS Transactions / Insights Last 24h; totalprice pode diferir do cartao Total Spend),2026-07-27T10:08:43Z
Bernardo,recordings,0,0,0.000000,StartDate=2026-07-26 EndDate=2026-07-27 UTC (cover_days; soma dias GMT tocados pela janela ~24h — alinhamento tipico a SMS Transactions / Insights Last 24h; totalprice pode diferir do cartao Total Spend),2026-07-27T10:08:43Z
Bernardo,recordingstorage,0,0,0.000000,StartDate=2026-07-26 EndDate=2026-07-27 UTC (cover_days; soma dias GMT tocados pela janela ~24h — alinhamento tipico a SMS Transactions / Insights Last 24h; totalprice pode diferir do cartao Total Spend),2026-07-27T10:08:43Z
Bernardo,shortcodes,0,0,0.000000,StartDate=2026-07-26 EndDate=2026-07-27 UTC (cover_days; soma dias GMT tocados pela janela ~24h — alinhamento tipico a SMS Transactions / Insights Last 24h; totalprice pode diferir do cartao Total Spend),2026-07-27T10:08:43Z
Bernardo,shortcodes-customerowned,0,0,0.000000,StartDate=2026-07-26 EndDate=2026-07-27 UTC (cover_days; soma dias GMT tocados pela janela ~24h — alinhamento tipico a SMS Transactions / Insights Last 24h; totalprice pode diferir do cartao Total Spend),2026-07-27T10:08:43Z
Bernardo,shortcodes-mms-enablement,0,0,0.000000,StartDate=2026-07-26 EndDate=2026-07-27 UTC (cover_days; soma dias GMT tocados pela janela ~24h — alinhamento tipico a SMS Transactions / Insights Last 24h; totalprice pode diferir do cartao Total Spend),2026-07-27T10:08:43Z
Bernardo,shortcodes-mps,0,0,0.000000,StartDate=2026-07-26 EndDate=2026-07-27 UTC (cover_days; soma dias GMT tocados pela janela ~24h — alinhamento tipico a SMS Transactions / Insights Last 24h; totalprice pode diferir do cartao Total Spend),2026-07-27T10:08:43Z
Bernardo,shortcodes-random,0,0,0.000000,StartDate=2026-07-26 EndDate=2026-07-27 UTC (cover_days; soma dias GMT tocados pela janela ~24h — alinhamento tipico a SMS Transactions / Insights Last 24h; totalprice pode diferir do cartao Total Spend),2026-07-27T10:08:43Z
Bernardo,shortcodes-setup-fees,0,0,0.000000,StartDate=2026-07-26 EndDate=2026-07-27 UTC (cover_days; soma dias GMT tocados pela janela ~24h — alinhamento tipico a SMS Transactions / Insights Last 24h; totalprice pode diferir do cartao Total Spend),2026-07-27T10:08:43Z
Bernardo,shortcodes-uk,0,0,0.000000,StartDate=2026-07-26 EndDate=2026-07-27 UTC (cover_days; soma dias GMT tocados pela janela ~24h — alinhamento tipico a SMS Transactions / Insights Last 24h; totalprice pode diferir do cartao Total Spend),2026-07-27T10:08:43Z
Bernardo,shortcodes-vanity,0,0,0.000000,StartDate=2026-07-26 EndDate=2026-07-27 UTC (cover_days; soma dias GMT tocados pela janela ~24h — alinhamento tipico a SMS Transactions / Insights Last 24h; totalprice pode diferir do cartao Total Spend),2026-07-27T10:08:43Z
Bernardo,sim-swap-lookups,0,0,0.000000,StartDate=2026-07-26 EndDate=2026-07-27 UTC (cover_days; soma dias GMT tocados pela janela ~24h — alinhamento tipico a SMS Transactions / Insights Last 24h; totalprice pode diferir do cartao Total Spend),2026-07-27T10:08:43Z
Bernardo,sip-secure-media,0,0,0.000000,StartDate=2026-07-26 EndDate=2026-07-27 UTC (cover_days; soma dias GMT tocados pela janela ~24h — alinhamento tipico a SMS Transactions / Insights Last 24h; totalprice pode diferir do cartao Total Spend),2026-07-27T10:08:43Z
Bernardo,small-group-rooms,0,0,0.000000,StartDate=2026-07-26 EndDate=2026-07-27 UTC (cover_days; soma dias GMT tocados pela janela ~24h — alinhamento tipico a SMS Transactions / Insights Last 24h; totalprice pode diferir do cartao Total Spend),2026-07-27T10:08:43Z
Bernardo,small-group-rooms-data-track,0,0,0.000000,StartDate=2026-07-26 EndDate=2026-07-27 UTC (cover_days; soma dias GMT tocados pela janela ~24h — alinhamento tipico a SMS Transactions / Insights Last 24h; totalprice pode diferir do cartao Total Spend),2026-07-27T10:08:43Z
Bernardo,small-group-rooms-participant-minutes,0,0,0.000000,StartDate=2026-07-26 EndDate=2026-07-27 UTC (cover_days; soma dias GMT tocados pela janela ~24h — alinhamento tipico a SMS Transactions / Insights Last 24h; totalprice pode diferir do cartao Total Spend),2026-07-27T10:08:43Z
Bernardo,sms-inbound-shortcode,0,0,0.000000,StartDate=2026-07-26 EndDate=2026-07-27 UTC (cover_days; soma dias GMT tocados pela janela ~24h — alinhamento tipico a SMS Transactions / Insights Last 24h; totalprice pode diferir do cartao Total Spend),2026-07-27T10:08:43Z
Bernardo,sms-messages-features,0,0,0.000000,StartDate=2026-07-26 EndDate=2026-07-27 UTC (cover_days; soma dias GMT tocados pela janela ~24h — alinhamento tipico a SMS Transactions / Insights Last 24h; totalprice pode diferir do cartao Total Spend),2026-07-27T10:08:43Z
Bernardo,sms-messages-features-engagement-suite,0,0,0.000000,StartDate=2026-07-26 EndDate=2026-07-27 UTC (cover_days; soma dias GMT tocados pela janela ~24h — alinhamento tipico a SMS Transactions / Insights Last 24h; totalprice pode diferir do cartao Total Spend),2026-07-27T10:08:43Z
Bernardo,sms-messages-features-message-redaction,0,0,0.000000,StartDate=2026-07-26 EndDate=2026-07-27 UTC (cover_days; soma dias GMT tocados pela janela ~24h — alinhamento tipico a SMS Transactions / Insights Last 24h; totalprice pode diferir do cartao Total Spend),2026-07-27T10:08:43Z
Bernardo,sms-messages-features-senderid,0,0,0.000000,StartDate=2026-07-26 EndDate=2026-07-27 UTC (cover_days; soma dias GMT tocados pela janela ~24h — alinhamento tipico a SMS Transactions / Insights Last 24h; totalprice pode diferir do cartao Total Spend),2026-07-27T10:08:43Z
Bernardo,sms-mps,0,0,0.000000,StartDate=2026-07-26 EndDate=2026-07-27 UTC (cover_days; soma dias GMT tocados pela janela ~24h — alinhamento tipico a SMS Transactions / Insights Last 24h; totalprice pode diferir do cartao Total Spend),2026-07-27T10:08:43Z
Bernardo,sms-mps-shortcode,0,0,0.000000,StartDate=2026-07-26 EndDate=2026-07-27 UTC (cover_days; soma dias GMT tocados pela janela ~24h — alinhamento tipico a SMS Transactions / Insights Last 24h; totalprice pode diferir do cartao Total Spend),2026-07-27T10:08:43Z
Bernardo,sms-mps-tollfree,0,0,0.000000,StartDate=2026-07-26 EndDate=2026-07-27 UTC (cover_days; soma dias GMT tocados pela janela ~24h — alinhamento tipico a SMS Transactions / Insights Last 24h; totalprice pode diferir do cartao Total Spend),2026-07-27T10:08:43Z
Bernardo,sms-mps-tollfree-setup,0,0,0.000000,StartDate=2026-07-26 EndDate=2026-07-27 UTC (cover_days; soma dias GMT tocados pela janela ~24h — alinhamento tipico a SMS Transactions / Insights Last 24h; totalprice pode diferir do cartao Total Spend),2026-07-27T10:08:43Z
Bernardo,sms-national-regulatory-protection,0,0,0.000000,StartDate=2026-07-26 EndDate=2026-07-27 UTC (cover_days; soma dias GMT tocados pela janela ~24h — alinhamento tipico a SMS Transactions / Insights Last 24h; totalprice pode diferir do cartao Total Spend),2026-07-27T10:08:43Z
Bernardo,sms-outbound-content-inspection,0,0,0.000000,StartDate=2026-07-26 EndDate=2026-07-27 UTC (cover_days; soma dias GMT tocados pela janela ~24h — alinhamento tipico a SMS Transactions / Insights Last 24h; totalprice pode diferir do cartao Total Spend),2026-07-27T10:08:43Z
Bernardo,sms-outbound-shortcode,0,0,0.000000,StartDate=2026-07-26 EndDate=2026-07-27 UTC (cover_days; soma dias GMT tocados pela janela ~24h — alinhamento tipico a SMS Transactions / Insights Last 24h; totalprice pode diferir do cartao Total Spend),2026-07-27T10:08:43Z
Bernardo,sms-pumping-protection,0,0,0.000000,StartDate=2026-07-26 EndDate=2026-07-27 UTC (cover_days; soma dias GMT tocados pela janela ~24h — alinhamento tipico a SMS Transactions / Insights Last 24h; totalprice pode diferir do cartao Total Spend),2026-07-27T10:08:43Z
Bernardo,sms-pumping-risk,0,0,0.000000,StartDate=2026-07-26 EndDate=2026-07-27 UTC (cover_days; soma dias GMT tocados pela janela ~24h — alinhamento tipico a SMS Transactions / Insights Last 24h; totalprice pode diferir do cartao Total Spend),2026-07-27T10:08:43Z
Bernardo,smsmessages-bucket-adjustments,0,0,0.000000,StartDate=2026-07-26 EndDate=2026-07-27 UTC (cover_days; soma dias GMT tocados pela janela ~24h — alinhamento tipico a SMS Transactions / Insights Last 24h; totalprice pode diferir do cartao Total Spend),2026-07-27T10:08:43Z
Bernardo,smsmessages-outbound-domestic,0,0,0.000000,StartDate=2026-07-26 EndDate=2026-07-27 UTC (cover_days; soma dias GMT tocados pela janela ~24h — alinhamento tipico a SMS Transactions / Insights Last 24h; totalprice pode diferir do cartao Total Spend),2026-07-27T10:08:43Z
Bernardo,speech-recognition,0,0,0.000000,StartDate=2026-07-26 EndDate=2026-07-27 UTC (cover_days; soma dias GMT tocados pela janela ~24h — alinhamento tipico a SMS Transactions / Insights Last 24h; totalprice pode diferir do cartao Total Spend),2026-07-27T10:08:43Z
Bernardo,studio-engagements,0,0,0.000000,StartDate=2026-07-26 EndDate=2026-07-27 UTC (cover_days; soma dias GMT tocados pela janela ~24h — alinhamento tipico a SMS Transactions / Insights Last 24h; totalprice pode diferir do cartao Total Spend),2026-07-27T10:08:43Z
Bernardo,sync,0,0,0.000000,StartDate=2026-07-26 EndDate=2026-07-27 UTC (cover_days; soma dias GMT tocados pela janela ~24h — alinhamento tipico a SMS Transactions / Insights Last 24h; totalprice pode diferir do cartao Total Spend),2026-07-27T10:08:43Z
Bernardo,sync-actions,0,0,0.000000,StartDate=2026-07-26 EndDate=2026-07-27 UTC (cover_days; soma dias GMT tocados pela janela ~24h — alinhamento tipico a SMS Transactions / Insights Last 24h; totalprice pode diferir do cartao Total Spend),2026-07-27T10:08:43Z
Bernardo,sync-endpoint-hours,0,0,0.000000,StartDate=2026-07-26 EndDate=2026-07-27 UTC (cover_days; soma dias GMT tocados pela janela ~24h — alinhamento tipico a SMS Transactions / Insights Last 24h; totalprice pode diferir do cartao Total Spend),2026-07-27T10:08:43Z
Bernardo,sync-endpoint-hours-above-daily-cap,0,0,0.000000,StartDate=2026-07-26 EndDate=2026-07-27 UTC (cover_days; soma dias GMT tocados pela janela ~24h — alinhamento tipico a SMS Transactions / Insights Last 24h; totalprice pode diferir do cartao Total Spend),2026-07-27T10:08:43Z
Bernardo,taskrouter-tasks,0,0,0.000000,StartDate=2026-07-26 EndDate=2026-07-27 UTC (cover_days; soma dias GMT tocados pela janela ~24h — alinhamento tipico a SMS Transactions / Insights Last 24h; totalprice pode diferir do cartao Total Spend),2026-07-27T10:08:43Z
Bernardo,transcriptions,0,0,0.000000,StartDate=2026-07-26 EndDate=2026-07-27 UTC (cover_days; soma dias GMT tocados pela janela ~24h — alinhamento tipico a SMS Transactions / Insights Last 24h; totalprice pode diferir do cartao Total Spend),2026-07-27T10:08:43Z
Bernardo,trunking-cps,0,0,0.000000,StartDate=2026-07-26 EndDate=2026-07-27 UTC (cover_days; soma dias GMT tocados pela janela ~24h — alinhamento tipico a SMS Transactions / Insights Last 24h; totalprice pode diferir do cartao Total Spend),2026-07-27T10:08:43Z
Bernardo,trunking-emergency-calls,0,0,0.000000,StartDate=2026-07-26 EndDate=2026-07-27 UTC (cover_days; soma dias GMT tocados pela janela ~24h — alinhamento tipico a SMS Transactions / Insights Last 24h; totalprice pode diferir do cartao Total Spend),2026-07-27T10:08:43Z
Bernardo,trunking-origination,0,0,0.000000,StartDate=2026-07-26 EndDate=2026-07-27 UTC (cover_days; soma dias GMT tocados pela janela ~24h — alinhamento tipico a SMS Transactions / Insights Last 24h; totalprice pode diferir do cartao Total Spend),2026-07-27T10:08:43Z
Bernardo,trunking-origination-local,0,0,0.000000,StartDate=2026-07-26 EndDate=2026-07-27 UTC (cover_days; soma dias GMT tocados pela janela ~24h — alinhamento tipico a SMS Transactions / Insights Last 24h; totalprice pode diferir do cartao Total Spend),2026-07-27T10:08:43Z
Bernardo,trunking-origination-mobile,0,0,0.000000,StartDate=2026-07-26 EndDate=2026-07-27 UTC (cover_days; soma dias GMT tocados pela janela ~24h — alinhamento tipico a SMS Transactions / Insights Last 24h; totalprice pode diferir do cartao Total Spend),2026-07-27T10:08:43Z
Bernardo,trunking-origination-tollfree,0,0,0.000000,StartDate=2026-07-26 EndDate=2026-07-27 UTC (cover_days; soma dias GMT tocados pela janela ~24h — alinhamento tipico a SMS Transactions / Insights Last 24h; totalprice pode diferir do cartao Total Spend),2026-07-27T10:08:43Z
Bernardo,trunking-recordings,0,0,0.000000,StartDate=2026-07-26 EndDate=2026-07-27 UTC (cover_days; soma dias GMT tocados pela janela ~24h — alinhamento tipico a SMS Transactions / Insights Last 24h; totalprice pode diferir do cartao Total Spend),2026-07-27T10:08:43Z
Bernardo,trunking-secure,0,0,0.000000,StartDate=2026-07-26 EndDate=2026-07-27 UTC (cover_days; soma dias GMT tocados pela janela ~24h — alinhamento tipico a SMS Transactions / Insights Last 24h; totalprice pode diferir do cartao Total Spend),2026-07-27T10:08:43Z
Bernardo,trunking-termination,0,0,0.000000,StartDate=2026-07-26 EndDate=2026-07-27 UTC (cover_days; soma dias GMT tocados pela janela ~24h — alinhamento tipico a SMS Transactions / Insights Last 24h; totalprice pode diferir do cartao Total Spend),2026-07-27T10:08:43Z
Bernardo,tts-google,0,0,0.000000,StartDate=2026-07-26 EndDate=2026-07-27 UTC (cover_days; soma dias GMT tocados pela janela ~24h — alinhamento tipico a SMS Transactions / Insights Last 24h; totalprice pode diferir do cartao Total Spend),2026-07-27T10:08:43Z
Bernardo,turnmegabytes,0,0,0.000000,StartDate=2026-07-26 EndDate=2026-07-27 UTC (cover_days; soma dias GMT tocados pela janela ~24h — alinhamento tipico a SMS Transactions / Insights Last 24h; totalprice pode diferir do cartao Total Spend),2026-07-27T10:08:43Z
Bernardo,turnmegabytes-australia,0,0,0.000000,StartDate=2026-07-26 EndDate=2026-07-27 UTC (cover_days; soma dias GMT tocados pela janela ~24h — alinhamento tipico a SMS Transactions / Insights Last 24h; totalprice pode diferir do cartao Total Spend),2026-07-27T10:08:43Z
Bernardo,turnmegabytes-brasil,0,0,0.000000,StartDate=2026-07-26 EndDate=2026-07-27 UTC (cover_days; soma dias GMT tocados pela janela ~24h — alinhamento tipico a SMS Transactions / Insights Last 24h; totalprice pode diferir do cartao Total Spend),2026-07-27T10:08:43Z
Bernardo,turnmegabytes-germany,0,0,0.000000,StartDate=2026-07-26 EndDate=2026-07-27 UTC (cover_days; soma dias GMT tocados pela janela ~24h — alinhamento tipico a SMS Transactions / Insights Last 24h; totalprice pode diferir do cartao Total Spend),2026-07-27T10:08:43Z
Bernardo,turnmegabytes-india,0,0,0.000000,StartDate=2026-07-26 EndDate=2026-07-27 UTC (cover_days; soma dias GMT tocados pela janela ~24h — alinhamento tipico a SMS Transactions / Insights Last 24h; totalprice pode diferir do cartao Total Spend),2026-07-27T10:08:43Z
Bernardo,turnmegabytes-ireland,0,0,0.000000,StartDate=2026-07-26 EndDate=2026-07-27 UTC (cover_days; soma dias GMT tocados pela janela ~24h — alinhamento tipico a SMS Transactions / Insights Last 24h; totalprice pode diferir do cartao Total Spend),2026-07-27T10:08:43Z
Bernardo,turnmegabytes-japan,0,0,0.000000,StartDate=2026-07-26 EndDate=2026-07-27 UTC (cover_days; soma dias GMT tocados pela janela ~24h — alinhamento tipico a SMS Transactions / Insights Last 24h; totalprice pode diferir do cartao Total Spend),2026-07-27T10:08:43Z
Bernardo,turnmegabytes-singapore,0,0,0.000000,StartDate=2026-07-26 EndDate=2026-07-27 UTC (cover_days; soma dias GMT tocados pela janela ~24h — alinhamento tipico a SMS Transactions / Insights Last 24h; totalprice pode diferir do cartao Total Spend),2026-07-27T10:08:43Z
Bernardo,turnmegabytes-useast,0,0,0.000000,StartDate=2026-07-26 EndDate=2026-07-27 UTC (cover_days; soma dias GMT tocados pela janela ~24h — alinhamento tipico a SMS Transactions / Insights Last 24h; totalprice pode diferir do cartao Total Spend),2026-07-27T10:08:43Z
Bernardo,turnmegabytes-uswest,0,0,0.000000,StartDate=2026-07-26 EndDate=2026-07-27 UTC (cover_days; soma dias GMT tocados pela janela ~24h — alinhamento tipico a SMS Transactions / Insights Last 24h; totalprice pode diferir do cartao Total Spend),2026-07-27T10:08:43Z
Bernardo,twilio-authored-language-operators-input-output,0,0,0.000000,StartDate=2026-07-26 EndDate=2026-07-27 UTC (cover_days; soma dias GMT tocados pela janela ~24h — alinhamento tipico a SMS Transactions / Insights Last 24h; totalprice pode diferir do cartao Total Spend),2026-07-27T10:08:43Z
Bernardo,twilio-for-salesforce,0,0,0.000000,StartDate=2026-07-26 EndDate=2026-07-27 UTC (cover_days; soma dias GMT tocados pela janela ~24h — alinhamento tipico a SMS Transactions / Insights Last 24h; totalprice pode diferir do cartao Total Spend),2026-07-27T10:08:43Z
Bernardo,twilio-for-salesforce-licenses,0,0,0.000000,StartDate=2026-07-26 EndDate=2026-07-27 UTC (cover_days; soma dias GMT tocados pela janela ~24h — alinhamento tipico a SMS Transactions / Insights Last 24h; totalprice pode diferir do cartao Total Spend),2026-07-27T10:08:43Z
Bernardo,twilio-interconnect,0,0,0.000000,StartDate=2026-07-26 EndDate=2026-07-27 UTC (cover_days; soma dias GMT tocados pela janela ~24h — alinhamento tipico a SMS Transactions / Insights Last 24h; totalprice pode diferir do cartao Total Spend),2026-07-27T10:08:43Z
Bernardo,twiml,0,0,0.000000,StartDate=2026-07-26 EndDate=2026-07-27 UTC (cover_days; soma dias GMT tocados pela janela ~24h — alinhamento tipico a SMS Transactions / Insights Last 24h; totalprice pode diferir do cartao Total Spend),2026-07-27T10:08:43Z
Bernardo,usage-flex-video,0,0,0.000000,StartDate=2026-07-26 EndDate=2026-07-27 UTC (cover_days; soma dias GMT tocados pela janela ~24h — alinhamento tipico a SMS Transactions / Insights Last 24h; totalprice pode diferir do cartao Total Spend),2026-07-27T10:08:43Z
Bernardo,usage-functions,0,0,0.000000,StartDate=2026-07-26 EndDate=2026-07-27 UTC (cover_days; soma dias GMT tocados pela janela ~24h — alinhamento tipico a SMS Transactions / Insights Last 24h; totalprice pode diferir do cartao Total Spend),2026-07-27T10:08:43Z
Bernardo,usage-rcs-basic-messages-outbound,0,0,0.000000,StartDate=2026-07-26 EndDate=2026-07-27 UTC (cover_days; soma dias GMT tocados pela janela ~24h — alinhamento tipico a SMS Transactions / Insights Last 24h; totalprice pode diferir do cartao Total Spend),2026-07-27T10:08:43Z
Bernardo,usage-rcs-messages,0,0,0.000000,StartDate=2026-07-26 EndDate=2026-07-27 UTC (cover_days; soma dias GMT tocados pela janela ~24h — alinhamento tipico a SMS Transactions / Insights Last 24h; totalprice pode diferir do cartao Total Spend),2026-07-27T10:08:43Z
Bernardo,usage-rcs-messages-inbound,0,0,0.000000,StartDate=2026-07-26 EndDate=2026-07-27 UTC (cover_days; soma dias GMT tocados pela janela ~24h — alinhamento tipico a SMS Transactions / Insights Last 24h; totalprice pode diferir do cartao Total Spend),2026-07-27T10:08:43Z
Bernardo,usage-rcs-messaging-carrier-fees,0,0,0.000000,StartDate=2026-07-26 EndDate=2026-07-27 UTC (cover_days; soma dias GMT tocados pela janela ~24h — alinhamento tipico a SMS Transactions / Insights Last 24h; totalprice pode diferir do cartao Total Spend),2026-07-27T10:08:43Z
Bernardo,usage-rcs-rich-media-messages-inbound,0,0,0.000000,StartDate=2026-07-26 EndDate=2026-07-27 UTC (cover_days; soma dias GMT tocados pela janela ~24h — alinhamento tipico a SMS Transactions / Insights Last 24h; totalprice pode diferir do cartao Total Spend),2026-07-27T10:08:43Z
Bernardo,usage-rcs-rich-media-messages-outbound,0,0,0.000000,StartDate=2026-07-26 EndDate=2026-07-27 UTC (cover_days; soma dias GMT tocados pela janela ~24h — alinhamento tipico a SMS Transactions / Insights Last 24h; totalprice pode diferir do cartao Total Spend),2026-07-27T10:08:43Z
Bernardo,usage-rcs-rich-messages-inbound,0,0,0.000000,StartDate=2026-07-26 EndDate=2026-07-27 UTC (cover_days; soma dias GMT tocados pela janela ~24h — alinhamento tipico a SMS Transactions / Insights Last 24h; totalprice pode diferir do cartao Total Spend),2026-07-27T10:08:43Z
Bernardo,usage-rcs-rich-messages-outbound,0,0,0.000000,StartDate=2026-07-26 EndDate=2026-07-27 UTC (cover_days; soma dias GMT tocados pela janela ~24h — alinhamento tipico a SMS Transactions / Insights Last 24h; totalprice pode diferir do cartao Total Spend),2026-07-27T10:08:43Z
Bernardo,usage-rcs-single-messages-outbound,0,0,0.000000,StartDate=2026-07-26 EndDate=2026-07-27 UTC (cover_days; soma dias GMT tocados pela janela ~24h — alinhamento tipico a SMS Transactions / Insights Last 24h; totalprice pode diferir do cartao Total Spend),2026-07-27T10:08:43Z
Bernardo,verify-package-plans,0,0,0.000000,StartDate=2026-07-26 EndDate=2026-07-27 UTC (cover_days; soma dias GMT tocados pela janela ~24h — alinhamento tipico a SMS Transactions / Insights Last 24h; totalprice pode diferir do cartao Total Spend),2026-07-27T10:08:43Z
Bernardo,verify-push,0,0,0.000000,StartDate=2026-07-26 EndDate=2026-07-27 UTC (cover_days; soma dias GMT tocados pela janela ~24h — alinhamento tipico a SMS Transactions / Insights Last 24h; totalprice pode diferir do cartao Total Spend),2026-07-27T10:08:43Z
Bernardo,verify-sna,0,0,0.000000,StartDate=2026-07-26 EndDate=2026-07-27 UTC (cover_days; soma dias GMT tocados pela janela ~24h — alinhamento tipico a SMS Transactions / Insights Last 24h; totalprice pode diferir do cartao Total Spend),2026-07-27T10:08:43Z
Bernardo,verify-totp,0,0,0.000000,StartDate=2026-07-26 EndDate=2026-07-27 UTC (cover_days; soma dias GMT tocados pela janela ~24h — alinhamento tipico a SMS Transactions / Insights Last 24h; totalprice pode diferir do cartao Total Spend),2026-07-27T10:08:43Z
Bernardo,verify-voice-sms,0,0,0.000000,StartDate=2026-07-26 EndDate=2026-07-27 UTC (cover_days; soma dias GMT tocados pela janela ~24h — alinhamento tipico a SMS Transactions / Insights Last 24h; totalprice pode diferir do cartao Total Spend),2026-07-27T10:08:43Z
Bernardo,verify-whatsapp-conversations-business-initiated,0,0,0.000000,StartDate=2026-07-26 EndDate=2026-07-27 UTC (cover_days; soma dias GMT tocados pela janela ~24h — alinhamento tipico a SMS Transactions / Insights Last 24h; totalprice pode diferir do cartao Total Spend),2026-07-27T10:08:43Z
Bernardo,verify-whatsapp-template-business-initiated,0,0,0.000000,StartDate=2026-07-26 EndDate=2026-07-27 UTC (cover_days; soma dias GMT tocados pela janela ~24h — alinhamento tipico a SMS Transactions / Insights Last 24h; totalprice pode diferir do cartao Total Spend),2026-07-27T10:08:43Z
Bernardo,video-recordings,0,0,0.000000,StartDate=2026-07-26 EndDate=2026-07-27 UTC (cover_days; soma dias GMT tocados pela janela ~24h — alinhamento tipico a SMS Transactions / Insights Last 24h; totalprice pode diferir do cartao Total Spend),2026-07-27T10:08:43Z
Bernardo,video-rooms-turn-megabytes,0,0,0.000000,StartDate=2026-07-26 EndDate=2026-07-27 UTC (cover_days; soma dias GMT tocados pela janela ~24h — alinhamento tipico a SMS Transactions / Insights Last 24h; totalprice pode diferir do cartao Total Spend),2026-07-27T10:08:43Z
Bernardo,virtual-agent,0,0,0.000000,StartDate=2026-07-26 EndDate=2026-07-27 UTC (cover_days; soma dias GMT tocados pela janela ~24h — alinhamento tipico a SMS Transactions / Insights Last 24h; totalprice pode diferir do cartao Total Spend),2026-07-27T10:08:43Z
Bernardo,voice,0,0,0.000000,StartDate=2026-07-26 EndDate=2026-07-27 UTC (cover_days; soma dias GMT tocados pela janela ~24h — alinhamento tipico a SMS Transactions / Insights Last 24h; totalprice pode diferir do cartao Total Spend),2026-07-27T10:08:43Z
Bernardo,voice-connectivity,0,0,0.000000,StartDate=2026-07-26 EndDate=2026-07-27 UTC (cover_days; soma dias GMT tocados pela janela ~24h — alinhamento tipico a SMS Transactions / Insights Last 24h; totalprice pode diferir do cartao Total Spend),2026-07-27T10:08:43Z
Bernardo,voice-connectivity-features,0,0,0.000000,StartDate=2026-07-26 EndDate=2026-07-27 UTC (cover_days; soma dias GMT tocados pela janela ~24h — alinhamento tipico a SMS Transactions / Insights Last 24h; totalprice pode diferir do cartao Total Spend),2026-07-27T10:08:43Z
Bernardo,voice-insights,0,0,0.000000,StartDate=2026-07-26 EndDate=2026-07-27 UTC (cover_days; soma dias GMT tocados pela janela ~24h — alinhamento tipico a SMS Transactions / Insights Last 24h; totalprice pode diferir do cartao Total Spend),2026-07-27T10:08:43Z
Bernardo,voice-insights-client-insights-on-demand-minute,0,0,0.000000,StartDate=2026-07-26 EndDate=2026-07-27 UTC (cover_days; soma dias GMT tocados pela janela ~24h — alinhamento tipico a SMS Transactions / Insights Last 24h; totalprice pode diferir do cartao Total Spend),2026-07-27T10:08:43Z
Bernardo,voice-insights-ptsn-insights-on-demand-minute,0,0,0.000000,StartDate=2026-07-26 EndDate=2026-07-27 UTC (cover_days; soma dias GMT tocados pela janela ~24h — alinhamento tipico a SMS Transactions / Insights Last 24h; totalprice pode diferir do cartao Total Spend),2026-07-27T10:08:43Z
Bernardo,voice-insights-sip-interface-insights-on-demand-minute,0,0,0.000000,StartDate=2026-07-26 EndDate=2026-07-27 UTC (cover_days; soma dias GMT tocados pela janela ~24h — alinhamento tipico a SMS Transactions / Insights Last 24h; totalprice pode diferir do cartao Total Spend),2026-07-27T10:08:43Z
Bernardo,voice-insights-sip-trunking-insights-on-demand-minute,0,0,0.000000,StartDate=2026-07-26 EndDate=2026-07-27 UTC (cover_days; soma dias GMT tocados pela janela ~24h — alinhamento tipico a SMS Transactions / Insights Last 24h; totalprice pode diferir do cartao Total Spend),2026-07-27T10:08:43Z
Bernardo,voice-intelligence,0,0,0.000000,StartDate=2026-07-26 EndDate=2026-07-27 UTC (cover_days; soma dias GMT tocados pela janela ~24h — alinhamento tipico a SMS Transactions / Insights Last 24h; totalprice pode diferir do cartao Total Spend),2026-07-27T10:08:43Z
Bernardo,voice-intelligence-eip-operators,0,0,0.000000,StartDate=2026-07-26 EndDate=2026-07-27 UTC (cover_days; soma dias GMT tocados pela janela ~24h — alinhamento tipico a SMS Transactions / Insights Last 24h; totalprice pode diferir do cartao Total Spend),2026-07-27T10:08:43Z
Bernardo,voice-intelligence-operators,0,0,0.000000,StartDate=2026-07-26 EndDate=2026-07-27 UTC (cover_days; soma dias GMT tocados pela janela ~24h — alinhamento tipico a SMS Transactions / Insights Last 24h; totalprice pode diferir do cartao Total Spend),2026-07-27T10:08:43Z
Bernardo,voice-intelligence-transcription,0,0,0.000000,StartDate=2026-07-26 EndDate=2026-07-27 UTC (cover_days; soma dias GMT tocados pela janela ~24h — alinhamento tipico a SMS Transactions / Insights Last 24h; totalprice pode diferir do cartao Total Spend),2026-07-27T10:08:43Z
Bernardo,voice-intelligence-video-transcription,0,0,0.000000,StartDate=2026-07-26 EndDate=2026-07-27 UTC (cover_days; soma dias GMT tocados pela janela ~24h — alinhamento tipico a SMS Transactions / Insights Last 24h; totalprice pode diferir do cartao Total Spend),2026-07-27T10:08:43Z
Bernardo,wds,0,0,0.000000,StartDate=2026-07-26 EndDate=2026-07-27 UTC (cover_days; soma dias GMT tocados pela janela ~24h — alinhamento tipico a SMS Transactions / Insights Last 24h; totalprice pode diferir do cartao Total Spend),2026-07-27T10:08:43Z
Bernardo,wireless,0,0,0.000000,StartDate=2026-07-26 EndDate=2026-07-27 UTC (cover_days; soma dias GMT tocados pela janela ~24h — alinhamento tipico a SMS Transactions / Insights Last 24h; totalprice pode diferir do cartao Total Spend),2026-07-27T10:08:43Z
Bernardo,wireless-data,0,0,0.000000,StartDate=2026-07-26 EndDate=2026-07-27 UTC (cover_days; soma dias GMT tocados pela janela ~24h — alinhamento tipico a SMS Transactions / Insights Last 24h; totalprice pode diferir do cartao Total Spend),2026-07-27T10:08:43Z
Bernardo,wireless-data-payg,0,0,0.000000,StartDate=2026-07-26 EndDate=2026-07-27 UTC (cover_days; soma dias GMT tocados pela janela ~24h — alinhamento tipico a SMS Transactions / Insights Last 24h; totalprice pode diferir do cartao Total Spend),2026-07-27T10:08:43Z
Bernardo,wireless-data-payg-africa,0,0,0.000000,StartDate=2026-07-26 EndDate=2026-07-27 UTC (cover_days; soma dias GMT tocados pela janela ~24h — alinhamento tipico a SMS Transactions / Insights Last 24h; totalprice pode diferir do cartao Total Spend),2026-07-27T10:08:43Z
Bernardo,wireless-data-payg-asia,0,0,0.000000,StartDate=2026-07-26 EndDate=2026-07-27 UTC (cover_days; soma dias GMT tocados pela janela ~24h — alinhamento tipico a SMS Transactions / Insights Last 24h; totalprice pode diferir do cartao Total Spend),2026-07-27T10:08:43Z
Bernardo,wireless-data-payg-centralandsouthamerica,0,0,0.000000,StartDate=2026-07-26 EndDate=2026-07-27 UTC (cover_days; soma dias GMT tocados pela janela ~24h — alinhamento tipico a SMS Transactions / Insights Last 24h; totalprice pode diferir do cartao Total Spend),2026-07-27T10:08:43Z
Bernardo,wireless-data-payg-europe,0,0,0.000000,StartDate=2026-07-26 EndDate=2026-07-27 UTC (cover_days; soma dias GMT tocados pela janela ~24h — alinhamento tipico a SMS Transactions / Insights Last 24h; totalprice pode diferir do cartao Total Spend),2026-07-27T10:08:43Z
Bernardo,wireless-data-payg-northamerica,0,0,0.000000,StartDate=2026-07-26 EndDate=2026-07-27 UTC (cover_days; soma dias GMT tocados pela janela ~24h — alinhamento tipico a SMS Transactions / Insights Last 24h; totalprice pode diferir do cartao Total Spend),2026-07-27T10:08:43Z
Bernardo,wireless-data-payg-oceania,0,0,0.000000,StartDate=2026-07-26 EndDate=2026-07-27 UTC (cover_days; soma dias GMT tocados pela janela ~24h — alinhamento tipico a SMS Transactions / Insights Last 24h; totalprice pode diferir do cartao Total Spend),2026-07-27T10:08:43Z
Bernardo,wireless-data-quota1,0,0,0.000000,StartDate=2026-07-26 EndDate=2026-07-27 UTC (cover_days; soma dias GMT tocados pela janela ~24h — alinhamento tipico a SMS Transactions / Insights Last 24h; totalprice pode diferir do cartao Total Spend),2026-07-27T10:08:43Z
Bernardo,wireless-data-quota1-africa,0,0,0.000000,StartDate=2026-07-26 EndDate=2026-07-27 UTC (cover_days; soma dias GMT tocados pela janela ~24h — alinhamento tipico a SMS Transactions / Insights Last 24h; totalprice pode diferir do cartao Total Spend),2026-07-27T10:08:43Z
Bernardo,wireless-data-quota1-asia,0,0,0.000000,StartDate=2026-07-26 EndDate=2026-07-27 UTC (cover_days; soma dias GMT tocados pela janela ~24h — alinhamento tipico a SMS Transactions / Insights Last 24h; totalprice pode diferir do cartao Total Spend),2026-07-27T10:08:43Z
Bernardo,wireless-data-quota1-centralandsouthamerica,0,0,0.000000,StartDate=2026-07-26 EndDate=2026-07-27 UTC (cover_days; soma dias GMT tocados pela janela ~24h — alinhamento tipico a SMS Transactions / Insights Last 24h; totalprice pode diferir do cartao Total Spend),2026-07-27T10:08:43Z
Bernardo,wireless-data-quota1-europe,0,0,0.000000,StartDate=2026-07-26 EndDate=2026-07-27 UTC (cover_days; soma dias GMT tocados pela janela ~24h — alinhamento tipico a SMS Transactions / Insights Last 24h; totalprice pode diferir do cartao Total Spend),2026-07-27T10:08:43Z
Bernardo,wireless-data-quota1-northamerica,0,0,0.000000,StartDate=2026-07-26 EndDate=2026-07-27 UTC (cover_days; soma dias GMT tocados pela janela ~24h — alinhamento tipico a SMS Transactions / Insights Last 24h; totalprice pode diferir do cartao Total Spend),2026-07-27T10:08:43Z
Bernardo,wireless-data-quota1-oceania,0,0,0.000000,StartDate=2026-07-26 EndDate=2026-07-27 UTC (cover_days; soma dias GMT tocados pela janela ~24h — alinhamento tipico a SMS Transactions / Insights Last 24h; totalprice pode diferir do cartao Total Spend),2026-07-27T10:08:43Z
Bernardo,wireless-data-quota10,0,0,0.000000,StartDate=2026-07-26 EndDate=2026-07-27 UTC (cover_days; soma dias GMT tocados pela janela ~24h — alinhamento tipico a SMS Transactions / Insights Last 24h; totalprice pode diferir do cartao Total Spend),2026-07-27T10:08:43Z
Bernardo,wireless-data-quota10-africa,0,0,0.000000,StartDate=2026-07-26 EndDate=2026-07-27 UTC (cover_days; soma dias GMT tocados pela janela ~24h — alinhamento tipico a SMS Transactions / Insights Last 24h; totalprice pode diferir do cartao Total Spend),2026-07-27T10:08:43Z
Bernardo,wireless-data-quota10-asia,0,0,0.000000,StartDate=2026-07-26 EndDate=2026-07-27 UTC (cover_days; soma dias GMT tocados pela janela ~24h — alinhamento tipico a SMS Transactions / Insights Last 24h; totalprice pode diferir do cartao Total Spend),2026-07-27T10:08:43Z
Bernardo,wireless-data-quota10-centralandsouthamerica,0,0,0.000000,StartDate=2026-07-26 EndDate=2026-07-27 UTC (cover_days; soma dias GMT tocados pela janela ~24h — alinhamento tipico a SMS Transactions / Insights Last 24h; totalprice pode diferir do cartao Total Spend),2026-07-27T10:08:43Z
Bernardo,wireless-data-quota10-europe,0,0,0.000000,StartDate=2026-07-26 EndDate=2026-07-27 UTC (cover_days; soma dias GMT tocados pela janela ~24h — alinhamento tipico a SMS Transactions / Insights Last 24h; totalprice pode diferir do cartao Total Spend),2026-07-27T10:08:43Z
Bernardo,wireless-data-quota10-northamerica,0,0,0.000000,StartDate=2026-07-26 EndDate=2026-07-27 UTC (cover_days; soma dias GMT tocados pela janela ~24h — alinhamento tipico a SMS Transactions / Insights Last 24h; totalprice pode diferir do cartao Total Spend),2026-07-27T10:08:43Z
Bernardo,wireless-data-quota10-oceania,0,0,0.000000,StartDate=2026-07-26 EndDate=2026-07-27 UTC (cover_days; soma dias GMT tocados pela janela ~24h — alinhamento tipico a SMS Transactions / Insights Last 24h; totalprice pode diferir do cartao Total Spend),2026-07-27T10:08:43Z
Bernardo,wireless-data-quota50,0,0,0.000000,StartDate=2026-07-26 EndDate=2026-07-27 UTC (cover_days; soma dias GMT tocados pela janela ~24h — alinhamento tipico a SMS Transactions / Insights Last 24h; totalprice pode diferir do cartao Total Spend),2026-07-27T10:08:43Z
Bernardo,wireless-data-quota50-africa,0,0,0.000000,StartDate=2026-07-26 EndDate=2026-07-27 UTC (cover_days; soma dias GMT tocados pela janela ~24h — alinhamento tipico a SMS Transactions / Insights Last 24h; totalprice pode diferir do cartao Total Spend),2026-07-27T10:08:43Z
Bernardo,wireless-data-quota50-asia,0,0,0.000000,StartDate=2026-07-26 EndDate=2026-07-27 UTC (cover_days; soma dias GMT tocados pela janela ~24h — alinhamento tipico a SMS Transactions / Insights Last 24h; totalprice pode diferir do cartao Total Spend),2026-07-27T10:08:43Z
Bernardo,wireless-data-quota50-centralandsouthamerica,0,0,0.000000,StartDate=2026-07-26 EndDate=2026-07-27 UTC (cover_days; soma dias GMT tocados pela janela ~24h — alinhamento tipico a SMS Transactions / Insights Last 24h; totalprice pode diferir do cartao Total Spend),2026-07-27T10:08:43Z
Bernardo,wireless-data-quota50-europe,0,0,0.000000,StartDate=2026-07-26 EndDate=2026-07-27 UTC (cover_days; soma dias GMT tocados pela janela ~24h — alinhamento tipico a SMS Transactions / Insights Last 24h; totalprice pode diferir do cartao Total Spend),2026-07-27T10:08:43Z
Bernardo,wireless-data-quota50-northamerica,0,0,0.000000,StartDate=2026-07-26 EndDate=2026-07-27 UTC (cover_days; soma dias GMT tocados pela janela ~24h — alinhamento tipico a SMS Transactions / Insights Last 24h; totalprice pode diferir do cartao Total Spend),2026-07-27T10:08:43Z
Bernardo,wireless-data-quota50-oceania,0,0,0.000000,StartDate=2026-07-26 EndDate=2026-07-27 UTC (cover_days; soma dias GMT tocados pela janela ~24h — alinhamento tipico a SMS Transactions / Insights Last 24h; totalprice pode diferir do cartao Total Spend),2026-07-27T10:08:43Z
Bernardo,wireless-data-quotacustom,0,0,0.000000,StartDate=2026-07-26 EndDate=2026-07-27 UTC (cover_days; soma dias GMT tocados pela janela ~24h — alinhamento tipico a SMS Transactions / Insights Last 24h; totalprice pode diferir do cartao Total Spend),2026-07-27T10:08:43Z
Bernardo,wireless-data-quotacustom-africa,0,0,0.000000,StartDate=2026-07-26 EndDate=2026-07-27 UTC (cover_days; soma dias GMT tocados pela janela ~24h — alinhamento tipico a SMS Transactions / Insights Last 24h; totalprice pode diferir do cartao Total Spend),2026-07-27T10:08:43Z
Bernardo,wireless-data-quotacustom-asia,0,0,0.000000,StartDate=2026-07-26 EndDate=2026-07-27 UTC (cover_days; soma dias GMT tocados pela janela ~24h — alinhamento tipico a SMS Transactions / Insights Last 24h; totalprice pode diferir do cartao Total Spend),2026-07-27T10:08:43Z
Bernardo,wireless-data-quotacustom-centralandsouthamerica,0,0,0.000000,StartDate=2026-07-26 EndDate=2026-07-27 UTC (cover_days; soma dias GMT tocados pela janela ~24h — alinhamento tipico a SMS Transactions / Insights Last 24h; totalprice pode diferir do cartao Total Spend),2026-07-27T10:08:43Z
Bernardo,wireless-data-quotacustom-europe,0,0,0.000000,StartDate=2026-07-26 EndDate=2026-07-27 UTC (cover_days; soma dias GMT tocados pela janela ~24h — alinhamento tipico a SMS Transactions / Insights Last 24h; totalprice pode diferir do cartao Total Spend),2026-07-27T10:08:43Z
Bernardo,wireless-data-quotacustom-northamerica,0,0,0.000000,StartDate=2026-07-26 EndDate=2026-07-27 UTC (cover_days; soma dias GMT tocados pela janela ~24h — alinhamento tipico a SMS Transactions / Insights Last 24h; totalprice pode diferir do cartao Total Spend),2026-07-27T10:08:43Z
Bernardo,wireless-data-quotacustom-oceania,0,0,0.000000,StartDate=2026-07-26 EndDate=2026-07-27 UTC (cover_days; soma dias GMT tocados pela janela ~24h — alinhamento tipico a SMS Transactions / Insights Last 24h; totalprice pode diferir do cartao Total Spend),2026-07-27T10:08:43Z
Bernardo,wireless-mrc-payg,0,0,0.000000,StartDate=2026-07-26 EndDate=2026-07-27 UTC (cover_days; soma dias GMT tocados pela janela ~24h — alinhamento tipico a SMS Transactions / Insights Last 24h; totalprice pode diferir do cartao Total Spend),2026-07-27T10:08:43Z
Bernardo,wireless-mrc-quota1,0,0,0.000000,StartDate=2026-07-26 EndDate=2026-07-27 UTC (cover_days; soma dias GMT tocados pela janela ~24h — alinhamento tipico a SMS Transactions / Insights Last 24h; totalprice pode diferir do cartao Total Spend),2026-07-27T10:08:43Z
Bernardo,wireless-mrc-quota10,0,0,0.000000,StartDate=2026-07-26 EndDate=2026-07-27 UTC (cover_days; soma dias GMT tocados pela janela ~24h — alinhamento tipico a SMS Transactions / Insights Last 24h; totalprice pode diferir do cartao Total Spend),2026-07-27T10:08:43Z
Bernardo,wireless-mrc-quota50,0,0,0.000000,StartDate=2026-07-26 EndDate=2026-07-27 UTC (cover_days; soma dias GMT tocados pela janela ~24h — alinhamento tipico a SMS Transactions / Insights Last 24h; totalprice pode diferir do cartao Total Spend),2026-07-27T10:08:43Z
Bernardo,wireless-mrc-quotacustom,0,0,0.000000,StartDate=2026-07-26 EndDate=2026-07-27 UTC (cover_days; soma dias GMT tocados pela janela ~24h — alinhamento tipico a SMS Transactions / Insights Last 24h; totalprice pode diferir do cartao Total Spend),2026-07-27T10:08:43Z
Bernardo,wireless-orders,0,0,0.000000,StartDate=2026-07-26 EndDate=2026-07-27 UTC (cover_days; soma dias GMT tocados pela janela ~24h — alinhamento tipico a SMS Transactions / Insights Last 24h; totalprice pode diferir do cartao Total Spend),2026-07-27T10:08:43Z
Bernardo,wireless-orders-artwork,0,0,0.000000,StartDate=2026-07-26 EndDate=2026-07-27 UTC (cover_days; soma dias GMT tocados pela janela ~24h — alinhamento tipico a SMS Transactions / Insights Last 24h; totalprice pode diferir do cartao Total Spend),2026-07-27T10:08:43Z
Bernardo,wireless-orders-bulk,0,0,0.000000,StartDate=2026-07-26 EndDate=2026-07-27 UTC (cover_days; soma dias GMT tocados pela janela ~24h — alinhamento tipico a SMS Transactions / Insights Last 24h; totalprice pode diferir do cartao Total Spend),2026-07-27T10:08:43Z
Bernardo,wireless-orders-esim,0,0,0.000000,StartDate=2026-07-26 EndDate=2026-07-27 UTC (cover_days; soma dias GMT tocados pela janela ~24h — alinhamento tipico a SMS Transactions / Insights Last 24h; totalprice pode diferir do cartao Total Spend),2026-07-27T10:08:43Z
Bernardo,wireless-orders-starter,0,0,0.000000,StartDate=2026-07-26 EndDate=2026-07-27 UTC (cover_days; soma dias GMT tocados pela janela ~24h — alinhamento tipico a SMS Transactions / Insights Last 24h; totalprice pode diferir do cartao Total Spend),2026-07-27T10:08:43Z
Bernardo,wireless-quotas,0,0,0.000000,StartDate=2026-07-26 EndDate=2026-07-27 UTC (cover_days; soma dias GMT tocados pela janela ~24h — alinhamento tipico a SMS Transactions / Insights Last 24h; totalprice pode diferir do cartao Total Spend),2026-07-27T10:08:43Z
Bernardo,wireless-sms-africa,0,0,0.000000,StartDate=2026-07-26 EndDate=2026-07-27 UTC (cover_days; soma dias GMT tocados pela janela ~24h — alinhamento tipico a SMS Transactions / Insights Last 24h; totalprice pode diferir do cartao Total Spend),2026-07-27T10:08:43Z
Bernardo,wireless-sms-asia,0,0,0.000000,StartDate=2026-07-26 EndDate=2026-07-27 UTC (cover_days; soma dias GMT tocados pela janela ~24h — alinhamento tipico a SMS Transactions / Insights Last 24h; totalprice pode diferir do cartao Total Spend),2026-07-27T10:08:43Z
Bernardo,wireless-sms-centralandsouthamerica,0,0,0.000000,StartDate=2026-07-26 EndDate=2026-07-27 UTC (cover_days; soma dias GMT tocados pela janela ~24h — alinhamento tipico a SMS Transactions / Insights Last 24h; totalprice pode diferir do cartao Total Spend),2026-07-27T10:08:43Z
Bernardo,wireless-sms-europe,0,0,0.000000,StartDate=2026-07-26 EndDate=2026-07-27 UTC (cover_days; soma dias GMT tocados pela janela ~24h — alinhamento tipico a SMS Transactions / Insights Last 24h; totalprice pode diferir do cartao Total Spend),2026-07-27T10:08:43Z
Bernardo,wireless-sms-northamerica,0,0,0.000000,StartDate=2026-07-26 EndDate=2026-07-27 UTC (cover_days; soma dias GMT tocados pela janela ~24h — alinhamento tipico a SMS Transactions / Insights Last 24h; totalprice pode diferir do cartao Total Spend),2026-07-27T10:08:43Z
Bernardo,wireless-sms-oceania,0,0,0.000000,StartDate=2026-07-26 EndDate=2026-07-27 UTC (cover_days; soma dias GMT tocados pela janela ~24h — alinhamento tipico a SMS Transactions / Insights Last 24h; totalprice pode diferir do cartao Total Spend),2026-07-27T10:08:43Z
Bernardo,wireless-super-sim,0,0,0.000000,StartDate=2026-07-26 EndDate=2026-07-27 UTC (cover_days; soma dias GMT tocados pela janela ~24h — alinhamento tipico a SMS Transactions / Insights Last 24h; totalprice pode diferir do cartao Total Spend),2026-07-27T10:08:43Z
Bernardo,wireless-super-sim-data,0,0,0.000000,StartDate=2026-07-26 EndDate=2026-07-27 UTC (cover_days; soma dias GMT tocados pela janela ~24h — alinhamento tipico a SMS Transactions / Insights Last 24h; totalprice pode diferir do cartao Total Spend),2026-07-27T10:08:43Z
Bernardo,wireless-super-sim-data-north-america-usa,0,0,0.000000,StartDate=2026-07-26 EndDate=2026-07-27 UTC (cover_days; soma dias GMT tocados pela janela ~24h — alinhamento tipico a SMS Transactions / Insights Last 24h; totalprice pode diferir do cartao Total Spend),2026-07-27T10:08:43Z
Bernardo,wireless-super-sim-data-payg,0,0,0.000000,StartDate=2026-07-26 EndDate=2026-07-27 UTC (cover_days; soma dias GMT tocados pela janela ~24h — alinhamento tipico a SMS Transactions / Insights Last 24h; totalprice pode diferir do cartao Total Spend),2026-07-27T10:08:43Z
Bernardo,wireless-super-sim-data-payg-europe,0,0,0.000000,StartDate=2026-07-26 EndDate=2026-07-27 UTC (cover_days; soma dias GMT tocados pela janela ~24h — alinhamento tipico a SMS Transactions / Insights Last 24h; totalprice pode diferir do cartao Total Spend),2026-07-27T10:08:43Z
Bernardo,wireless-super-sim-data-payg-north-america,0,0,0.000000,StartDate=2026-07-26 EndDate=2026-07-27 UTC (cover_days; soma dias GMT tocados pela janela ~24h — alinhamento tipico a SMS Transactions / Insights Last 24h; totalprice pode diferir do cartao Total Spend),2026-07-27T10:08:43Z
Bernardo,wireless-super-sim-hardware,0,0,0.000000,StartDate=2026-07-26 EndDate=2026-07-27 UTC (cover_days; soma dias GMT tocados pela janela ~24h — alinhamento tipico a SMS Transactions / Insights Last 24h; totalprice pode diferir do cartao Total Spend),2026-07-27T10:08:43Z
Bernardo,wireless-super-sim-hardware-bulk,0,0,0.000000,StartDate=2026-07-26 EndDate=2026-07-27 UTC (cover_days; soma dias GMT tocados pela janela ~24h — alinhamento tipico a SMS Transactions / Insights Last 24h; totalprice pode diferir do cartao Total Spend),2026-07-27T10:08:43Z
Bernardo,wireless-super-sim-smscommands,0,0,0.000000,StartDate=2026-07-26 EndDate=2026-07-27 UTC (cover_days; soma dias GMT tocados pela janela ~24h — alinhamento tipico a SMS Transactions / Insights Last 24h; totalprice pode diferir do cartao Total Spend),2026-07-27T10:08:43Z
Bernardo,wireless-super-sim-smscommands-africa,0,0,0.000000,StartDate=2026-07-26 EndDate=2026-07-27 UTC (cover_days; soma dias GMT tocados pela janela ~24h — alinhamento tipico a SMS Transactions / Insights Last 24h; totalprice pode diferir do cartao Total Spend),2026-07-27T10:08:43Z
Bernardo,wireless-super-sim-smscommands-asia,0,0,0.000000,StartDate=2026-07-26 EndDate=2026-07-27 UTC (cover_days; soma dias GMT tocados pela janela ~24h — alinhamento tipico a SMS Transactions / Insights Last 24h; totalprice pode diferir do cartao Total Spend),2026-07-27T10:08:43Z
Bernardo,wireless-super-sim-smscommands-cent-and-south-america,0,0,0.000000,StartDate=2026-07-26 EndDate=2026-07-27 UTC (cover_days; soma dias GMT tocados pela janela ~24h — alinhamento tipico a SMS Transactions / Insights Last 24h; totalprice pode diferir do cartao Total Spend),2026-07-27T10:08:43Z
Bernardo,wireless-super-sim-smscommands-europe,0,0,0.000000,StartDate=2026-07-26 EndDate=2026-07-27 UTC (cover_days; soma dias GMT tocados pela janela ~24h — alinhamento tipico a SMS Transactions / Insights Last 24h; totalprice pode diferir do cartao Total Spend),2026-07-27T10:08:43Z
Bernardo,wireless-super-sim-smscommands-north-america,0,0,0.000000,StartDate=2026-07-26 EndDate=2026-07-27 UTC (cover_days; soma dias GMT tocados pela janela ~24h — alinhamento tipico a SMS Transactions / Insights Last 24h; totalprice pode diferir do cartao Total Spend),2026-07-27T10:08:43Z
Bernardo,wireless-super-sim-smscommands-oceania,0,0,0.000000,StartDate=2026-07-26 EndDate=2026-07-27 UTC (cover_days; soma dias GMT tocados pela janela ~24h — alinhamento tipico a SMS Transactions / Insights Last 24h; totalprice pode diferir do cartao Total Spend),2026-07-27T10:08:43Z
Bernardo,wireless-super-sim-subscription,0,0,0.000000,StartDate=2026-07-26 EndDate=2026-07-27 UTC (cover_days; soma dias GMT tocados pela janela ~24h — alinhamento tipico a SMS Transactions / Insights Last 24h; totalprice pode diferir do cartao Total Spend),2026-07-27T10:08:43Z
Bernardo,wireless-super-sim-subscription-payg,0,0,0.000000,StartDate=2026-07-26 EndDate=2026-07-27 UTC (cover_days; soma dias GMT tocados pela janela ~24h — alinhamento tipico a SMS Transactions / Insights Last 24h; totalprice pode diferir do cartao Total Spend),2026-07-27T10:08:43Z
Bernardo,wireless-usage,0,0,0.000000,StartDate=2026-07-26 EndDate=2026-07-27 UTC (cover_days; soma dias GMT tocados pela janela ~24h — alinhamento tipico a SMS Transactions / Insights Last 24h; totalprice pode diferir do cartao Total Spend),2026-07-27T10:08:43Z
Bernardo,wireless-usage-commands,0,0,0.000000,StartDate=2026-07-26 EndDate=2026-07-27 UTC (cover_days; soma dias GMT tocados pela janela ~24h — alinhamento tipico a SMS Transactions / Insights Last 24h; totalprice pode diferir do cartao Total Spend),2026-07-27T10:08:43Z
Bernardo,wireless-usage-commands-africa,0,0,0.000000,StartDate=2026-07-26 EndDate=2026-07-27 UTC (cover_days; soma dias GMT tocados pela janela ~24h — alinhamento tipico a SMS Transactions / Insights Last 24h; totalprice pode diferir do cartao Total Spend),2026-07-27T10:08:43Z
Bernardo,wireless-usage-commands-asia,0,0,0.000000,StartDate=2026-07-26 EndDate=2026-07-27 UTC (cover_days; soma dias GMT tocados pela janela ~24h — alinhamento tipico a SMS Transactions / Insights Last 24h; totalprice pode diferir do cartao Total Spend),2026-07-27T10:08:43Z
Bernardo,wireless-usage-commands-centralandsouthamerica,0,0,0.000000,StartDate=2026-07-26 EndDate=2026-07-27 UTC (cover_days; soma dias GMT tocados pela janela ~24h — alinhamento tipico a SMS Transactions / Insights Last 24h; totalprice pode diferir do cartao Total Spend),2026-07-27T10:08:43Z
Bernardo,wireless-usage-commands-europe,0,0,0.000000,StartDate=2026-07-26 EndDate=2026-07-27 UTC (cover_days; soma dias GMT tocados pela janela ~24h — alinhamento tipico a SMS Transactions / Insights Last 24h; totalprice pode diferir do cartao Total Spend),2026-07-27T10:08:43Z
Bernardo,wireless-usage-commands-home,0,0,0.000000,StartDate=2026-07-26 EndDate=2026-07-27 UTC (cover_days; soma dias GMT tocados pela janela ~24h — alinhamento tipico a SMS Transactions / Insights Last 24h; totalprice pode diferir do cartao Total Spend),2026-07-27T10:08:43Z
Bernardo,wireless-usage-commands-northamerica,0,0,0.000000,StartDate=2026-07-26 EndDate=2026-07-27 UTC (cover_days; soma dias GMT tocados pela janela ~24h — alinhamento tipico a SMS Transactions / Insights Last 24h; totalprice pode diferir do cartao Total Spend),2026-07-27T10:08:43Z
Bernardo,wireless-usage-commands-oceania,0,0,0.000000,StartDate=2026-07-26 EndDate=2026-07-27 UTC (cover_days; soma dias GMT tocados pela janela ~24h — alinhamento tipico a SMS Transactions / Insights Last 24h; totalprice pode diferir do cartao Total Spend),2026-07-27T10:08:43Z
Bernardo,wireless-usage-commands-roaming,0,0,0.000000,StartDate=2026-07-26 EndDate=2026-07-27 UTC (cover_days; soma dias GMT tocados pela janela ~24h — alinhamento tipico a SMS Transactions / Insights Last 24h; totalprice pode diferir do cartao Total Spend),2026-07-27T10:08:43Z
Bernardo,wireless-usage-data,0,0,0.000000,StartDate=2026-07-26 EndDate=2026-07-27 UTC (cover_days; soma dias GMT tocados pela janela ~24h — alinhamento tipico a SMS Transactions / Insights Last 24h; totalprice pode diferir do cartao Total Spend),2026-07-27T10:08:43Z
Bernardo,wireless-usage-data-africa,0,0,0.000000,StartDate=2026-07-26 EndDate=2026-07-27 UTC (cover_days; soma dias GMT tocados pela janela ~24h — alinhamento tipico a SMS Transactions / Insights Last 24h; totalprice pode diferir do cartao Total Spend),2026-07-27T10:08:43Z
Bernardo,wireless-usage-data-asia,0,0,0.000000,StartDate=2026-07-26 EndDate=2026-07-27 UTC (cover_days; soma dias GMT tocados pela janela ~24h — alinhamento tipico a SMS Transactions / Insights Last 24h; totalprice pode diferir do cartao Total Spend),2026-07-27T10:08:43Z
Bernardo,wireless-usage-data-centralandsouthamerica,0,0,0.000000,StartDate=2026-07-26 EndDate=2026-07-27 UTC (cover_days; soma dias GMT tocados pela janela ~24h — alinhamento tipico a SMS Transactions / Insights Last 24h; totalprice pode diferir do cartao Total Spend),2026-07-27T10:08:43Z
Bernardo,wireless-usage-data-custom-additionalmb,0,0,0.000000,StartDate=2026-07-26 EndDate=2026-07-27 UTC (cover_days; soma dias GMT tocados pela janela ~24h — alinhamento tipico a SMS Transactions / Insights Last 24h; totalprice pode diferir do cartao Total Spend),2026-07-27T10:08:43Z
Bernardo,wireless-usage-data-custom-first5mb,0,0,0.000000,StartDate=2026-07-26 EndDate=2026-07-27 UTC (cover_days; soma dias GMT tocados pela janela ~24h — alinhamento tipico a SMS Transactions / Insights Last 24h; totalprice pode diferir do cartao Total Spend),2026-07-27T10:08:43Z
Bernardo,wireless-usage-data-domestic-roaming,0,0,0.000000,StartDate=2026-07-26 EndDate=2026-07-27 UTC (cover_days; soma dias GMT tocados pela janela ~24h — alinhamento tipico a SMS Transactions / Insights Last 24h; totalprice pode diferir do cartao Total Spend),2026-07-27T10:08:43Z
Bernardo,wireless-usage-data-europe,0,0,0.000000,StartDate=2026-07-26 EndDate=2026-07-27 UTC (cover_days; soma dias GMT tocados pela janela ~24h — alinhamento tipico a SMS Transactions / Insights Last 24h; totalprice pode diferir do cartao Total Spend),2026-07-27T10:08:43Z
Bernardo,wireless-usage-data-individual-additionalgb,0,0,0.000000,StartDate=2026-07-26 EndDate=2026-07-27 UTC (cover_days; soma dias GMT tocados pela janela ~24h — alinhamento tipico a SMS Transactions / Insights Last 24h; totalprice pode diferir do cartao Total Spend),2026-07-27T10:08:43Z
Bernardo,wireless-usage-data-individual-firstgb,0,0,0.000000,StartDate=2026-07-26 EndDate=2026-07-27 UTC (cover_days; soma dias GMT tocados pela janela ~24h — alinhamento tipico a SMS Transactions / Insights Last 24h; totalprice pode diferir do cartao Total Spend),2026-07-27T10:08:43Z
Bernardo,wireless-usage-data-international-roaming-canada,0,0,0.000000,StartDate=2026-07-26 EndDate=2026-07-27 UTC (cover_days; soma dias GMT tocados pela janela ~24h — alinhamento tipico a SMS Transactions / Insights Last 24h; totalprice pode diferir do cartao Total Spend),2026-07-27T10:08:43Z
Bernardo,wireless-usage-data-international-roaming-india,0,0,0.000000,StartDate=2026-07-26 EndDate=2026-07-27 UTC (cover_days; soma dias GMT tocados pela janela ~24h — alinhamento tipico a SMS Transactions / Insights Last 24h; totalprice pode diferir do cartao Total Spend),2026-07-27T10:08:43Z
Bernardo,wireless-usage-data-international-roaming-mexico,0,0,0.000000,StartDate=2026-07-26 EndDate=2026-07-27 UTC (cover_days; soma dias GMT tocados pela janela ~24h — alinhamento tipico a SMS Transactions / Insights Last 24h; totalprice pode diferir do cartao Total Spend),2026-07-27T10:08:43Z
Bernardo,wireless-usage-data-northamerica,0,0,0.000000,StartDate=2026-07-26 EndDate=2026-07-27 UTC (cover_days; soma dias GMT tocados pela janela ~24h — alinhamento tipico a SMS Transactions / Insights Last 24h; totalprice pode diferir do cartao Total Spend),2026-07-27T10:08:43Z
Bernardo,wireless-usage-data-oceania,0,0,0.000000,StartDate=2026-07-26 EndDate=2026-07-27 UTC (cover_days; soma dias GMT tocados pela janela ~24h — alinhamento tipico a SMS Transactions / Insights Last 24h; totalprice pode diferir do cartao Total Spend),2026-07-27T10:08:43Z
Bernardo,wireless-usage-data-pooled,0,0,0.000000,StartDate=2026-07-26 EndDate=2026-07-27 UTC (cover_days; soma dias GMT tocados pela janela ~24h — alinhamento tipico a SMS Transactions / Insights Last 24h; totalprice pode diferir do cartao Total Spend),2026-07-27T10:08:43Z
Bernardo,wireless-usage-data-pooled-downlink,0,0,0.000000,StartDate=2026-07-26 EndDate=2026-07-27 UTC (cover_days; soma dias GMT tocados pela janela ~24h — alinhamento tipico a SMS Transactions / Insights Last 24h; totalprice pode diferir do cartao Total Spend),2026-07-27T10:08:43Z
Bernardo,wireless-usage-data-pooled-uplink,0,0,0.000000,StartDate=2026-07-26 EndDate=2026-07-27 UTC (cover_days; soma dias GMT tocados pela janela ~24h — alinhamento tipico a SMS Transactions / Insights Last 24h; totalprice pode diferir do cartao Total Spend),2026-07-27T10:08:43Z
Bernardo,wireless-usage-mrc,0,0,0.000000,StartDate=2026-07-26 EndDate=2026-07-27 UTC (cover_days; soma dias GMT tocados pela janela ~24h — alinhamento tipico a SMS Transactions / Insights Last 24h; totalprice pode diferir do cartao Total Spend),2026-07-27T10:08:43Z
Bernardo,wireless-usage-mrc-custom,0,0,0.000000,StartDate=2026-07-26 EndDate=2026-07-27 UTC (cover_days; soma dias GMT tocados pela janela ~24h — alinhamento tipico a SMS Transactions / Insights Last 24h; totalprice pode diferir do cartao Total Spend),2026-07-27T10:08:43Z
Bernardo,wireless-usage-mrc-individual,0,0,0.000000,StartDate=2026-07-26 EndDate=2026-07-27 UTC (cover_days; soma dias GMT tocados pela janela ~24h — alinhamento tipico a SMS Transactions / Insights Last 24h; totalprice pode diferir do cartao Total Spend),2026-07-27T10:08:43Z
Bernardo,wireless-usage-mrc-pooled,0,0,0.000000,StartDate=2026-07-26 EndDate=2026-07-27 UTC (cover_days; soma dias GMT tocados pela janela ~24h — alinhamento tipico a SMS Transactions / Insights Last 24h; totalprice pode diferir do cartao Total Spend),2026-07-27T10:08:43Z
Bernardo,wireless-usage-mrc-suspended,0,0,0.000000,StartDate=2026-07-26 EndDate=2026-07-27 UTC (cover_days; soma dias GMT tocados pela janela ~24h — alinhamento tipico a SMS Transactions / Insights Last 24h; totalprice pode diferir do cartao Total Spend),2026-07-27T10:08:43Z
Bernardo,wireless-usage-sms,0,0,0.000000,StartDate=2026-07-26 EndDate=2026-07-27 UTC (cover_days; soma dias GMT tocados pela janela ~24h — alinhamento tipico a SMS Transactions / Insights Last 24h; totalprice pode diferir do cartao Total Spend),2026-07-27T10:08:43Z
Bernardo,wireless-usage-voice,0,0,0.000000,StartDate=2026-07-26 EndDate=2026-07-27 UTC (cover_days; soma dias GMT tocados pela janela ~24h — alinhamento tipico a SMS Transactions / Insights Last 24h; totalprice pode diferir do cartao Total Spend),2026-07-27T10:08:43Z
Havenmove,totalprice,0,483.0163,483.016300,StartDate=2026-07-26 EndDate=2026-07-27 UTC (cover_days; soma dias GMT tocados pela janela ~24h — alinhamento tipico a SMS Transactions / Insights Last 24h; totalprice pode diferir do cartao Total Spend),2026-07-27T10:08:43Z
Havenmove,channels,136303,136572,479.759300,StartDate=2026-07-26 EndDate=2026-07-27 UTC (cover_days; soma dias GMT tocados pela janela ~24h — alinhamento tipico a SMS Transactions / Insights Last 24h; totalprice pode diferir do cartao Total Spend),2026-07-27T10:08:43Z
Havenmove,sms-messages-carrierfees,65712,65829,273.053500,StartDate=2026-07-26 EndDate=2026-07-27 UTC (cover_days; soma dias GMT tocados pela janela ~24h — alinhamento tipico a SMS Transactions / Insights Last 24h; totalprice pode diferir do cartao Total Spend),2026-07-27T10:08:43Z
Havenmove,sms,68172,68324,204.286800,StartDate=2026-07-26 EndDate=2026-07-27 UTC (cover_days; soma dias GMT tocados pela janela ~24h — alinhamento tipico a SMS Transactions / Insights Last 24h; totalprice pode diferir do cartao Total Spend),2026-07-27T10:08:43Z
Havenmove,sms-outbound,63185,63273,189.186270,StartDate=2026-07-26 EndDate=2026-07-27 UTC (cover_days; soma dias GMT tocados pela janela ~24h — alinhamento tipico a SMS Transactions / Insights Last 24h; totalprice pode diferir do cartao Total Spend),2026-07-27T10:08:43Z
Havenmove,sms-outbound-tollfree,63182,63270,189.177300,StartDate=2026-07-26 EndDate=2026-07-27 UTC (cover_days; soma dias GMT tocados pela janela ~24h — alinhamento tipico a SMS Transactions / Insights Last 24h; totalprice pode diferir do cartao Total Spend),2026-07-27T10:08:43Z
Havenmove,sms-inbound,4987,5051,15.100530,StartDate=2026-07-26 EndDate=2026-07-27 UTC (cover_days; soma dias GMT tocados pela janela ~24h — alinhamento tipico a SMS Transactions / Insights Last 24h; totalprice pode diferir do cartao Total Spend),2026-07-27T10:08:43Z
Havenmove,sms-inbound-tollfree,4973,5037,15.058670,StartDate=2026-07-26 EndDate=2026-07-27 UTC (cover_days; soma dias GMT tocados pela janela ~24h — alinhamento tipico a SMS Transactions / Insights Last 24h; totalprice pode diferir do cartao Total Spend),2026-07-27T10:08:43Z
Havenmove,failed-message-processing-fee,2419,2419,2.419000,StartDate=2026-07-26 EndDate=2026-07-27 UTC (cover_days; soma dias GMT tocados pela janela ~24h — alinhamento tipico a SMS Transactions / Insights Last 24h; totalprice pode diferir do cartao Total Spend),2026-07-27T10:08:43Z
Havenmove,phonenumbers,1,1,2.150000,StartDate=2026-07-26 EndDate=2026-07-27 UTC (cover_days; soma dias GMT tocados pela janela ~24h — alinhamento tipico a SMS Transactions / Insights Last 24h; totalprice pode diferir do cartao Total Spend),2026-07-27T10:08:43Z
Havenmove,phonenumbers-tollfree,1,1,2.150000,StartDate=2026-07-26 EndDate=2026-07-27 UTC (cover_days; soma dias GMT tocados pela janela ~24h — alinhamento tipico a SMS Transactions / Insights Last 24h; totalprice pode diferir do cartao Total Spend),2026-07-27T10:08:43Z
Havenmove,calls,31,28,0.616000,StartDate=2026-07-26 EndDate=2026-07-27 UTC (cover_days; soma dias GMT tocados pela janela ~24h — alinhamento tipico a SMS Transactions / Insights Last 24h; totalprice pode diferir do cartao Total Spend),2026-07-27T10:08:43Z
Havenmove,calls-inbound,31,28,0.616000,StartDate=2026-07-26 EndDate=2026-07-27 UTC (cover_days; soma dias GMT tocados pela janela ~24h — alinhamento tipico a SMS Transactions / Insights Last 24h; totalprice pode diferir do cartao Total Spend),2026-07-27T10:08:43Z
Havenmove,calls-inbound-tollfree,31,28,0.616000,StartDate=2026-07-26 EndDate=2026-07-27 UTC (cover_days; soma dias GMT tocados pela janela ~24h — alinhamento tipico a SMS Transactions / Insights Last 24h; totalprice pode diferir do cartao Total Spend),2026-07-27T10:08:43Z
Havenmove,amazon-polly,24,24,0.312000,StartDate=2026-07-26 EndDate=2026-07-27 UTC (cover_days; soma dias GMT tocados pela janela ~24h — alinhamento tipico a SMS Transactions / Insights Last 24h; totalprice pode diferir do cartao Total Spend),2026-07-27T10:08:43Z
Havenmove,mms,7,7,0.140000,StartDate=2026-07-26 EndDate=2026-07-27 UTC (cover_days; soma dias GMT tocados pela janela ~24h — alinhamento tipico a SMS Transactions / Insights Last 24h; totalprice pode diferir do cartao Total Spend),2026-07-27T10:08:43Z
Havenmove,mms-inbound,7,7,0.140000,StartDate=2026-07-26 EndDate=2026-07-27 UTC (cover_days; soma dias GMT tocados pela janela ~24h — alinhamento tipico a SMS Transactions / Insights Last 24h; totalprice pode diferir do cartao Total Spend),2026-07-27T10:08:43Z
Havenmove,mms-inbound-toll-free,7,7,0.140000,StartDate=2026-07-26 EndDate=2026-07-27 UTC (cover_days; soma dias GMT tocados pela janela ~24h — alinhamento tipico a SMS Transactions / Insights Last 24h; totalprice pode diferir do cartao Total Spend),2026-07-27T10:08:43Z
Havenmove,bundle-sms-bucket,16,16,0.047840,StartDate=2026-07-26 EndDate=2026-07-27 UTC (cover_days; soma dias GMT tocados pela janela ~24h — alinhamento tipico a SMS Transactions / Insights Last 24h; totalprice pode diferir do cartao Total Spend),2026-07-27T10:08:43Z
Havenmove,sms-inbound-longcode,14,14,0.041860,StartDate=2026-07-26 EndDate=2026-07-27 UTC (cover_days; soma dias GMT tocados pela janela ~24h — alinhamento tipico a SMS Transactions / Insights Last 24h; totalprice pode diferir do cartao Total Spend),2026-07-27T10:08:43Z
Havenmove,mms-messages-carrierfees,4,4,0.039000,StartDate=2026-07-26 EndDate=2026-07-27 UTC (cover_days; soma dias GMT tocados pela janela ~24h — alinhamento tipico a SMS Transactions / Insights Last 24h; totalprice pode diferir do cartao Total Spend),2026-07-27T10:08:43Z
Havenmove,sms-outbound-longcode,3,3,0.008970,StartDate=2026-07-26 EndDate=2026-07-27 UTC (cover_days; soma dias GMT tocados pela janela ~24h — alinhamento tipico a SMS Transactions / Insights Last 24h; totalprice pode diferir do cartao Total Spend),2026-07-27T10:08:43Z
Havenmove,a2p-10dlc-registrationfees-brandregistration,0,0,0.000000,StartDate=2026-07-26 EndDate=2026-07-27 UTC (cover_days; soma dias GMT tocados pela janela ~24h — alinhamento tipico a SMS Transactions / Insights Last 24h; totalprice pode diferir do cartao Total Spend),2026-07-27T10:08:43Z
Havenmove,a2p-10dlc-registrationfees-bv,0,0,0.000000,StartDate=2026-07-26 EndDate=2026-07-27 UTC (cover_days; soma dias GMT tocados pela janela ~24h — alinhamento tipico a SMS Transactions / Insights Last 24h; totalprice pode diferir do cartao Total Spend),2026-07-27T10:08:43Z
Havenmove,a2p-10dlc-registrationfees-campaigncharges,0,0,0.000000,StartDate=2026-07-26 EndDate=2026-07-27 UTC (cover_days; soma dias GMT tocados pela janela ~24h — alinhamento tipico a SMS Transactions / Insights Last 24h; totalprice pode diferir do cartao Total Spend),2026-07-27T10:08:43Z
Havenmove,a2p-10dlc-registrationfees-campaignregistration,0,0,0.000000,StartDate=2026-07-26 EndDate=2026-07-27 UTC (cover_days; soma dias GMT tocados pela janela ~24h — alinhamento tipico a SMS Transactions / Insights Last 24h; totalprice pode diferir do cartao Total Spend),2026-07-27T10:08:43Z
Havenmove,a2p-10dlc-registrationfees-campaignvetting,0,0,0.000000,StartDate=2026-07-26 EndDate=2026-07-27 UTC (cover_days; soma dias GMT tocados pela janela ~24h — alinhamento tipico a SMS Transactions / Insights Last 24h; totalprice pode diferir do cartao Total Spend),2026-07-27T10:08:43Z
Havenmove,a2p-10dlc-registrationfees-monthly,0,0,0.000000,StartDate=2026-07-26 EndDate=2026-07-27 UTC (cover_days; soma dias GMT tocados pela janela ~24h — alinhamento tipico a SMS Transactions / Insights Last 24h; totalprice pode diferir do cartao Total Spend),2026-07-27T10:08:43Z
Havenmove,a2p-10dlc-registrationfees-onetime,0,0,0.000000,StartDate=2026-07-26 EndDate=2026-07-27 UTC (cover_days; soma dias GMT tocados pela janela ~24h — alinhamento tipico a SMS Transactions / Insights Last 24h; totalprice pode diferir do cartao Total Spend),2026-07-27T10:08:43Z
Havenmove,a2p-registration-fees,0,0,0.000000,StartDate=2026-07-26 EndDate=2026-07-27 UTC (cover_days; soma dias GMT tocados pela janela ~24h — alinhamento tipico a SMS Transactions / Insights Last 24h; totalprice pode diferir do cartao Total Spend),2026-07-27T10:08:43Z
Havenmove,account-security,0,0,0.000000,StartDate=2026-07-26 EndDate=2026-07-27 UTC (cover_days; soma dias GMT tocados pela janela ~24h — alinhamento tipico a SMS Transactions / Insights Last 24h; totalprice pode diferir do cartao Total Spend),2026-07-27T10:08:43Z
Havenmove,agent-conference,0,0,0.000000,StartDate=2026-07-26 EndDate=2026-07-27 UTC (cover_days; soma dias GMT tocados pela janela ~24h — alinhamento tipico a SMS Transactions / Insights Last 24h; totalprice pode diferir do cartao Total Spend),2026-07-27T10:08:43Z
Havenmove,agent-copilot,0,0,0.000000,StartDate=2026-07-26 EndDate=2026-07-27 UTC (cover_days; soma dias GMT tocados pela janela ~24h — alinhamento tipico a SMS Transactions / Insights Last 24h; totalprice pode diferir do cartao Total Spend),2026-07-27T10:08:43Z
Havenmove,agent-copilot-messages,0,0,0.000000,StartDate=2026-07-26 EndDate=2026-07-27 UTC (cover_days; soma dias GMT tocados pela janela ~24h — alinhamento tipico a SMS Transactions / Insights Last 24h; totalprice pode diferir do cartao Total Spend),2026-07-27T10:08:43Z
Havenmove,agent-copilot-participant-minutes,0,0,0.000000,StartDate=2026-07-26 EndDate=2026-07-27 UTC (cover_days; soma dias GMT tocados pela janela ~24h — alinhamento tipico a SMS Transactions / Insights Last 24h; totalprice pode diferir do cartao Total Spend),2026-07-27T10:08:43Z
Havenmove,ai-assistants,0,0,0.000000,StartDate=2026-07-26 EndDate=2026-07-27 UTC (cover_days; soma dias GMT tocados pela janela ~24h — alinhamento tipico a SMS Transactions / Insights Last 24h; totalprice pode diferir do cartao Total Spend),2026-07-27T10:08:43Z
Havenmove,ai-assistants-voice,0,0,0.000000,StartDate=2026-07-26 EndDate=2026-07-27 UTC (cover_days; soma dias GMT tocados pela janela ~24h — alinhamento tipico a SMS Transactions / Insights Last 24h; totalprice pode diferir do cartao Total Spend),2026-07-27T10:08:43Z
Havenmove,answering-machine-detection,0,0,0.000000,StartDate=2026-07-26 EndDate=2026-07-27 UTC (cover_days; soma dias GMT tocados pela janela ~24h — alinhamento tipico a SMS Transactions / Insights Last 24h; totalprice pode diferir do cartao Total Spend),2026-07-27T10:08:43Z
Havenmove,assets,0,0,0.000000,StartDate=2026-07-26 EndDate=2026-07-27 UTC (cover_days; soma dias GMT tocados pela janela ~24h — alinhamento tipico a SMS Transactions / Insights Last 24h; totalprice pode diferir do cartao Total Spend),2026-07-27T10:08:43Z
Havenmove,audience-minutes,0,0,0.000000,StartDate=2026-07-26 EndDate=2026-07-27 UTC (cover_days; soma dias GMT tocados pela janela ~24h — alinhamento tipico a SMS Transactions / Insights Last 24h; totalprice pode diferir do cartao Total Spend),2026-07-27T10:08:43Z
Havenmove,audience-minutes-audio,0,0,0.000000,StartDate=2026-07-26 EndDate=2026-07-27 UTC (cover_days; soma dias GMT tocados pela janela ~24h — alinhamento tipico a SMS Transactions / Insights Last 24h; totalprice pode diferir do cartao Total Spend),2026-07-27T10:08:43Z
Havenmove,authy-authentications,0,0,0.000000,StartDate=2026-07-26 EndDate=2026-07-27 UTC (cover_days; soma dias GMT tocados pela janela ~24h — alinhamento tipico a SMS Transactions / Insights Last 24h; totalprice pode diferir do cartao Total Spend),2026-07-27T10:08:43Z
Havenmove,authy-calls-outbound,0,0,0.000000,StartDate=2026-07-26 EndDate=2026-07-27 UTC (cover_days; soma dias GMT tocados pela janela ~24h — alinhamento tipico a SMS Transactions / Insights Last 24h; totalprice pode diferir do cartao Total Spend),2026-07-27T10:08:43Z
Havenmove,authy-email-authentications,0,0,0.000000,StartDate=2026-07-26 EndDate=2026-07-27 UTC (cover_days; soma dias GMT tocados pela janela ~24h — alinhamento tipico a SMS Transactions / Insights Last 24h; totalprice pode diferir do cartao Total Spend),2026-07-27T10:08:43Z
Havenmove,authy-monthly-fees,0,0,0.000000,StartDate=2026-07-26 EndDate=2026-07-27 UTC (cover_days; soma dias GMT tocados pela janela ~24h — alinhamento tipico a SMS Transactions / Insights Last 24h; totalprice pode diferir do cartao Total Spend),2026-07-27T10:08:43Z
Havenmove,authy-outbound-email,0,0,0.000000,StartDate=2026-07-26 EndDate=2026-07-27 UTC (cover_days; soma dias GMT tocados pela janela ~24h — alinhamento tipico a SMS Transactions / Insights Last 24h; totalprice pode diferir do cartao Total Spend),2026-07-27T10:08:43Z
Havenmove,authy-phone-intelligence,0,0,0.000000,StartDate=2026-07-26 EndDate=2026-07-27 UTC (cover_days; soma dias GMT tocados pela janela ~24h — alinhamento tipico a SMS Transactions / Insights Last 24h; totalprice pode diferir do cartao Total Spend),2026-07-27T10:08:43Z
Havenmove,authy-phone-verifications,0,0,0.000000,StartDate=2026-07-26 EndDate=2026-07-27 UTC (cover_days; soma dias GMT tocados pela janela ~24h — alinhamento tipico a SMS Transactions / Insights Last 24h; totalprice pode diferir do cartao Total Spend),2026-07-27T10:08:43Z
Havenmove,authy-sms-outbound,0,0,0.000000,StartDate=2026-07-26 EndDate=2026-07-27 UTC (cover_days; soma dias GMT tocados pela janela ~24h — alinhamento tipico a SMS Transactions / Insights Last 24h; totalprice pode diferir do cartao Total Spend),2026-07-27T10:08:43Z
Havenmove,authy-verify-email-verifications,0,0,0.000000,StartDate=2026-07-26 EndDate=2026-07-27 UTC (cover_days; soma dias GMT tocados pela janela ~24h — alinhamento tipico a SMS Transactions / Insights Last 24h; totalprice pode diferir do cartao Total Spend),2026-07-27T10:08:43Z
Havenmove,authy-verify-outbound-email,0,0,0.000000,StartDate=2026-07-26 EndDate=2026-07-27 UTC (cover_days; soma dias GMT tocados pela janela ~24h — alinhamento tipico a SMS Transactions / Insights Last 24h; totalprice pode diferir do cartao Total Spend),2026-07-27T10:08:43Z
Havenmove,autopilot,0,0,0.000000,StartDate=2026-07-26 EndDate=2026-07-27 UTC (cover_days; soma dias GMT tocados pela janela ~24h — alinhamento tipico a SMS Transactions / Insights Last 24h; totalprice pode diferir do cartao Total Spend),2026-07-27T10:08:43Z
Havenmove,autopilot-home-assistants,0,0,0.000000,StartDate=2026-07-26 EndDate=2026-07-27 UTC (cover_days; soma dias GMT tocados pela janela ~24h — alinhamento tipico a SMS Transactions / Insights Last 24h; totalprice pode diferir do cartao Total Spend),2026-07-27T10:08:43Z
Havenmove,autopilot-messaging,0,0,0.000000,StartDate=2026-07-26 EndDate=2026-07-27 UTC (cover_days; soma dias GMT tocados pela janela ~24h — alinhamento tipico a SMS Transactions / Insights Last 24h; totalprice pode diferir do cartao Total Spend),2026-07-27T10:08:43Z
Havenmove,autopilot-other,0,0,0.000000,StartDate=2026-07-26 EndDate=2026-07-27 UTC (cover_days; soma dias GMT tocados pela janela ~24h — alinhamento tipico a SMS Transactions / Insights Last 24h; totalprice pode diferir do cartao Total Spend),2026-07-27T10:08:43Z
Havenmove,autopilot-voice,0,0,0.000000,StartDate=2026-07-26 EndDate=2026-07-27 UTC (cover_days; soma dias GMT tocados pela janela ~24h — alinhamento tipico a SMS Transactions / Insights Last 24h; totalprice pode diferir do cartao Total Spend),2026-07-27T10:08:43Z
Havenmove,basic-peer-to-peer-rooms-participant-minutes,0,0,0.000000,StartDate=2026-07-26 EndDate=2026-07-27 UTC (cover_days; soma dias GMT tocados pela janela ~24h — alinhamento tipico a SMS Transactions / Insights Last 24h; totalprice pode diferir do cartao Total Spend),2026-07-27T10:08:43Z
Havenmove,branded-calling,0,0,0.000000,StartDate=2026-07-26 EndDate=2026-07-27 UTC (cover_days; soma dias GMT tocados pela janela ~24h — alinhamento tipico a SMS Transactions / Insights Last 24h; totalprice pode diferir do cartao Total Spend),2026-07-27T10:08:43Z
Havenmove,bundle-subscription-fees,0,0,0.000000,StartDate=2026-07-26 EndDate=2026-07-27 UTC (cover_days; soma dias GMT tocados pela janela ~24h — alinhamento tipico a SMS Transactions / Insights Last 24h; totalprice pode diferir do cartao Total Spend),2026-07-27T10:08:43Z
Havenmove,call-forwarding-lookups,0,0,0.000000,StartDate=2026-07-26 EndDate=2026-07-27 UTC (cover_days; soma dias GMT tocados pela janela ~24h — alinhamento tipico a SMS Transactions / Insights Last 24h; totalprice pode diferir do cartao Total Spend),2026-07-27T10:08:43Z
Havenmove,call-progess-events,0,0,0.000000,StartDate=2026-07-26 EndDate=2026-07-27 UTC (cover_days; soma dias GMT tocados pela janela ~24h — alinhamento tipico a SMS Transactions / Insights Last 24h; totalprice pode diferir do cartao Total Spend),2026-07-27T10:08:43Z
Havenmove,calleridlookups,0,0,0.000000,StartDate=2026-07-26 EndDate=2026-07-27 UTC (cover_days; soma dias GMT tocados pela janela ~24h — alinhamento tipico a SMS Transactions / Insights Last 24h; totalprice pode diferir do cartao Total Spend),2026-07-27T10:08:43Z
Havenmove,calls-client,0,0,0.000000,StartDate=2026-07-26 EndDate=2026-07-27 UTC (cover_days; soma dias GMT tocados pela janela ~24h — alinhamento tipico a SMS Transactions / Insights Last 24h; totalprice pode diferir do cartao Total Spend),2026-07-27T10:08:43Z
Havenmove,calls-emergency,0,0,0.000000,StartDate=2026-07-26 EndDate=2026-07-27 UTC (cover_days; soma dias GMT tocados pela janela ~24h — alinhamento tipico a SMS Transactions / Insights Last 24h; totalprice pode diferir do cartao Total Spend),2026-07-27T10:08:43Z
Havenmove,calls-globalconference,0,0,0.000000,StartDate=2026-07-26 EndDate=2026-07-27 UTC (cover_days; soma dias GMT tocados pela janela ~24h — alinhamento tipico a SMS Transactions / Insights Last 24h; totalprice pode diferir do cartao Total Spend),2026-07-27T10:08:43Z
Havenmove,calls-inbound-local,0,0,0.000000,StartDate=2026-07-26 EndDate=2026-07-27 UTC (cover_days; soma dias GMT tocados pela janela ~24h — alinhamento tipico a SMS Transactions / Insights Last 24h; totalprice pode diferir do cartao Total Spend),2026-07-27T10:08:43Z
Havenmove,calls-inbound-mobile,0,0,0.000000,StartDate=2026-07-26 EndDate=2026-07-27 UTC (cover_days; soma dias GMT tocados pela janela ~24h — alinhamento tipico a SMS Transactions / Insights Last 24h; totalprice pode diferir do cartao Total Spend),2026-07-27T10:08:43Z
Havenmove,calls-inbound-tollfree-local,0,0,0.000000,StartDate=2026-07-26 EndDate=2026-07-27 UTC (cover_days; soma dias GMT tocados pela janela ~24h — alinhamento tipico a SMS Transactions / Insights Last 24h; totalprice pode diferir do cartao Total Spend),2026-07-27T10:08:43Z
Havenmove,calls-inbound-tollfree-mobile,0,0,0.000000,StartDate=2026-07-26 EndDate=2026-07-27 UTC (cover_days; soma dias GMT tocados pela janela ~24h — alinhamento tipico a SMS Transactions / Insights Last 24h; totalprice pode diferir do cartao Total Spend),2026-07-27T10:08:43Z
Havenmove,calls-media-stream-minutes,0,0,0.000000,StartDate=2026-07-26 EndDate=2026-07-27 UTC (cover_days; soma dias GMT tocados pela janela ~24h — alinhamento tipico a SMS Transactions / Insights Last 24h; totalprice pode diferir do cartao Total Spend),2026-07-27T10:08:43Z
Havenmove,calls-outbound,0,0,0.000000,StartDate=2026-07-26 EndDate=2026-07-27 UTC (cover_days; soma dias GMT tocados pela janela ~24h — alinhamento tipico a SMS Transactions / Insights Last 24h; totalprice pode diferir do cartao Total Spend),2026-07-27T10:08:43Z
Havenmove,calls-pay-verb-transactions,0,0,0.000000,StartDate=2026-07-26 EndDate=2026-07-27 UTC (cover_days; soma dias GMT tocados pela janela ~24h — alinhamento tipico a SMS Transactions / Insights Last 24h; totalprice pode diferir do cartao Total Spend),2026-07-27T10:08:43Z
Havenmove,calls-recordings,0,0,0.000000,StartDate=2026-07-26 EndDate=2026-07-27 UTC (cover_days; soma dias GMT tocados pela janela ~24h — alinhamento tipico a SMS Transactions / Insights Last 24h; totalprice pode diferir do cartao Total Spend),2026-07-27T10:08:43Z
Havenmove,calls-sip,0,0,0.000000,StartDate=2026-07-26 EndDate=2026-07-27 UTC (cover_days; soma dias GMT tocados pela janela ~24h — alinhamento tipico a SMS Transactions / Insights Last 24h; totalprice pode diferir do cartao Total Spend),2026-07-27T10:08:43Z
Havenmove,calls-sip-inbound,0,0,0.000000,StartDate=2026-07-26 EndDate=2026-07-27 UTC (cover_days; soma dias GMT tocados pela janela ~24h — alinhamento tipico a SMS Transactions / Insights Last 24h; totalprice pode diferir do cartao Total Spend),2026-07-27T10:08:43Z
Havenmove,calls-sip-outbound,0,0,0.000000,StartDate=2026-07-26 EndDate=2026-07-27 UTC (cover_days; soma dias GMT tocados pela janela ~24h — alinhamento tipico a SMS Transactions / Insights Last 24h; totalprice pode diferir do cartao Total Spend),2026-07-27T10:08:43Z
Havenmove,calls-text-to-speech,0,0,0.000000,StartDate=2026-07-26 EndDate=2026-07-27 UTC (cover_days; soma dias GMT tocados pela janela ~24h — alinhamento tipico a SMS Transactions / Insights Last 24h; totalprice pode diferir do cartao Total Spend),2026-07-27T10:08:43Z
Havenmove,calls-transfers,0,0,0.000000,StartDate=2026-07-26 EndDate=2026-07-27 UTC (cover_days; soma dias GMT tocados pela janela ~24h — alinhamento tipico a SMS Transactions / Insights Last 24h; totalprice pode diferir do cartao Total Spend),2026-07-27T10:08:43Z
Havenmove,carrier-lookups,0,0,0.000000,StartDate=2026-07-26 EndDate=2026-07-27 UTC (cover_days; soma dias GMT tocados pela janela ~24h — alinhamento tipico a SMS Transactions / Insights Last 24h; totalprice pode diferir do cartao Total Spend),2026-07-27T10:08:43Z
Havenmove,category,0,0,0.000000,StartDate=2026-07-26 EndDate=2026-07-27 UTC (cover_days; soma dias GMT tocados pela janela ~24h — alinhamento tipico a SMS Transactions / Insights Last 24h; totalprice pode diferir do cartao Total Spend),2026-07-27T10:08:43Z
Havenmove,channels-messaging,0,0,0.000000,StartDate=2026-07-26 EndDate=2026-07-27 UTC (cover_days; soma dias GMT tocados pela janela ~24h — alinhamento tipico a SMS Transactions / Insights Last 24h; totalprice pode diferir do cartao Total Spend),2026-07-27T10:08:43Z
Havenmove,channels-messaging-inbound,0,0,0.000000,StartDate=2026-07-26 EndDate=2026-07-27 UTC (cover_days; soma dias GMT tocados pela janela ~24h — alinhamento tipico a SMS Transactions / Insights Last 24h; totalprice pode diferir do cartao Total Spend),2026-07-27T10:08:43Z
Havenmove,channels-messaging-outbound,0,0,0.000000,StartDate=2026-07-26 EndDate=2026-07-27 UTC (cover_days; soma dias GMT tocados pela janela ~24h — alinhamento tipico a SMS Transactions / Insights Last 24h; totalprice pode diferir do cartao Total Spend),2026-07-27T10:08:43Z
Havenmove,channels-whatsapp,0,0,0.000000,StartDate=2026-07-26 EndDate=2026-07-27 UTC (cover_days; soma dias GMT tocados pela janela ~24h — alinhamento tipico a SMS Transactions / Insights Last 24h; totalprice pode diferir do cartao Total Spend),2026-07-27T10:08:43Z
Havenmove,channels-whatsapp-conversation-authentication,0,0,0.000000,StartDate=2026-07-26 EndDate=2026-07-27 UTC (cover_days; soma dias GMT tocados pela janela ~24h — alinhamento tipico a SMS Transactions / Insights Last 24h; totalprice pode diferir do cartao Total Spend),2026-07-27T10:08:43Z
Havenmove,channels-whatsapp-conversation-free,0,0,0.000000,StartDate=2026-07-26 EndDate=2026-07-27 UTC (cover_days; soma dias GMT tocados pela janela ~24h — alinhamento tipico a SMS Transactions / Insights Last 24h; totalprice pode diferir do cartao Total Spend),2026-07-27T10:08:43Z
Havenmove,channels-whatsapp-conversation-marketing,0,0,0.000000,StartDate=2026-07-26 EndDate=2026-07-27 UTC (cover_days; soma dias GMT tocados pela janela ~24h — alinhamento tipico a SMS Transactions / Insights Last 24h; totalprice pode diferir do cartao Total Spend),2026-07-27T10:08:43Z
Havenmove,channels-whatsapp-conversation-service,0,0,0.000000,StartDate=2026-07-26 EndDate=2026-07-27 UTC (cover_days; soma dias GMT tocados pela janela ~24h — alinhamento tipico a SMS Transactions / Insights Last 24h; totalprice pode diferir do cartao Total Spend),2026-07-27T10:08:43Z
Havenmove,channels-whatsapp-conversation-utility,0,0,0.000000,StartDate=2026-07-26 EndDate=2026-07-27 UTC (cover_days; soma dias GMT tocados pela janela ~24h — alinhamento tipico a SMS Transactions / Insights Last 24h; totalprice pode diferir do cartao Total Spend),2026-07-27T10:08:43Z
Havenmove,channels-whatsapp-inbound,0,0,0.000000,StartDate=2026-07-26 EndDate=2026-07-27 UTC (cover_days; soma dias GMT tocados pela janela ~24h — alinhamento tipico a SMS Transactions / Insights Last 24h; totalprice pode diferir do cartao Total Spend),2026-07-27T10:08:43Z
Havenmove,channels-whatsapp-outbound,0,0,0.000000,StartDate=2026-07-26 EndDate=2026-07-27 UTC (cover_days; soma dias GMT tocados pela janela ~24h — alinhamento tipico a SMS Transactions / Insights Last 24h; totalprice pode diferir do cartao Total Spend),2026-07-27T10:08:43Z
Havenmove,channels-whatsapp-template-authentication,0,0,0.000000,StartDate=2026-07-26 EndDate=2026-07-27 UTC (cover_days; soma dias GMT tocados pela janela ~24h — alinhamento tipico a SMS Transactions / Insights Last 24h; totalprice pode diferir do cartao Total Spend),2026-07-27T10:08:43Z
Havenmove,channels-whatsapp-template-marketing,0,0,0.000000,StartDate=2026-07-26 EndDate=2026-07-27 UTC (cover_days; soma dias GMT tocados pela janela ~24h — alinhamento tipico a SMS Transactions / Insights Last 24h; totalprice pode diferir do cartao Total Spend),2026-07-27T10:08:43Z
Havenmove,channels-whatsapp-template-service,0,0,0.000000,StartDate=2026-07-26 EndDate=2026-07-27 UTC (cover_days; soma dias GMT tocados pela janela ~24h — alinhamento tipico a SMS Transactions / Insights Last 24h; totalprice pode diferir do cartao Total Spend),2026-07-27T10:08:43Z
Havenmove,channels-whatsapp-template-utility,0,0,0.000000,StartDate=2026-07-26 EndDate=2026-07-27 UTC (cover_days; soma dias GMT tocados pela janela ~24h — alinhamento tipico a SMS Transactions / Insights Last 24h; totalprice pode diferir do cartao Total Spend),2026-07-27T10:08:43Z
Havenmove,chat-virtual-agent,0,0,0.000000,StartDate=2026-07-26 EndDate=2026-07-27 UTC (cover_days; soma dias GMT tocados pela janela ~24h — alinhamento tipico a SMS Transactions / Insights Last 24h; totalprice pode diferir do cartao Total Spend),2026-07-27T10:08:43Z
Havenmove,conversation-ingestion,0,0,0.000000,StartDate=2026-07-26 EndDate=2026-07-27 UTC (cover_days; soma dias GMT tocados pela janela ~24h — alinhamento tipico a SMS Transactions / Insights Last 24h; totalprice pode diferir do cartao Total Spend),2026-07-27T10:08:43Z
Havenmove,conversation-intelligence,0,0,0.000000,StartDate=2026-07-26 EndDate=2026-07-27 UTC (cover_days; soma dias GMT tocados pela janela ~24h — alinhamento tipico a SMS Transactions / Insights Last 24h; totalprice pode diferir do cartao Total Spend),2026-07-27T10:08:43Z
Havenmove,conversation-memory,0,0,0.000000,StartDate=2026-07-26 EndDate=2026-07-27 UTC (cover_days; soma dias GMT tocados pela janela ~24h — alinhamento tipico a SMS Transactions / Insights Last 24h; totalprice pode diferir do cartao Total Spend),2026-07-27T10:08:43Z
Havenmove,conversation-orchestrator,0,0,0.000000,StartDate=2026-07-26 EndDate=2026-07-27 UTC (cover_days; soma dias GMT tocados pela janela ~24h — alinhamento tipico a SMS Transactions / Insights Last 24h; totalprice pode diferir do cartao Total Spend),2026-07-27T10:08:43Z
Havenmove,conversation-relay,0,0,0.000000,StartDate=2026-07-26 EndDate=2026-07-27 UTC (cover_days; soma dias GMT tocados pela janela ~24h — alinhamento tipico a SMS Transactions / Insights Last 24h; totalprice pode diferir do cartao Total Spend),2026-07-27T10:08:43Z
Havenmove,conversations,0,0,0.000000,StartDate=2026-07-26 EndDate=2026-07-27 UTC (cover_days; soma dias GMT tocados pela janela ~24h — alinhamento tipico a SMS Transactions / Insights Last 24h; totalprice pode diferir do cartao Total Spend),2026-07-27T10:08:43Z
Havenmove,conversations-api-requests,0,0,0.000000,StartDate=2026-07-26 EndDate=2026-07-27 UTC (cover_days; soma dias GMT tocados pela janela ~24h — alinhamento tipico a SMS Transactions / Insights Last 24h; totalprice pode diferir do cartao Total Spend),2026-07-27T10:08:43Z
Havenmove,conversations-conversation-events,0,0,0.000000,StartDate=2026-07-26 EndDate=2026-07-27 UTC (cover_days; soma dias GMT tocados pela janela ~24h — alinhamento tipico a SMS Transactions / Insights Last 24h; totalprice pode diferir do cartao Total Spend),2026-07-27T10:08:43Z
Havenmove,conversations-endpoint-connectivity,0,0,0.000000,StartDate=2026-07-26 EndDate=2026-07-27 UTC (cover_days; soma dias GMT tocados pela janela ~24h — alinhamento tipico a SMS Transactions / Insights Last 24h; totalprice pode diferir do cartao Total Spend),2026-07-27T10:08:43Z
Havenmove,conversations-events,0,0,0.000000,StartDate=2026-07-26 EndDate=2026-07-27 UTC (cover_days; soma dias GMT tocados pela janela ~24h — alinhamento tipico a SMS Transactions / Insights Last 24h; totalprice pode diferir do cartao Total Spend),2026-07-27T10:08:43Z
Havenmove,conversations-participant-events,0,0,0.000000,StartDate=2026-07-26 EndDate=2026-07-27 UTC (cover_days; soma dias GMT tocados pela janela ~24h — alinhamento tipico a SMS Transactions / Insights Last 24h; totalprice pode diferir do cartao Total Spend),2026-07-27T10:08:43Z
Havenmove,conversations-participants,0,0,0.000000,StartDate=2026-07-26 EndDate=2026-07-27 UTC (cover_days; soma dias GMT tocados pela janela ~24h — alinhamento tipico a SMS Transactions / Insights Last 24h; totalprice pode diferir do cartao Total Spend),2026-07-27T10:08:43Z
Havenmove,cps,0,0,0.000000,StartDate=2026-07-26 EndDate=2026-07-27 UTC (cover_days; soma dias GMT tocados pela janela ~24h — alinhamento tipico a SMS Transactions / Insights Last 24h; totalprice pode diferir do cartao Total Spend),2026-07-27T10:08:43Z
Havenmove,credit-transfer,0,0,0.000000,StartDate=2026-07-26 EndDate=2026-07-27 UTC (cover_days; soma dias GMT tocados pela janela ~24h — alinhamento tipico a SMS Transactions / Insights Last 24h; totalprice pode diferir do cartao Total Spend),2026-07-27T10:08:43Z
Havenmove,custom-language-operators-speed-input,0,0,0.000000,StartDate=2026-07-26 EndDate=2026-07-27 UTC (cover_days; soma dias GMT tocados pela janela ~24h — alinhamento tipico a SMS Transactions / Insights Last 24h; totalprice pode diferir do cartao Total Spend),2026-07-27T10:08:43Z
Havenmove,custom-language-operators-speed-output,0,0,0.000000,StartDate=2026-07-26 EndDate=2026-07-27 UTC (cover_days; soma dias GMT tocados pela janela ~24h — alinhamento tipico a SMS Transactions / Insights Last 24h; totalprice pode diferir do cartao Total Spend),2026-07-27T10:08:43Z
Havenmove,custom-number-services,0,0,0.000000,StartDate=2026-07-26 EndDate=2026-07-27 UTC (cover_days; soma dias GMT tocados pela janela ~24h — alinhamento tipico a SMS Transactions / Insights Last 24h; totalprice pode diferir do cartao Total Spend),2026-07-27T10:08:43Z
Havenmove,email,0,0,0.000000,StartDate=2026-07-26 EndDate=2026-07-27 UTC (cover_days; soma dias GMT tocados pela janela ~24h — alinhamento tipico a SMS Transactions / Insights Last 24h; totalprice pode diferir do cartao Total Spend),2026-07-27T10:08:43Z
Havenmove,email-sends,0,0,0.000000,StartDate=2026-07-26 EndDate=2026-07-27 UTC (cover_days; soma dias GMT tocados pela janela ~24h — alinhamento tipico a SMS Transactions / Insights Last 24h; totalprice pode diferir do cartao Total Spend),2026-07-27T10:08:43Z
Havenmove,emerging-tech,0,0,0.000000,StartDate=2026-07-26 EndDate=2026-07-27 UTC (cover_days; soma dias GMT tocados pela janela ~24h — alinhamento tipico a SMS Transactions / Insights Last 24h; totalprice pode diferir do cartao Total Spend),2026-07-27T10:08:43Z
Havenmove,engagement-suite-packaged-plans,0,0,0.000000,StartDate=2026-07-26 EndDate=2026-07-27 UTC (cover_days; soma dias GMT tocados pela janela ~24h — alinhamento tipico a SMS Transactions / Insights Last 24h; totalprice pode diferir do cartao Total Spend),2026-07-27T10:08:43Z
Havenmove,enhanced-line-type-lookups,0,0,0.000000,StartDate=2026-07-26 EndDate=2026-07-27 UTC (cover_days; soma dias GMT tocados pela janela ~24h — alinhamento tipico a SMS Transactions / Insights Last 24h; totalprice pode diferir do cartao Total Spend),2026-07-27T10:08:43Z
Havenmove,enterprise,0,0,0.000000,StartDate=2026-07-26 EndDate=2026-07-27 UTC (cover_days; soma dias GMT tocados pela janela ~24h — alinhamento tipico a SMS Transactions / Insights Last 24h; totalprice pode diferir do cartao Total Spend),2026-07-27T10:08:43Z
Havenmove,enterprise-knowledge,0,0,0.000000,StartDate=2026-07-26 EndDate=2026-07-27 UTC (cover_days; soma dias GMT tocados pela janela ~24h — alinhamento tipico a SMS Transactions / Insights Last 24h; totalprice pode diferir do cartao Total Spend),2026-07-27T10:08:43Z
Havenmove,events,0,0,0.000000,StartDate=2026-07-26 EndDate=2026-07-27 UTC (cover_days; soma dias GMT tocados pela janela ~24h — alinhamento tipico a SMS Transactions / Insights Last 24h; totalprice pode diferir do cartao Total Spend),2026-07-27T10:08:43Z
Havenmove,experiment-france-sms,0,0,0.000000,StartDate=2026-07-26 EndDate=2026-07-27 UTC (cover_days; soma dias GMT tocados pela janela ~24h — alinhamento tipico a SMS Transactions / Insights Last 24h; totalprice pode diferir do cartao Total Spend),2026-07-27T10:08:43Z
Havenmove,experiment-india-sms,0,0,0.000000,StartDate=2026-07-26 EndDate=2026-07-27 UTC (cover_days; soma dias GMT tocados pela janela ~24h — alinhamento tipico a SMS Transactions / Insights Last 24h; totalprice pode diferir do cartao Total Spend),2026-07-27T10:08:43Z
Havenmove,experiment-uk-sms,0,0,0.000000,StartDate=2026-07-26 EndDate=2026-07-27 UTC (cover_days; soma dias GMT tocados pela janela ~24h — alinhamento tipico a SMS Transactions / Insights Last 24h; totalprice pode diferir do cartao Total Spend),2026-07-27T10:08:43Z
Havenmove,flex,0,0,0.000000,StartDate=2026-07-26 EndDate=2026-07-27 UTC (cover_days; soma dias GMT tocados pela janela ~24h — alinhamento tipico a SMS Transactions / Insights Last 24h; totalprice pode diferir do cartao Total Spend),2026-07-27T10:08:43Z
Havenmove,flex-active-user-hours,0,0,0.000000,StartDate=2026-07-26 EndDate=2026-07-27 UTC (cover_days; soma dias GMT tocados pela janela ~24h — alinhamento tipico a SMS Transactions / Insights Last 24h; totalprice pode diferir do cartao Total Spend),2026-07-27T10:08:43Z
Havenmove,flex-concurrent-users,0,0,0.000000,StartDate=2026-07-26 EndDate=2026-07-27 UTC (cover_days; soma dias GMT tocados pela janela ~24h — alinhamento tipico a SMS Transactions / Insights Last 24h; totalprice pode diferir do cartao Total Spend),2026-07-27T10:08:43Z
Havenmove,flex-connectivity,0,0,0.000000,StartDate=2026-07-26 EndDate=2026-07-27 UTC (cover_days; soma dias GMT tocados pela janela ~24h — alinhamento tipico a SMS Transactions / Insights Last 24h; totalprice pode diferir do cartao Total Spend),2026-07-27T10:08:43Z
Havenmove,flex-conversational-insights,0,0,0.000000,StartDate=2026-07-26 EndDate=2026-07-27 UTC (cover_days; soma dias GMT tocados pela janela ~24h — alinhamento tipico a SMS Transactions / Insights Last 24h; totalprice pode diferir do cartao Total Spend),2026-07-27T10:08:43Z
Havenmove,flex-conversational-insights-messages,0,0,0.000000,StartDate=2026-07-26 EndDate=2026-07-27 UTC (cover_days; soma dias GMT tocados pela janela ~24h — alinhamento tipico a SMS Transactions / Insights Last 24h; totalprice pode diferir do cartao Total Spend),2026-07-27T10:08:43Z
Havenmove,flex-conversational-insights-voice-minutes,0,0,0.000000,StartDate=2026-07-26 EndDate=2026-07-27 UTC (cover_days; soma dias GMT tocados pela janela ~24h — alinhamento tipico a SMS Transactions / Insights Last 24h; totalprice pode diferir do cartao Total Spend),2026-07-27T10:08:43Z
Havenmove,flex-email-usage,0,0,0.000000,StartDate=2026-07-26 EndDate=2026-07-27 UTC (cover_days; soma dias GMT tocados pela janela ~24h — alinhamento tipico a SMS Transactions / Insights Last 24h; totalprice pode diferir do cartao Total Spend),2026-07-27T10:08:43Z
Havenmove,flex-messaging-usage,0,0,0.000000,StartDate=2026-07-26 EndDate=2026-07-27 UTC (cover_days; soma dias GMT tocados pela janela ~24h — alinhamento tipico a SMS Transactions / Insights Last 24h; totalprice pode diferir do cartao Total Spend),2026-07-27T10:08:43Z
Havenmove,flex-partner-spinsci,0,0,0.000000,StartDate=2026-07-26 EndDate=2026-07-27 UTC (cover_days; soma dias GMT tocados pela janela ~24h — alinhamento tipico a SMS Transactions / Insights Last 24h; totalprice pode diferir do cartao Total Spend),2026-07-27T10:08:43Z
Havenmove,flex-partner-xcelerate,0,0,0.000000,StartDate=2026-07-26 EndDate=2026-07-27 UTC (cover_days; soma dias GMT tocados pela janela ~24h — alinhamento tipico a SMS Transactions / Insights Last 24h; totalprice pode diferir do cartao Total Spend),2026-07-27T10:08:43Z
Havenmove,flex-reseller-ecosystem,0,0,0.000000,StartDate=2026-07-26 EndDate=2026-07-27 UTC (cover_days; soma dias GMT tocados pela janela ~24h — alinhamento tipico a SMS Transactions / Insights Last 24h; totalprice pode diferir do cartao Total Spend),2026-07-27T10:08:43Z
Havenmove,flex-unique-user,0,0,0.000000,StartDate=2026-07-26 EndDate=2026-07-27 UTC (cover_days; soma dias GMT tocados pela janela ~24h — alinhamento tipico a SMS Transactions / Insights Last 24h; totalprice pode diferir do cartao Total Spend),2026-07-27T10:08:43Z
Havenmove,flex-usage,0,0,0.000000,StartDate=2026-07-26 EndDate=2026-07-27 UTC (cover_days; soma dias GMT tocados pela janela ~24h — alinhamento tipico a SMS Transactions / Insights Last 24h; totalprice pode diferir do cartao Total Spend),2026-07-27T10:08:43Z
Havenmove,flex-users,0,0,0.000000,StartDate=2026-07-26 EndDate=2026-07-27 UTC (cover_days; soma dias GMT tocados pela janela ~24h — alinhamento tipico a SMS Transactions / Insights Last 24h; totalprice pode diferir do cartao Total Spend),2026-07-27T10:08:43Z
Havenmove,flex-voice-minute,0,0,0.000000,StartDate=2026-07-26 EndDate=2026-07-27 UTC (cover_days; soma dias GMT tocados pela janela ~24h — alinhamento tipico a SMS Transactions / Insights Last 24h; totalprice pode diferir do cartao Total Spend),2026-07-27T10:08:43Z
Havenmove,flex-ytica,0,0,0.000000,StartDate=2026-07-26 EndDate=2026-07-27 UTC (cover_days; soma dias GMT tocados pela janela ~24h — alinhamento tipico a SMS Transactions / Insights Last 24h; totalprice pode diferir do cartao Total Spend),2026-07-27T10:08:43Z
Havenmove,fraud-lookups,0,0,0.000000,StartDate=2026-07-26 EndDate=2026-07-27 UTC (cover_days; soma dias GMT tocados pela janela ~24h — alinhamento tipico a SMS Transactions / Insights Last 24h; totalprice pode diferir do cartao Total Spend),2026-07-27T10:08:43Z
Havenmove,frontline,0,0,0.000000,StartDate=2026-07-26 EndDate=2026-07-27 UTC (cover_days; soma dias GMT tocados pela janela ~24h — alinhamento tipico a SMS Transactions / Insights Last 24h; totalprice pode diferir do cartao Total Spend),2026-07-27T10:08:43Z
Havenmove,frontline-users,0,0,0.000000,StartDate=2026-07-26 EndDate=2026-07-27 UTC (cover_days; soma dias GMT tocados pela janela ~24h — alinhamento tipico a SMS Transactions / Insights Last 24h; totalprice pode diferir do cartao Total Spend),2026-07-27T10:08:43Z
Havenmove,functions,0,0,0.000000,StartDate=2026-07-26 EndDate=2026-07-27 UTC (cover_days; soma dias GMT tocados pela janela ~24h — alinhamento tipico a SMS Transactions / Insights Last 24h; totalprice pode diferir do cartao Total Spend),2026-07-27T10:08:43Z
Havenmove,generic-pay-transactions,0,0,0.000000,StartDate=2026-07-26 EndDate=2026-07-27 UTC (cover_days; soma dias GMT tocados pela janela ~24h — alinhamento tipico a SMS Transactions / Insights Last 24h; totalprice pode diferir do cartao Total Spend),2026-07-27T10:08:43Z
Havenmove,group-rooms,0,0,0.000000,StartDate=2026-07-26 EndDate=2026-07-27 UTC (cover_days; soma dias GMT tocados pela janela ~24h — alinhamento tipico a SMS Transactions / Insights Last 24h; totalprice pode diferir do cartao Total Spend),2026-07-27T10:08:43Z
Havenmove,group-rooms-data-track,0,0,0.000000,StartDate=2026-07-26 EndDate=2026-07-27 UTC (cover_days; soma dias GMT tocados pela janela ~24h — alinhamento tipico a SMS Transactions / Insights Last 24h; totalprice pode diferir do cartao Total Spend),2026-07-27T10:08:43Z
Havenmove,group-rooms-encrypted-media-recorded,0,0,0.000000,StartDate=2026-07-26 EndDate=2026-07-27 UTC (cover_days; soma dias GMT tocados pela janela ~24h — alinhamento tipico a SMS Transactions / Insights Last 24h; totalprice pode diferir do cartao Total Spend),2026-07-27T10:08:43Z
Havenmove,group-rooms-media-downloaded,0,0,0.000000,StartDate=2026-07-26 EndDate=2026-07-27 UTC (cover_days; soma dias GMT tocados pela janela ~24h — alinhamento tipico a SMS Transactions / Insights Last 24h; totalprice pode diferir do cartao Total Spend),2026-07-27T10:08:43Z
Havenmove,group-rooms-media-recorded,0,0,0.000000,StartDate=2026-07-26 EndDate=2026-07-27 UTC (cover_days; soma dias GMT tocados pela janela ~24h — alinhamento tipico a SMS Transactions / Insights Last 24h; totalprice pode diferir do cartao Total Spend),2026-07-27T10:08:43Z
Havenmove,group-rooms-media-routed,0,0,0.000000,StartDate=2026-07-26 EndDate=2026-07-27 UTC (cover_days; soma dias GMT tocados pela janela ~24h — alinhamento tipico a SMS Transactions / Insights Last 24h; totalprice pode diferir do cartao Total Spend),2026-07-27T10:08:43Z
Havenmove,group-rooms-media-stored,0,0,0.000000,StartDate=2026-07-26 EndDate=2026-07-27 UTC (cover_days; soma dias GMT tocados pela janela ~24h — alinhamento tipico a SMS Transactions / Insights Last 24h; totalprice pode diferir do cartao Total Spend),2026-07-27T10:08:43Z
Havenmove,group-rooms-participant-minutes,0,0,0.000000,StartDate=2026-07-26 EndDate=2026-07-27 UTC (cover_days; soma dias GMT tocados pela janela ~24h — alinhamento tipico a SMS Transactions / Insights Last 24h; totalprice pode diferir do cartao Total Spend),2026-07-27T10:08:43Z
Havenmove,group-rooms-recorded-minutes,0,0,0.000000,StartDate=2026-07-26 EndDate=2026-07-27 UTC (cover_days; soma dias GMT tocados pela janela ~24h — alinhamento tipico a SMS Transactions / Insights Last 24h; totalprice pode diferir do cartao Total Spend),2026-07-27T10:08:43Z
Havenmove,ip-messaging,0,0,0.000000,StartDate=2026-07-26 EndDate=2026-07-27 UTC (cover_days; soma dias GMT tocados pela janela ~24h — alinhamento tipico a SMS Transactions / Insights Last 24h; totalprice pode diferir do cartao Total Spend),2026-07-27T10:08:43Z
Havenmove,ip-messaging-commands,0,0,0.000000,StartDate=2026-07-26 EndDate=2026-07-27 UTC (cover_days; soma dias GMT tocados pela janela ~24h — alinhamento tipico a SMS Transactions / Insights Last 24h; totalprice pode diferir do cartao Total Spend),2026-07-27T10:08:43Z
Havenmove,ip-messaging-data-storage,0,0,0.000000,StartDate=2026-07-26 EndDate=2026-07-27 UTC (cover_days; soma dias GMT tocados pela janela ~24h — alinhamento tipico a SMS Transactions / Insights Last 24h; totalprice pode diferir do cartao Total Spend),2026-07-27T10:08:43Z
Havenmove,ip-messaging-data-transfer,0,0,0.000000,StartDate=2026-07-26 EndDate=2026-07-27 UTC (cover_days; soma dias GMT tocados pela janela ~24h — alinhamento tipico a SMS Transactions / Insights Last 24h; totalprice pode diferir do cartao Total Spend),2026-07-27T10:08:43Z
Havenmove,ip-messaging-endpoint-connectivity,0,0,0.000000,StartDate=2026-07-26 EndDate=2026-07-27 UTC (cover_days; soma dias GMT tocados pela janela ~24h — alinhamento tipico a SMS Transactions / Insights Last 24h; totalprice pode diferir do cartao Total Spend),2026-07-27T10:08:43Z
Havenmove,ivr-virtual-agent-custom-voices,0,0,0.000000,StartDate=2026-07-26 EndDate=2026-07-27 UTC (cover_days; soma dias GMT tocados pela janela ~24h — alinhamento tipico a SMS Transactions / Insights Last 24h; totalprice pode diferir do cartao Total Spend),2026-07-27T10:08:43Z
Havenmove,ivr-virtual-agent-genai,0,0,0.000000,StartDate=2026-07-26 EndDate=2026-07-27 UTC (cover_days; soma dias GMT tocados pela janela ~24h — alinhamento tipico a SMS Transactions / Insights Last 24h; totalprice pode diferir do cartao Total Spend),2026-07-27T10:08:43Z
Havenmove,knowledge-retrieval,0,0,0.000000,StartDate=2026-07-26 EndDate=2026-07-27 UTC (cover_days; soma dias GMT tocados pela janela ~24h — alinhamento tipico a SMS Transactions / Insights Last 24h; totalprice pode diferir do cartao Total Spend),2026-07-27T10:08:43Z
Havenmove,knowledge-storage,0,0,0.000000,StartDate=2026-07-26 EndDate=2026-07-27 UTC (cover_days; soma dias GMT tocados pela janela ~24h — alinhamento tipico a SMS Transactions / Insights Last 24h; totalprice pode diferir do cartao Total Spend),2026-07-27T10:08:43Z
Havenmove,line-status-lookups,0,0,0.000000,StartDate=2026-07-26 EndDate=2026-07-27 UTC (cover_days; soma dias GMT tocados pela janela ~24h — alinhamento tipico a SMS Transactions / Insights Last 24h; totalprice pode diferir do cartao Total Spend),2026-07-27T10:08:43Z
Havenmove,live-activity-lookups,0,0,0.000000,StartDate=2026-07-26 EndDate=2026-07-27 UTC (cover_days; soma dias GMT tocados pela janela ~24h — alinhamento tipico a SMS Transactions / Insights Last 24h; totalprice pode diferir do cartao Total Spend),2026-07-27T10:08:43Z
Havenmove,lookup-bucket-adjustment,0,0,0.000000,StartDate=2026-07-26 EndDate=2026-07-27 UTC (cover_days; soma dias GMT tocados pela janela ~24h — alinhamento tipico a SMS Transactions / Insights Last 24h; totalprice pode diferir do cartao Total Spend),2026-07-27T10:08:43Z
Havenmove,lookup-identity-match,0,0,0.000000,StartDate=2026-07-26 EndDate=2026-07-27 UTC (cover_days; soma dias GMT tocados pela janela ~24h — alinhamento tipico a SMS Transactions / Insights Last 24h; totalprice pode diferir do cartao Total Spend),2026-07-27T10:08:43Z
Havenmove,lookups,0,0,0.000000,StartDate=2026-07-26 EndDate=2026-07-27 UTC (cover_days; soma dias GMT tocados pela janela ~24h — alinhamento tipico a SMS Transactions / Insights Last 24h; totalprice pode diferir do cartao Total Spend),2026-07-27T10:08:43Z
Havenmove,marketplace,0,0,0.000000,StartDate=2026-07-26 EndDate=2026-07-27 UTC (cover_days; soma dias GMT tocados pela janela ~24h — alinhamento tipico a SMS Transactions / Insights Last 24h; totalprice pode diferir do cartao Total Spend),2026-07-27T10:08:43Z
Havenmove,marketplace-algorithmia-named-entity-recognition,0,0,0.000000,StartDate=2026-07-26 EndDate=2026-07-27 UTC (cover_days; soma dias GMT tocados pela janela ~24h — alinhamento tipico a SMS Transactions / Insights Last 24h; totalprice pode diferir do cartao Total Spend),2026-07-27T10:08:43Z
Havenmove,marketplace-bot-msg.ai-deliveryaware,0,0,0.000000,StartDate=2026-07-26 EndDate=2026-07-27 UTC (cover_days; soma dias GMT tocados pela janela ~24h — alinhamento tipico a SMS Transactions / Insights Last 24h; totalprice pode diferir do cartao Total Spend),2026-07-27T10:08:43Z
Havenmove,marketplace-cadence-transcription,0,0,0.000000,StartDate=2026-07-26 EndDate=2026-07-27 UTC (cover_days; soma dias GMT tocados pela janela ~24h — alinhamento tipico a SMS Transactions / Insights Last 24h; totalprice pode diferir do cartao Total Spend),2026-07-27T10:08:43Z
Havenmove,marketplace-cadence-translation,0,0,0.000000,StartDate=2026-07-26 EndDate=2026-07-27 UTC (cover_days; soma dias GMT tocados pela janela ~24h — alinhamento tipico a SMS Transactions / Insights Last 24h; totalprice pode diferir do cartao Total Spend),2026-07-27T10:08:43Z
Havenmove,marketplace-capio-speech-to-text,0,0,0.000000,StartDate=2026-07-26 EndDate=2026-07-27 UTC (cover_days; soma dias GMT tocados pela janela ~24h — alinhamento tipico a SMS Transactions / Insights Last 24h; totalprice pode diferir do cartao Total Spend),2026-07-27T10:08:43Z
Havenmove,marketplace-convriza-ababa,0,0,0.000000,StartDate=2026-07-26 EndDate=2026-07-27 UTC (cover_days; soma dias GMT tocados pela janela ~24h — alinhamento tipico a SMS Transactions / Insights Last 24h; totalprice pode diferir do cartao Total Spend),2026-07-27T10:08:43Z
Havenmove,marketplace-deepgram-phrase-detector,0,0,0.000000,StartDate=2026-07-26 EndDate=2026-07-27 UTC (cover_days; soma dias GMT tocados pela janela ~24h — alinhamento tipico a SMS Transactions / Insights Last 24h; totalprice pode diferir do cartao Total Spend),2026-07-27T10:08:43Z
Havenmove,marketplace-deepgram-transcription,0,0,0.000000,StartDate=2026-07-26 EndDate=2026-07-27 UTC (cover_days; soma dias GMT tocados pela janela ~24h — alinhamento tipico a SMS Transactions / Insights Last 24h; totalprice pode diferir do cartao Total Spend),2026-07-27T10:08:43Z
Havenmove,marketplace-deepgram-transcription-base,0,0,0.000000,StartDate=2026-07-26 EndDate=2026-07-27 UTC (cover_days; soma dias GMT tocados pela janela ~24h — alinhamento tipico a SMS Transactions / Insights Last 24h; totalprice pode diferir do cartao Total Spend),2026-07-27T10:08:43Z
Havenmove,marketplace-deepgram-transscription-enhanced,0,0,0.000000,StartDate=2026-07-26 EndDate=2026-07-27 UTC (cover_days; soma dias GMT tocados pela janela ~24h — alinhamento tipico a SMS Transactions / Insights Last 24h; totalprice pode diferir do cartao Total Spend),2026-07-27T10:08:43Z
Havenmove,marketplace-digital-segment-business-info,0,0,0.000000,StartDate=2026-07-26 EndDate=2026-07-27 UTC (cover_days; soma dias GMT tocados pela janela ~24h — alinhamento tipico a SMS Transactions / Insights Last 24h; totalprice pode diferir do cartao Total Spend),2026-07-27T10:08:43Z
Havenmove,marketplace-facebook-offline-conversions,0,0,0.000000,StartDate=2026-07-26 EndDate=2026-07-27 UTC (cover_days; soma dias GMT tocados pela janela ~24h — alinhamento tipico a SMS Transactions / Insights Last 24h; totalprice pode diferir do cartao Total Spend),2026-07-27T10:08:43Z
Havenmove,marketplace-google-speech-to-text,0,0,0.000000,StartDate=2026-07-26 EndDate=2026-07-27 UTC (cover_days; soma dias GMT tocados pela janela ~24h — alinhamento tipico a SMS Transactions / Insights Last 24h; totalprice pode diferir do cartao Total Spend),2026-07-27T10:08:43Z
Havenmove,marketplace-ibm-watson-message-insights,0,0,0.000000,StartDate=2026-07-26 EndDate=2026-07-27 UTC (cover_days; soma dias GMT tocados pela janela ~24h — alinhamento tipico a SMS Transactions / Insights Last 24h; totalprice pode diferir do cartao Total Spend),2026-07-27T10:08:43Z
Havenmove,marketplace-ibm-watson-message-sentiment,0,0,0.000000,StartDate=2026-07-26 EndDate=2026-07-27 UTC (cover_days; soma dias GMT tocados pela janela ~24h — alinhamento tipico a SMS Transactions / Insights Last 24h; totalprice pode diferir do cartao Total Spend),2026-07-27T10:08:43Z
Havenmove,marketplace-ibm-watson-recording-analysis,0,0,0.000000,StartDate=2026-07-26 EndDate=2026-07-27 UTC (cover_days; soma dias GMT tocados pela janela ~24h — alinhamento tipico a SMS Transactions / Insights Last 24h; totalprice pode diferir do cartao Total Spend),2026-07-27T10:08:43Z
Havenmove,marketplace-ibm-watson-tone-analyzer,0,0,0.000000,StartDate=2026-07-26 EndDate=2026-07-27 UTC (cover_days; soma dias GMT tocados pela janela ~24h — alinhamento tipico a SMS Transactions / Insights Last 24h; totalprice pode diferir do cartao Total Spend),2026-07-27T10:08:43Z
Havenmove,marketplace-icehook-systems-scout,0,0,0.000000,StartDate=2026-07-26 EndDate=2026-07-27 UTC (cover_days; soma dias GMT tocados pela janela ~24h — alinhamento tipico a SMS Transactions / Insights Last 24h; totalprice pode diferir do cartao Total Spend),2026-07-27T10:08:43Z
Havenmove,marketplace-infogroup-dataaxle-bizinfo,0,0,0.000000,StartDate=2026-07-26 EndDate=2026-07-27 UTC (cover_days; soma dias GMT tocados pela janela ~24h — alinhamento tipico a SMS Transactions / Insights Last 24h; totalprice pode diferir do cartao Total Spend),2026-07-27T10:08:43Z
Havenmove,marketplace-keen-io-contact-center-analytics,0,0,0.000000,StartDate=2026-07-26 EndDate=2026-07-27 UTC (cover_days; soma dias GMT tocados pela janela ~24h — alinhamento tipico a SMS Transactions / Insights Last 24h; totalprice pode diferir do cartao Total Spend),2026-07-27T10:08:43Z
Havenmove,marketplace-marchex-cleancall,0,0,0.000000,StartDate=2026-07-26 EndDate=2026-07-27 UTC (cover_days; soma dias GMT tocados pela janela ~24h — alinhamento tipico a SMS Transactions / Insights Last 24h; totalprice pode diferir do cartao Total Spend),2026-07-27T10:08:43Z
Havenmove,marketplace-marchex-recording-analysis,0,0,0.000000,StartDate=2026-07-26 EndDate=2026-07-27 UTC (cover_days; soma dias GMT tocados pela janela ~24h — alinhamento tipico a SMS Transactions / Insights Last 24h; totalprice pode diferir do cartao Total Spend),2026-07-27T10:08:43Z
Havenmove,marketplace-marchex-sentiment-analysis-for-sms,0,0,0.000000,StartDate=2026-07-26 EndDate=2026-07-27 UTC (cover_days; soma dias GMT tocados pela janela ~24h — alinhamento tipico a SMS Transactions / Insights Last 24h; totalprice pode diferir do cartao Total Spend),2026-07-27T10:08:43Z
Havenmove,marketplace-marketplace-nextcaller-social-id,0,0,0.000000,StartDate=2026-07-26 EndDate=2026-07-27 UTC (cover_days; soma dias GMT tocados pela janela ~24h — alinhamento tipico a SMS Transactions / Insights Last 24h; totalprice pode diferir do cartao Total Spend),2026-07-27T10:08:43Z
Havenmove,marketplace-mobile-commons-opt-out-classifier,0,0,0.000000,StartDate=2026-07-26 EndDate=2026-07-27 UTC (cover_days; soma dias GMT tocados pela janela ~24h — alinhamento tipico a SMS Transactions / Insights Last 24h; totalprice pode diferir do cartao Total Spend),2026-07-27T10:08:43Z
Havenmove,marketplace-msg.ai-deliveryaware,0,0,0.000000,StartDate=2026-07-26 EndDate=2026-07-27 UTC (cover_days; soma dias GMT tocados pela janela ~24h — alinhamento tipico a SMS Transactions / Insights Last 24h; totalprice pode diferir do cartao Total Spend),2026-07-27T10:08:43Z
Havenmove,marketplace-nexiwave-voicemail-to-text,0,0,0.000000,StartDate=2026-07-26 EndDate=2026-07-27 UTC (cover_days; soma dias GMT tocados pela janela ~24h — alinhamento tipico a SMS Transactions / Insights Last 24h; totalprice pode diferir do cartao Total Spend),2026-07-27T10:08:43Z
Havenmove,marketplace-nextcaller-advanced-caller-identification,0,0,0.000000,StartDate=2026-07-26 EndDate=2026-07-27 UTC (cover_days; soma dias GMT tocados pela janela ~24h — alinhamento tipico a SMS Transactions / Insights Last 24h; totalprice pode diferir do cartao Total Spend),2026-07-27T10:08:43Z
Havenmove,marketplace-nomorobo-spam-score,0,0,0.000000,StartDate=2026-07-26 EndDate=2026-07-27 UTC (cover_days; soma dias GMT tocados pela janela ~24h — alinhamento tipico a SMS Transactions / Insights Last 24h; totalprice pode diferir do cartao Total Spend),2026-07-27T10:08:43Z
Havenmove,marketplace-pay-addons,0,0,0.000000,StartDate=2026-07-26 EndDate=2026-07-27 UTC (cover_days; soma dias GMT tocados pela janela ~24h — alinhamento tipico a SMS Transactions / Insights Last 24h; totalprice pode diferir do cartao Total Spend),2026-07-27T10:08:43Z
Havenmove,marketplace-pay-addons-basecommerce-pay-connector,0,0,0.000000,StartDate=2026-07-26 EndDate=2026-07-27 UTC (cover_days; soma dias GMT tocados pela janela ~24h — alinhamento tipico a SMS Transactions / Insights Last 24h; totalprice pode diferir do cartao Total Spend),2026-07-27T10:08:43Z
Havenmove,marketplace-pay-addons-braintree-pay-connector,0,0,0.000000,StartDate=2026-07-26 EndDate=2026-07-27 UTC (cover_days; soma dias GMT tocados pela janela ~24h — alinhamento tipico a SMS Transactions / Insights Last 24h; totalprice pode diferir do cartao Total Spend),2026-07-27T10:08:43Z
Havenmove,marketplace-pay-addons-cardconnect-pay-connector,0,0,0.000000,StartDate=2026-07-26 EndDate=2026-07-27 UTC (cover_days; soma dias GMT tocados pela janela ~24h — alinhamento tipico a SMS Transactions / Insights Last 24h; totalprice pode diferir do cartao Total Spend),2026-07-27T10:08:43Z
Havenmove,marketplace-pay-addons-chase-pay-connector,0,0,0.000000,StartDate=2026-07-26 EndDate=2026-07-27 UTC (cover_days; soma dias GMT tocados pela janela ~24h — alinhamento tipico a SMS Transactions / Insights Last 24h; totalprice pode diferir do cartao Total Spend),2026-07-27T10:08:43Z
Havenmove,marketplace-pay-addons-shuttle-pay-connector,0,0,0.000000,StartDate=2026-07-26 EndDate=2026-07-27 UTC (cover_days; soma dias GMT tocados pela janela ~24h — alinhamento tipico a SMS Transactions / Insights Last 24h; totalprice pode diferir do cartao Total Spend),2026-07-27T10:08:43Z
Havenmove,marketplace-pay-addons-stripe-pay-connector,0,0,0.000000,StartDate=2026-07-26 EndDate=2026-07-27 UTC (cover_days; soma dias GMT tocados pela janela ~24h — alinhamento tipico a SMS Transactions / Insights Last 24h; totalprice pode diferir do cartao Total Spend),2026-07-27T10:08:43Z
Havenmove,marketplace-payfone-tcpa-compliance,0,0,0.000000,StartDate=2026-07-26 EndDate=2026-07-27 UTC (cover_days; soma dias GMT tocados pela janela ~24h — alinhamento tipico a SMS Transactions / Insights Last 24h; totalprice pode diferir do cartao Total Spend),2026-07-27T10:08:43Z
Havenmove,marketplace-poly-ai-connector,0,0,0.000000,StartDate=2026-07-26 EndDate=2026-07-27 UTC (cover_days; soma dias GMT tocados pela janela ~24h — alinhamento tipico a SMS Transactions / Insights Last 24h; totalprice pode diferir do cartao Total Spend),2026-07-27T10:08:43Z
Havenmove,marketplace-realphonevalidation,0,0,0.000000,StartDate=2026-07-26 EndDate=2026-07-27 UTC (cover_days; soma dias GMT tocados pela janela ~24h — alinhamento tipico a SMS Transactions / Insights Last 24h; totalprice pode diferir do cartao Total Spend),2026-07-27T10:08:43Z
Havenmove,marketplace-remeeting-automatic-speech-recognition,0,0,0.000000,StartDate=2026-07-26 EndDate=2026-07-27 UTC (cover_days; soma dias GMT tocados pela janela ~24h — alinhamento tipico a SMS Transactions / Insights Last 24h; totalprice pode diferir do cartao Total Spend),2026-07-27T10:08:43Z
Havenmove,marketplace-spoke-phone-license-pro,0,0,0.000000,StartDate=2026-07-26 EndDate=2026-07-27 UTC (cover_days; soma dias GMT tocados pela janela ~24h — alinhamento tipico a SMS Transactions / Insights Last 24h; totalprice pode diferir do cartao Total Spend),2026-07-27T10:08:43Z
Havenmove,marketplace-spoke-phone-license-standard,0,0,0.000000,StartDate=2026-07-26 EndDate=2026-07-27 UTC (cover_days; soma dias GMT tocados pela janela ~24h — alinhamento tipico a SMS Transactions / Insights Last 24h; totalprice pode diferir do cartao Total Spend),2026-07-27T10:08:43Z
Havenmove,marketplace-tcpa-defense-solutions-blacklist-feed,0,0,0.000000,StartDate=2026-07-26 EndDate=2026-07-27 UTC (cover_days; soma dias GMT tocados pela janela ~24h — alinhamento tipico a SMS Transactions / Insights Last 24h; totalprice pode diferir do cartao Total Spend),2026-07-27T10:08:43Z
Havenmove,marketplace-telo-opencnam,0,0,0.000000,StartDate=2026-07-26 EndDate=2026-07-27 UTC (cover_days; soma dias GMT tocados pela janela ~24h — alinhamento tipico a SMS Transactions / Insights Last 24h; totalprice pode diferir do cartao Total Spend),2026-07-27T10:08:43Z
Havenmove,marketplace-trestle-solutions-caller-identification,0,0,0.000000,StartDate=2026-07-26 EndDate=2026-07-27 UTC (cover_days; soma dias GMT tocados pela janela ~24h — alinhamento tipico a SMS Transactions / Insights Last 24h; totalprice pode diferir do cartao Total Spend),2026-07-27T10:08:43Z
Havenmove,marketplace-truecnam-true-spam,0,0,0.000000,StartDate=2026-07-26 EndDate=2026-07-27 UTC (cover_days; soma dias GMT tocados pela janela ~24h — alinhamento tipico a SMS Transactions / Insights Last 24h; totalprice pode diferir do cartao Total Spend),2026-07-27T10:08:43Z
Havenmove,marketplace-twilio-caller-name-lookup-us,0,0,0.000000,StartDate=2026-07-26 EndDate=2026-07-27 UTC (cover_days; soma dias GMT tocados pela janela ~24h — alinhamento tipico a SMS Transactions / Insights Last 24h; totalprice pode diferir do cartao Total Spend),2026-07-27T10:08:43Z
Havenmove,marketplace-twilio-carrier-information-lookup,0,0,0.000000,StartDate=2026-07-26 EndDate=2026-07-27 UTC (cover_days; soma dias GMT tocados pela janela ~24h — alinhamento tipico a SMS Transactions / Insights Last 24h; totalprice pode diferir do cartao Total Spend),2026-07-27T10:08:43Z
Havenmove,marketplace-voicebase-pci,0,0,0.000000,StartDate=2026-07-26 EndDate=2026-07-27 UTC (cover_days; soma dias GMT tocados pela janela ~24h — alinhamento tipico a SMS Transactions / Insights Last 24h; totalprice pode diferir do cartao Total Spend),2026-07-27T10:08:43Z
Havenmove,marketplace-voicebase-transcription,0,0,0.000000,StartDate=2026-07-26 EndDate=2026-07-27 UTC (cover_days; soma dias GMT tocados pela janela ~24h — alinhamento tipico a SMS Transactions / Insights Last 24h; totalprice pode diferir do cartao Total Spend),2026-07-27T10:08:43Z
Havenmove,marketplace-voicebase-transcription-custom-vocabulary,0,0,0.000000,StartDate=2026-07-26 EndDate=2026-07-27 UTC (cover_days; soma dias GMT tocados pela janela ~24h — alinhamento tipico a SMS Transactions / Insights Last 24h; totalprice pode diferir do cartao Total Spend),2026-07-27T10:08:43Z
Havenmove,marketplace-web-purify-profanity-filter,0,0,0.000000,StartDate=2026-07-26 EndDate=2026-07-27 UTC (cover_days; soma dias GMT tocados pela janela ~24h — alinhamento tipico a SMS Transactions / Insights Last 24h; totalprice pode diferir do cartao Total Spend),2026-07-27T10:08:43Z
Havenmove,marketplace-whitepages-pro-caller-identification,0,0,0.000000,StartDate=2026-07-26 EndDate=2026-07-27 UTC (cover_days; soma dias GMT tocados pela janela ~24h — alinhamento tipico a SMS Transactions / Insights Last 24h; totalprice pode diferir do cartao Total Spend),2026-07-27T10:08:43Z
Havenmove,marketplace-whitepages-pro-phone-intelligence,0,0,0.000000,StartDate=2026-07-26 EndDate=2026-07-27 UTC (cover_days; soma dias GMT tocados pela janela ~24h — alinhamento tipico a SMS Transactions / Insights Last 24h; totalprice pode diferir do cartao Total Spend),2026-07-27T10:08:43Z
Havenmove,marketplace-whitepages-pro-phone-reputation,0,0,0.000000,StartDate=2026-07-26 EndDate=2026-07-27 UTC (cover_days; soma dias GMT tocados pela janela ~24h — alinhamento tipico a SMS Transactions / Insights Last 24h; totalprice pode diferir do cartao Total Spend),2026-07-27T10:08:43Z
Havenmove,marketplace-wolfarm-spoken-results,0,0,0.000000,StartDate=2026-07-26 EndDate=2026-07-27 UTC (cover_days; soma dias GMT tocados pela janela ~24h — alinhamento tipico a SMS Transactions / Insights Last 24h; totalprice pode diferir do cartao Total Spend),2026-07-27T10:08:43Z
Havenmove,marketplace-wolfram-short-answer,0,0,0.000000,StartDate=2026-07-26 EndDate=2026-07-27 UTC (cover_days; soma dias GMT tocados pela janela ~24h — alinhamento tipico a SMS Transactions / Insights Last 24h; totalprice pode diferir do cartao Total Spend),2026-07-27T10:08:43Z
Havenmove,marketplace-ytica-contact-center-reporting-analytics,0,0,0.000000,StartDate=2026-07-26 EndDate=2026-07-27 UTC (cover_days; soma dias GMT tocados pela janela ~24h — alinhamento tipico a SMS Transactions / Insights Last 24h; totalprice pode diferir do cartao Total Spend),2026-07-27T10:08:43Z
Havenmove,marketplay-pay-addons-shuttle-pay-connector,0,0,0.000000,StartDate=2026-07-26 EndDate=2026-07-27 UTC (cover_days; soma dias GMT tocados pela janela ~24h — alinhamento tipico a SMS Transactions / Insights Last 24h; totalprice pode diferir do cartao Total Spend),2026-07-27T10:08:43Z
Havenmove,media-composer-minutes,0,0,0.000000,StartDate=2026-07-26 EndDate=2026-07-27 UTC (cover_days; soma dias GMT tocados pela janela ~24h — alinhamento tipico a SMS Transactions / Insights Last 24h; totalprice pode diferir do cartao Total Spend),2026-07-27T10:08:43Z
Havenmove,mediastorage,0,0,0.000000,StartDate=2026-07-26 EndDate=2026-07-27 UTC (cover_days; soma dias GMT tocados pela janela ~24h — alinhamento tipico a SMS Transactions / Insights Last 24h; totalprice pode diferir do cartao Total Spend),2026-07-27T10:08:43Z
Havenmove,memories,0,0,0.000000,StartDate=2026-07-26 EndDate=2026-07-27 UTC (cover_days; soma dias GMT tocados pela janela ~24h — alinhamento tipico a SMS Transactions / Insights Last 24h; totalprice pode diferir do cartao Total Spend),2026-07-27T10:08:43Z
Havenmove,memories-memory-generation-input-output,0,0,0.000000,StartDate=2026-07-26 EndDate=2026-07-27 UTC (cover_days; soma dias GMT tocados pela janela ~24h — alinhamento tipico a SMS Transactions / Insights Last 24h; totalprice pode diferir do cartao Total Spend),2026-07-27T10:08:43Z
Havenmove,memories-memory-recall,0,0,0.000000,StartDate=2026-07-26 EndDate=2026-07-27 UTC (cover_days; soma dias GMT tocados pela janela ~24h — alinhamento tipico a SMS Transactions / Insights Last 24h; totalprice pode diferir do cartao Total Spend),2026-07-27T10:08:43Z
Havenmove,min-spend-adjustments,0,0,0.000000,StartDate=2026-07-26 EndDate=2026-07-27 UTC (cover_days; soma dias GMT tocados pela janela ~24h — alinhamento tipico a SMS Transactions / Insights Last 24h; totalprice pode diferir do cartao Total Spend),2026-07-27T10:08:43Z
Havenmove,mms-inbound-longcode,0,0,0.000000,StartDate=2026-07-26 EndDate=2026-07-27 UTC (cover_days; soma dias GMT tocados pela janela ~24h — alinhamento tipico a SMS Transactions / Insights Last 24h; totalprice pode diferir do cartao Total Spend),2026-07-27T10:08:43Z
Havenmove,mms-inbound-shortcode,0,0,0.000000,StartDate=2026-07-26 EndDate=2026-07-27 UTC (cover_days; soma dias GMT tocados pela janela ~24h — alinhamento tipico a SMS Transactions / Insights Last 24h; totalprice pode diferir do cartao Total Spend),2026-07-27T10:08:43Z
Havenmove,mms-outbound,0,0,0.000000,StartDate=2026-07-26 EndDate=2026-07-27 UTC (cover_days; soma dias GMT tocados pela janela ~24h — alinhamento tipico a SMS Transactions / Insights Last 24h; totalprice pode diferir do cartao Total Spend),2026-07-27T10:08:43Z
Havenmove,mms-outbound-longcode,0,0,0.000000,StartDate=2026-07-26 EndDate=2026-07-27 UTC (cover_days; soma dias GMT tocados pela janela ~24h — alinhamento tipico a SMS Transactions / Insights Last 24h; totalprice pode diferir do cartao Total Spend),2026-07-27T10:08:43Z
Havenmove,mms-outbound-shortcode,0,0,0.000000,StartDate=2026-07-26 EndDate=2026-07-27 UTC (cover_days; soma dias GMT tocados pela janela ~24h — alinhamento tipico a SMS Transactions / Insights Last 24h; totalprice pode diferir do cartao Total Spend),2026-07-27T10:08:43Z
Havenmove,mms-outbound-tollfree,0,0,0.000000,StartDate=2026-07-26 EndDate=2026-07-27 UTC (cover_days; soma dias GMT tocados pela janela ~24h — alinhamento tipico a SMS Transactions / Insights Last 24h; totalprice pode diferir do cartao Total Spend),2026-07-27T10:08:43Z
Havenmove,monitor,0,0,0.000000,StartDate=2026-07-26 EndDate=2026-07-27 UTC (cover_days; soma dias GMT tocados pela janela ~24h — alinhamento tipico a SMS Transactions / Insights Last 24h; totalprice pode diferir do cartao Total Spend),2026-07-27T10:08:43Z
Havenmove,monitor-reads,0,0,0.000000,StartDate=2026-07-26 EndDate=2026-07-27 UTC (cover_days; soma dias GMT tocados pela janela ~24h — alinhamento tipico a SMS Transactions / Insights Last 24h; totalprice pode diferir do cartao Total Spend),2026-07-27T10:08:43Z
Havenmove,monitor-storage,0,0,0.000000,StartDate=2026-07-26 EndDate=2026-07-27 UTC (cover_days; soma dias GMT tocados pela janela ~24h — alinhamento tipico a SMS Transactions / Insights Last 24h; totalprice pode diferir do cartao Total Spend),2026-07-27T10:08:43Z
Havenmove,monitor-writes,0,0,0.000000,StartDate=2026-07-26 EndDate=2026-07-27 UTC (cover_days; soma dias GMT tocados pela janela ~24h — alinhamento tipico a SMS Transactions / Insights Last 24h; totalprice pode diferir do cartao Total Spend),2026-07-27T10:08:43Z
Havenmove,notify,0,0,0.000000,StartDate=2026-07-26 EndDate=2026-07-27 UTC (cover_days; soma dias GMT tocados pela janela ~24h — alinhamento tipico a SMS Transactions / Insights Last 24h; totalprice pode diferir do cartao Total Spend),2026-07-27T10:08:43Z
Havenmove,notify-actions-attempts,0,0,0.000000,StartDate=2026-07-26 EndDate=2026-07-27 UTC (cover_days; soma dias GMT tocados pela janela ~24h — alinhamento tipico a SMS Transactions / Insights Last 24h; totalprice pode diferir do cartao Total Spend),2026-07-27T10:08:43Z
Havenmove,notify-channels,0,0,0.000000,StartDate=2026-07-26 EndDate=2026-07-27 UTC (cover_days; soma dias GMT tocados pela janela ~24h — alinhamento tipico a SMS Transactions / Insights Last 24h; totalprice pode diferir do cartao Total Spend),2026-07-27T10:08:43Z
Havenmove,number-format-lookups,0,0,0.000000,StartDate=2026-07-26 EndDate=2026-07-27 UTC (cover_days; soma dias GMT tocados pela janela ~24h — alinhamento tipico a SMS Transactions / Insights Last 24h; totalprice pode diferir do cartao Total Spend),2026-07-27T10:08:43Z
Havenmove,pchat,0,0,0.000000,StartDate=2026-07-26 EndDate=2026-07-27 UTC (cover_days; soma dias GMT tocados pela janela ~24h — alinhamento tipico a SMS Transactions / Insights Last 24h; totalprice pode diferir do cartao Total Spend),2026-07-27T10:08:43Z
Havenmove,pchat-actions,0,0,0.000000,StartDate=2026-07-26 EndDate=2026-07-27 UTC (cover_days; soma dias GMT tocados pela janela ~24h — alinhamento tipico a SMS Transactions / Insights Last 24h; totalprice pode diferir do cartao Total Spend),2026-07-27T10:08:43Z
Havenmove,pchat-aps,0,0,0.000000,StartDate=2026-07-26 EndDate=2026-07-27 UTC (cover_days; soma dias GMT tocados pela janela ~24h — alinhamento tipico a SMS Transactions / Insights Last 24h; totalprice pode diferir do cartao Total Spend),2026-07-27T10:08:43Z
Havenmove,pchat-conv-med-storage,0,0,0.000000,StartDate=2026-07-26 EndDate=2026-07-27 UTC (cover_days; soma dias GMT tocados pela janela ~24h — alinhamento tipico a SMS Transactions / Insights Last 24h; totalprice pode diferir do cartao Total Spend),2026-07-27T10:08:43Z
Havenmove,pchat-messages,0,0,0.000000,StartDate=2026-07-26 EndDate=2026-07-27 UTC (cover_days; soma dias GMT tocados pela janela ~24h — alinhamento tipico a SMS Transactions / Insights Last 24h; totalprice pode diferir do cartao Total Spend),2026-07-27T10:08:43Z
Havenmove,pchat-notifications,0,0,0.000000,StartDate=2026-07-26 EndDate=2026-07-27 UTC (cover_days; soma dias GMT tocados pela janela ~24h — alinhamento tipico a SMS Transactions / Insights Last 24h; totalprice pode diferir do cartao Total Spend),2026-07-27T10:08:43Z
Havenmove,pchat-reads,0,0,0.000000,StartDate=2026-07-26 EndDate=2026-07-27 UTC (cover_days; soma dias GMT tocados pela janela ~24h — alinhamento tipico a SMS Transactions / Insights Last 24h; totalprice pode diferir do cartao Total Spend),2026-07-27T10:08:43Z
Havenmove,pchat-users,0,0,0.000000,StartDate=2026-07-26 EndDate=2026-07-27 UTC (cover_days; soma dias GMT tocados pela janela ~24h — alinhamento tipico a SMS Transactions / Insights Last 24h; totalprice pode diferir do cartao Total Spend),2026-07-27T10:08:43Z
Havenmove,peer-to-peer-rooms-participant-minutes,0,0,0.000000,StartDate=2026-07-26 EndDate=2026-07-27 UTC (cover_days; soma dias GMT tocados pela janela ~24h — alinhamento tipico a SMS Transactions / Insights Last 24h; totalprice pode diferir do cartao Total Spend),2026-07-27T10:08:43Z
Havenmove,pfax,0,0,0.000000,StartDate=2026-07-26 EndDate=2026-07-27 UTC (cover_days; soma dias GMT tocados pela janela ~24h — alinhamento tipico a SMS Transactions / Insights Last 24h; totalprice pode diferir do cartao Total Spend),2026-07-27T10:08:43Z
Havenmove,pfax-minutes,0,0,0.000000,StartDate=2026-07-26 EndDate=2026-07-27 UTC (cover_days; soma dias GMT tocados pela janela ~24h — alinhamento tipico a SMS Transactions / Insights Last 24h; totalprice pode diferir do cartao Total Spend),2026-07-27T10:08:43Z
Havenmove,pfax-minutes-inbound,0,0,0.000000,StartDate=2026-07-26 EndDate=2026-07-27 UTC (cover_days; soma dias GMT tocados pela janela ~24h — alinhamento tipico a SMS Transactions / Insights Last 24h; totalprice pode diferir do cartao Total Spend),2026-07-27T10:08:43Z
Havenmove,pfax-minutes-outbound,0,0,0.000000,StartDate=2026-07-26 EndDate=2026-07-27 UTC (cover_days; soma dias GMT tocados pela janela ~24h — alinhamento tipico a SMS Transactions / Insights Last 24h; totalprice pode diferir do cartao Total Spend),2026-07-27T10:08:43Z
Havenmove,pfax-pages,0,0,0.000000,StartDate=2026-07-26 EndDate=2026-07-27 UTC (cover_days; soma dias GMT tocados pela janela ~24h — alinhamento tipico a SMS Transactions / Insights Last 24h; totalprice pode diferir do cartao Total Spend),2026-07-27T10:08:43Z
Havenmove,phone-quality-score-lookups,0,0,0.000000,StartDate=2026-07-26 EndDate=2026-07-27 UTC (cover_days; soma dias GMT tocados pela janela ~24h — alinhamento tipico a SMS Transactions / Insights Last 24h; totalprice pode diferir do cartao Total Spend),2026-07-27T10:08:43Z
Havenmove,phonenumbers-cps,0,0,0.000000,StartDate=2026-07-26 EndDate=2026-07-27 UTC (cover_days; soma dias GMT tocados pela janela ~24h — alinhamento tipico a SMS Transactions / Insights Last 24h; totalprice pode diferir do cartao Total Spend),2026-07-27T10:08:43Z
Havenmove,phonenumbers-emergency,0,0,0.000000,StartDate=2026-07-26 EndDate=2026-07-27 UTC (cover_days; soma dias GMT tocados pela janela ~24h — alinhamento tipico a SMS Transactions / Insights Last 24h; totalprice pode diferir do cartao Total Spend),2026-07-27T10:08:43Z
Havenmove,phonenumbers-local,0,0,0.000000,StartDate=2026-07-26 EndDate=2026-07-27 UTC (cover_days; soma dias GMT tocados pela janela ~24h — alinhamento tipico a SMS Transactions / Insights Last 24h; totalprice pode diferir do cartao Total Spend),2026-07-27T10:08:43Z
Havenmove,phonenumbers-mobile,0,0,0.000000,StartDate=2026-07-26 EndDate=2026-07-27 UTC (cover_days; soma dias GMT tocados pela janela ~24h — alinhamento tipico a SMS Transactions / Insights Last 24h; totalprice pode diferir do cartao Total Spend),2026-07-27T10:08:43Z
Havenmove,phonenumbers-porting,0,0,0.000000,StartDate=2026-07-26 EndDate=2026-07-27 UTC (cover_days; soma dias GMT tocados pela janela ~24h — alinhamento tipico a SMS Transactions / Insights Last 24h; totalprice pode diferir do cartao Total Spend),2026-07-27T10:08:43Z
Havenmove,phonenumbers-setups,0,0,0.000000,StartDate=2026-07-26 EndDate=2026-07-27 UTC (cover_days; soma dias GMT tocados pela janela ~24h — alinhamento tipico a SMS Transactions / Insights Last 24h; totalprice pode diferir do cartao Total Spend),2026-07-27T10:08:43Z
Havenmove,premiumsupport,0,0,0.000000,StartDate=2026-07-26 EndDate=2026-07-27 UTC (cover_days; soma dias GMT tocados pela janela ~24h — alinhamento tipico a SMS Transactions / Insights Last 24h; totalprice pode diferir do cartao Total Spend),2026-07-27T10:08:43Z
Havenmove,premiumsupport-percentage-spend,0,0,0.000000,StartDate=2026-07-26 EndDate=2026-07-27 UTC (cover_days; soma dias GMT tocados pela janela ~24h — alinhamento tipico a SMS Transactions / Insights Last 24h; totalprice pode diferir do cartao Total Spend),2026-07-27T10:08:43Z
Havenmove,profiles,0,0,0.000000,StartDate=2026-07-26 EndDate=2026-07-27 UTC (cover_days; soma dias GMT tocados pela janela ~24h — alinhamento tipico a SMS Transactions / Insights Last 24h; totalprice pode diferir do cartao Total Spend),2026-07-27T10:08:43Z
Havenmove,profiles-customer-profile-operations,0,0,0.000000,StartDate=2026-07-26 EndDate=2026-07-27 UTC (cover_days; soma dias GMT tocados pela janela ~24h — alinhamento tipico a SMS Transactions / Insights Last 24h; totalprice pode diferir do cartao Total Spend),2026-07-27T10:08:43Z
Havenmove,profiles-daily-utilized-profiles,0,0,0.000000,StartDate=2026-07-26 EndDate=2026-07-27 UTC (cover_days; soma dias GMT tocados pela janela ~24h — alinhamento tipico a SMS Transactions / Insights Last 24h; totalprice pode diferir do cartao Total Spend),2026-07-27T10:08:43Z
Havenmove,programmable-microsoft-operator-connect,0,0,0.000000,StartDate=2026-07-26 EndDate=2026-07-27 UTC (cover_days; soma dias GMT tocados pela janela ~24h — alinhamento tipico a SMS Transactions / Insights Last 24h; totalprice pode diferir do cartao Total Spend),2026-07-27T10:08:43Z
Havenmove,programmable-microsoft-operator-connect-inbound,0,0,0.000000,StartDate=2026-07-26 EndDate=2026-07-27 UTC (cover_days; soma dias GMT tocados pela janela ~24h — alinhamento tipico a SMS Transactions / Insights Last 24h; totalprice pode diferir do cartao Total Spend),2026-07-27T10:08:43Z
Havenmove,programmable-microsoft-operator-connect-outbound,0,0,0.000000,StartDate=2026-07-26 EndDate=2026-07-27 UTC (cover_days; soma dias GMT tocados pela janela ~24h — alinhamento tipico a SMS Transactions / Insights Last 24h; totalprice pode diferir do cartao Total Spend),2026-07-27T10:08:43Z
Havenmove,programmablevoice-platform,0,0,0.000000,StartDate=2026-07-26 EndDate=2026-07-27 UTC (cover_days; soma dias GMT tocados pela janela ~24h — alinhamento tipico a SMS Transactions / Insights Last 24h; totalprice pode diferir do cartao Total Spend),2026-07-27T10:08:43Z
Havenmove,programmablevoiceconn-clientsdk,0,0,0.000000,StartDate=2026-07-26 EndDate=2026-07-27 UTC (cover_days; soma dias GMT tocados pela janela ~24h — alinhamento tipico a SMS Transactions / Insights Last 24h; totalprice pode diferir do cartao Total Spend),2026-07-27T10:08:43Z
Havenmove,programmablevoiceconn-clientsdk-inbound,0,0,0.000000,StartDate=2026-07-26 EndDate=2026-07-27 UTC (cover_days; soma dias GMT tocados pela janela ~24h — alinhamento tipico a SMS Transactions / Insights Last 24h; totalprice pode diferir do cartao Total Spend),2026-07-27T10:08:43Z
Havenmove,programmablevoiceconn-clientsdk-outbound,0,0,0.000000,StartDate=2026-07-26 EndDate=2026-07-27 UTC (cover_days; soma dias GMT tocados pela janela ~24h — alinhamento tipico a SMS Transactions / Insights Last 24h; totalprice pode diferir do cartao Total Spend),2026-07-27T10:08:43Z
Havenmove,programmablevoiceconn-onnet,0,0,0.000000,StartDate=2026-07-26 EndDate=2026-07-27 UTC (cover_days; soma dias GMT tocados pela janela ~24h — alinhamento tipico a SMS Transactions / Insights Last 24h; totalprice pode diferir do cartao Total Spend),2026-07-27T10:08:43Z
Havenmove,programmablevoiceconn-onnet-inbound,0,0,0.000000,StartDate=2026-07-26 EndDate=2026-07-27 UTC (cover_days; soma dias GMT tocados pela janela ~24h — alinhamento tipico a SMS Transactions / Insights Last 24h; totalprice pode diferir do cartao Total Spend),2026-07-27T10:08:43Z
Havenmove,programmablevoiceconn-onnet-outbound,0,0,0.000000,StartDate=2026-07-26 EndDate=2026-07-27 UTC (cover_days; soma dias GMT tocados pela janela ~24h — alinhamento tipico a SMS Transactions / Insights Last 24h; totalprice pode diferir do cartao Total Spend),2026-07-27T10:08:43Z
Havenmove,programmablevoiceconn-sip,0,0,0.000000,StartDate=2026-07-26 EndDate=2026-07-27 UTC (cover_days; soma dias GMT tocados pela janela ~24h — alinhamento tipico a SMS Transactions / Insights Last 24h; totalprice pode diferir do cartao Total Spend),2026-07-27T10:08:43Z
Havenmove,programmablevoiceconn-sip-inbound,0,0,0.000000,StartDate=2026-07-26 EndDate=2026-07-27 UTC (cover_days; soma dias GMT tocados pela janela ~24h — alinhamento tipico a SMS Transactions / Insights Last 24h; totalprice pode diferir do cartao Total Spend),2026-07-27T10:08:43Z
Havenmove,programmablevoiceconn-sip-outbound,0,0,0.000000,StartDate=2026-07-26 EndDate=2026-07-27 UTC (cover_days; soma dias GMT tocados pela janela ~24h — alinhamento tipico a SMS Transactions / Insights Last 24h; totalprice pode diferir do cartao Total Spend),2026-07-27T10:08:43Z
Havenmove,programmablevoiceconnectivity,0,0,0.000000,StartDate=2026-07-26 EndDate=2026-07-27 UTC (cover_days; soma dias GMT tocados pela janela ~24h — alinhamento tipico a SMS Transactions / Insights Last 24h; totalprice pode diferir do cartao Total Spend),2026-07-27T10:08:43Z
Havenmove,programmablevoiceconnectivity-byoc,0,0,0.000000,StartDate=2026-07-26 EndDate=2026-07-27 UTC (cover_days; soma dias GMT tocados pela janela ~24h — alinhamento tipico a SMS Transactions / Insights Last 24h; totalprice pode diferir do cartao Total Spend),2026-07-27T10:08:43Z
Havenmove,proxy,0,0,0.000000,StartDate=2026-07-26 EndDate=2026-07-27 UTC (cover_days; soma dias GMT tocados pela janela ~24h — alinhamento tipico a SMS Transactions / Insights Last 24h; totalprice pode diferir do cartao Total Spend),2026-07-27T10:08:43Z
Havenmove,proxy-active-sessions,0,0,0.000000,StartDate=2026-07-26 EndDate=2026-07-27 UTC (cover_days; soma dias GMT tocados pela janela ~24h — alinhamento tipico a SMS Transactions / Insights Last 24h; totalprice pode diferir do cartao Total Spend),2026-07-27T10:08:43Z
Havenmove,proxy-bucket-adjustment,0,0,0.000000,StartDate=2026-07-26 EndDate=2026-07-27 UTC (cover_days; soma dias GMT tocados pela janela ~24h — alinhamento tipico a SMS Transactions / Insights Last 24h; totalprice pode diferir do cartao Total Spend),2026-07-27T10:08:43Z
Havenmove,proxy-licenses,0,0,0.000000,StartDate=2026-07-26 EndDate=2026-07-27 UTC (cover_days; soma dias GMT tocados pela janela ~24h — alinhamento tipico a SMS Transactions / Insights Last 24h; totalprice pode diferir do cartao Total Spend),2026-07-27T10:08:43Z
Havenmove,pstnconnectivity,0,0,0.000000,StartDate=2026-07-26 EndDate=2026-07-27 UTC (cover_days; soma dias GMT tocados pela janela ~24h — alinhamento tipico a SMS Transactions / Insights Last 24h; totalprice pode diferir do cartao Total Spend),2026-07-27T10:08:43Z
Havenmove,pstnconnectivity-inbound,0,0,0.000000,StartDate=2026-07-26 EndDate=2026-07-27 UTC (cover_days; soma dias GMT tocados pela janela ~24h — alinhamento tipico a SMS Transactions / Insights Last 24h; totalprice pode diferir do cartao Total Spend),2026-07-27T10:08:43Z
Havenmove,pstnconnectivity-outbound,0,0,0.000000,StartDate=2026-07-26 EndDate=2026-07-27 UTC (cover_days; soma dias GMT tocados pela janela ~24h — alinhamento tipico a SMS Transactions / Insights Last 24h; totalprice pode diferir do cartao Total Spend),2026-07-27T10:08:43Z
Havenmove,pv,0,0,0.000000,StartDate=2026-07-26 EndDate=2026-07-27 UTC (cover_days; soma dias GMT tocados pela janela ~24h — alinhamento tipico a SMS Transactions / Insights Last 24h; totalprice pode diferir do cartao Total Spend),2026-07-27T10:08:43Z
Havenmove,pv-basic-rooms,0,0,0.000000,StartDate=2026-07-26 EndDate=2026-07-27 UTC (cover_days; soma dias GMT tocados pela janela ~24h — alinhamento tipico a SMS Transactions / Insights Last 24h; totalprice pode diferir do cartao Total Spend),2026-07-27T10:08:43Z
Havenmove,pv-composition-media-downloaded,0,0,0.000000,StartDate=2026-07-26 EndDate=2026-07-27 UTC (cover_days; soma dias GMT tocados pela janela ~24h — alinhamento tipico a SMS Transactions / Insights Last 24h; totalprice pode diferir do cartao Total Spend),2026-07-27T10:08:43Z
Havenmove,pv-composition-media-encrypted,0,0,0.000000,StartDate=2026-07-26 EndDate=2026-07-27 UTC (cover_days; soma dias GMT tocados pela janela ~24h — alinhamento tipico a SMS Transactions / Insights Last 24h; totalprice pode diferir do cartao Total Spend),2026-07-27T10:08:43Z
Havenmove,pv-composition-media-stored,0,0,0.000000,StartDate=2026-07-26 EndDate=2026-07-27 UTC (cover_days; soma dias GMT tocados pela janela ~24h — alinhamento tipico a SMS Transactions / Insights Last 24h; totalprice pode diferir do cartao Total Spend),2026-07-27T10:08:43Z
Havenmove,pv-composition-minutes,0,0,0.000000,StartDate=2026-07-26 EndDate=2026-07-27 UTC (cover_days; soma dias GMT tocados pela janela ~24h — alinhamento tipico a SMS Transactions / Insights Last 24h; totalprice pode diferir do cartao Total Spend),2026-07-27T10:08:43Z
Havenmove,pv-recording-compositions,0,0,0.000000,StartDate=2026-07-26 EndDate=2026-07-27 UTC (cover_days; soma dias GMT tocados pela janela ~24h — alinhamento tipico a SMS Transactions / Insights Last 24h; totalprice pode diferir do cartao Total Spend),2026-07-27T10:08:43Z
Havenmove,pv-room-participants,0,0,0.000000,StartDate=2026-07-26 EndDate=2026-07-27 UTC (cover_days; soma dias GMT tocados pela janela ~24h — alinhamento tipico a SMS Transactions / Insights Last 24h; totalprice pode diferir do cartao Total Spend),2026-07-27T10:08:43Z
Havenmove,pv-room-participants-au1,0,0,0.000000,StartDate=2026-07-26 EndDate=2026-07-27 UTC (cover_days; soma dias GMT tocados pela janela ~24h — alinhamento tipico a SMS Transactions / Insights Last 24h; totalprice pode diferir do cartao Total Spend),2026-07-27T10:08:43Z
Havenmove,pv-room-participants-br1,0,0,0.000000,StartDate=2026-07-26 EndDate=2026-07-27 UTC (cover_days; soma dias GMT tocados pela janela ~24h — alinhamento tipico a SMS Transactions / Insights Last 24h; totalprice pode diferir do cartao Total Spend),2026-07-27T10:08:43Z
Havenmove,pv-room-participants-ie1,0,0,0.000000,StartDate=2026-07-26 EndDate=2026-07-27 UTC (cover_days; soma dias GMT tocados pela janela ~24h — alinhamento tipico a SMS Transactions / Insights Last 24h; totalprice pode diferir do cartao Total Spend),2026-07-27T10:08:43Z
Havenmove,pv-room-participants-jp1,0,0,0.000000,StartDate=2026-07-26 EndDate=2026-07-27 UTC (cover_days; soma dias GMT tocados pela janela ~24h — alinhamento tipico a SMS Transactions / Insights Last 24h; totalprice pode diferir do cartao Total Spend),2026-07-27T10:08:43Z
Havenmove,pv-room-participants-sg1,0,0,0.000000,StartDate=2026-07-26 EndDate=2026-07-27 UTC (cover_days; soma dias GMT tocados pela janela ~24h — alinhamento tipico a SMS Transactions / Insights Last 24h; totalprice pode diferir do cartao Total Spend),2026-07-27T10:08:43Z
Havenmove,pv-room-participants-us1,0,0,0.000000,StartDate=2026-07-26 EndDate=2026-07-27 UTC (cover_days; soma dias GMT tocados pela janela ~24h — alinhamento tipico a SMS Transactions / Insights Last 24h; totalprice pode diferir do cartao Total Spend),2026-07-27T10:08:43Z
Havenmove,pv-room-participants-us2,0,0,0.000000,StartDate=2026-07-26 EndDate=2026-07-27 UTC (cover_days; soma dias GMT tocados pela janela ~24h — alinhamento tipico a SMS Transactions / Insights Last 24h; totalprice pode diferir do cartao Total Spend),2026-07-27T10:08:43Z
Havenmove,pv-rooms,0,0,0.000000,StartDate=2026-07-26 EndDate=2026-07-27 UTC (cover_days; soma dias GMT tocados pela janela ~24h — alinhamento tipico a SMS Transactions / Insights Last 24h; totalprice pode diferir do cartao Total Spend),2026-07-27T10:08:43Z
Havenmove,pv-sip-endpoint-registrations,0,0,0.000000,StartDate=2026-07-26 EndDate=2026-07-27 UTC (cover_days; soma dias GMT tocados pela janela ~24h — alinhamento tipico a SMS Transactions / Insights Last 24h; totalprice pode diferir do cartao Total Spend),2026-07-27T10:08:43Z
Havenmove,rcs-messages,0,0,0.000000,StartDate=2026-07-26 EndDate=2026-07-27 UTC (cover_days; soma dias GMT tocados pela janela ~24h — alinhamento tipico a SMS Transactions / Insights Last 24h; totalprice pode diferir do cartao Total Spend),2026-07-27T10:08:43Z
Havenmove,reassigned-number,0,0,0.000000,StartDate=2026-07-26 EndDate=2026-07-27 UTC (cover_days; soma dias GMT tocados pela janela ~24h — alinhamento tipico a SMS Transactions / Insights Last 24h; totalprice pode diferir do cartao Total Spend),2026-07-27T10:08:43Z
Havenmove,recordings,0,0,0.000000,StartDate=2026-07-26 EndDate=2026-07-27 UTC (cover_days; soma dias GMT tocados pela janela ~24h — alinhamento tipico a SMS Transactions / Insights Last 24h; totalprice pode diferir do cartao Total Spend),2026-07-27T10:08:43Z
Havenmove,recordingstorage,0,0,0.000000,StartDate=2026-07-26 EndDate=2026-07-27 UTC (cover_days; soma dias GMT tocados pela janela ~24h — alinhamento tipico a SMS Transactions / Insights Last 24h; totalprice pode diferir do cartao Total Spend),2026-07-27T10:08:43Z
Havenmove,shortcodes,0,0,0.000000,StartDate=2026-07-26 EndDate=2026-07-27 UTC (cover_days; soma dias GMT tocados pela janela ~24h — alinhamento tipico a SMS Transactions / Insights Last 24h; totalprice pode diferir do cartao Total Spend),2026-07-27T10:08:43Z
Havenmove,shortcodes-customerowned,0,0,0.000000,StartDate=2026-07-26 EndDate=2026-07-27 UTC (cover_days; soma dias GMT tocados pela janela ~24h — alinhamento tipico a SMS Transactions / Insights Last 24h; totalprice pode diferir do cartao Total Spend),2026-07-27T10:08:43Z
Havenmove,shortcodes-mms-enablement,0,0,0.000000,StartDate=2026-07-26 EndDate=2026-07-27 UTC (cover_days; soma dias GMT tocados pela janela ~24h — alinhamento tipico a SMS Transactions / Insights Last 24h; totalprice pode diferir do cartao Total Spend),2026-07-27T10:08:43Z
Havenmove,shortcodes-mps,0,0,0.000000,StartDate=2026-07-26 EndDate=2026-07-27 UTC (cover_days; soma dias GMT tocados pela janela ~24h — alinhamento tipico a SMS Transactions / Insights Last 24h; totalprice pode diferir do cartao Total Spend),2026-07-27T10:08:43Z
Havenmove,shortcodes-random,0,0,0.000000,StartDate=2026-07-26 EndDate=2026-07-27 UTC (cover_days; soma dias GMT tocados pela janela ~24h — alinhamento tipico a SMS Transactions / Insights Last 24h; totalprice pode diferir do cartao Total Spend),2026-07-27T10:08:43Z
Havenmove,shortcodes-setup-fees,0,0,0.000000,StartDate=2026-07-26 EndDate=2026-07-27 UTC (cover_days; soma dias GMT tocados pela janela ~24h — alinhamento tipico a SMS Transactions / Insights Last 24h; totalprice pode diferir do cartao Total Spend),2026-07-27T10:08:43Z
Havenmove,shortcodes-uk,0,0,0.000000,StartDate=2026-07-26 EndDate=2026-07-27 UTC (cover_days; soma dias GMT tocados pela janela ~24h — alinhamento tipico a SMS Transactions / Insights Last 24h; totalprice pode diferir do cartao Total Spend),2026-07-27T10:08:43Z
Havenmove,shortcodes-vanity,0,0,0.000000,StartDate=2026-07-26 EndDate=2026-07-27 UTC (cover_days; soma dias GMT tocados pela janela ~24h — alinhamento tipico a SMS Transactions / Insights Last 24h; totalprice pode diferir do cartao Total Spend),2026-07-27T10:08:43Z
Havenmove,sim-swap-lookups,0,0,0.000000,StartDate=2026-07-26 EndDate=2026-07-27 UTC (cover_days; soma dias GMT tocados pela janela ~24h — alinhamento tipico a SMS Transactions / Insights Last 24h; totalprice pode diferir do cartao Total Spend),2026-07-27T10:08:43Z
Havenmove,sip-secure-media,0,0,0.000000,StartDate=2026-07-26 EndDate=2026-07-27 UTC (cover_days; soma dias GMT tocados pela janela ~24h — alinhamento tipico a SMS Transactions / Insights Last 24h; totalprice pode diferir do cartao Total Spend),2026-07-27T10:08:43Z
Havenmove,small-group-rooms,0,0,0.000000,StartDate=2026-07-26 EndDate=2026-07-27 UTC (cover_days; soma dias GMT tocados pela janela ~24h — alinhamento tipico a SMS Transactions / Insights Last 24h; totalprice pode diferir do cartao Total Spend),2026-07-27T10:08:43Z
Havenmove,small-group-rooms-data-track,0,0,0.000000,StartDate=2026-07-26 EndDate=2026-07-27 UTC (cover_days; soma dias GMT tocados pela janela ~24h — alinhamento tipico a SMS Transactions / Insights Last 24h; totalprice pode diferir do cartao Total Spend),2026-07-27T10:08:43Z
Havenmove,small-group-rooms-participant-minutes,0,0,0.000000,StartDate=2026-07-26 EndDate=2026-07-27 UTC (cover_days; soma dias GMT tocados pela janela ~24h — alinhamento tipico a SMS Transactions / Insights Last 24h; totalprice pode diferir do cartao Total Spend),2026-07-27T10:08:43Z
Havenmove,sms-inbound-shortcode,0,0,0.000000,StartDate=2026-07-26 EndDate=2026-07-27 UTC (cover_days; soma dias GMT tocados pela janela ~24h — alinhamento tipico a SMS Transactions / Insights Last 24h; totalprice pode diferir do cartao Total Spend),2026-07-27T10:08:43Z
Havenmove,sms-messages-features,0,0,0.000000,StartDate=2026-07-26 EndDate=2026-07-27 UTC (cover_days; soma dias GMT tocados pela janela ~24h — alinhamento tipico a SMS Transactions / Insights Last 24h; totalprice pode diferir do cartao Total Spend),2026-07-27T10:08:43Z
Havenmove,sms-messages-features-engagement-suite,0,0,0.000000,StartDate=2026-07-26 EndDate=2026-07-27 UTC (cover_days; soma dias GMT tocados pela janela ~24h — alinhamento tipico a SMS Transactions / Insights Last 24h; totalprice pode diferir do cartao Total Spend),2026-07-27T10:08:43Z
Havenmove,sms-messages-features-message-redaction,0,0,0.000000,StartDate=2026-07-26 EndDate=2026-07-27 UTC (cover_days; soma dias GMT tocados pela janela ~24h — alinhamento tipico a SMS Transactions / Insights Last 24h; totalprice pode diferir do cartao Total Spend),2026-07-27T10:08:43Z
Havenmove,sms-messages-features-senderid,0,0,0.000000,StartDate=2026-07-26 EndDate=2026-07-27 UTC (cover_days; soma dias GMT tocados pela janela ~24h — alinhamento tipico a SMS Transactions / Insights Last 24h; totalprice pode diferir do cartao Total Spend),2026-07-27T10:08:43Z
Havenmove,sms-mps,0,0,0.000000,StartDate=2026-07-26 EndDate=2026-07-27 UTC (cover_days; soma dias GMT tocados pela janela ~24h — alinhamento tipico a SMS Transactions / Insights Last 24h; totalprice pode diferir do cartao Total Spend),2026-07-27T10:08:43Z
Havenmove,sms-mps-shortcode,0,0,0.000000,StartDate=2026-07-26 EndDate=2026-07-27 UTC (cover_days; soma dias GMT tocados pela janela ~24h — alinhamento tipico a SMS Transactions / Insights Last 24h; totalprice pode diferir do cartao Total Spend),2026-07-27T10:08:43Z
Havenmove,sms-mps-tollfree,0,0,0.000000,StartDate=2026-07-26 EndDate=2026-07-27 UTC (cover_days; soma dias GMT tocados pela janela ~24h — alinhamento tipico a SMS Transactions / Insights Last 24h; totalprice pode diferir do cartao Total Spend),2026-07-27T10:08:43Z
Havenmove,sms-mps-tollfree-setup,0,0,0.000000,StartDate=2026-07-26 EndDate=2026-07-27 UTC (cover_days; soma dias GMT tocados pela janela ~24h — alinhamento tipico a SMS Transactions / Insights Last 24h; totalprice pode diferir do cartao Total Spend),2026-07-27T10:08:43Z
Havenmove,sms-national-regulatory-protection,0,0,0.000000,StartDate=2026-07-26 EndDate=2026-07-27 UTC (cover_days; soma dias GMT tocados pela janela ~24h — alinhamento tipico a SMS Transactions / Insights Last 24h; totalprice pode diferir do cartao Total Spend),2026-07-27T10:08:43Z
Havenmove,sms-outbound-content-inspection,0,0,0.000000,StartDate=2026-07-26 EndDate=2026-07-27 UTC (cover_days; soma dias GMT tocados pela janela ~24h — alinhamento tipico a SMS Transactions / Insights Last 24h; totalprice pode diferir do cartao Total Spend),2026-07-27T10:08:43Z
Havenmove,sms-outbound-shortcode,0,0,0.000000,StartDate=2026-07-26 EndDate=2026-07-27 UTC (cover_days; soma dias GMT tocados pela janela ~24h — alinhamento tipico a SMS Transactions / Insights Last 24h; totalprice pode diferir do cartao Total Spend),2026-07-27T10:08:43Z
Havenmove,sms-pumping-protection,0,0,0.000000,StartDate=2026-07-26 EndDate=2026-07-27 UTC (cover_days; soma dias GMT tocados pela janela ~24h — alinhamento tipico a SMS Transactions / Insights Last 24h; totalprice pode diferir do cartao Total Spend),2026-07-27T10:08:43Z
Havenmove,sms-pumping-risk,0,0,0.000000,StartDate=2026-07-26 EndDate=2026-07-27 UTC (cover_days; soma dias GMT tocados pela janela ~24h — alinhamento tipico a SMS Transactions / Insights Last 24h; totalprice pode diferir do cartao Total Spend),2026-07-27T10:08:43Z
Havenmove,smsmessages-bucket-adjustments,0,0,0.000000,StartDate=2026-07-26 EndDate=2026-07-27 UTC (cover_days; soma dias GMT tocados pela janela ~24h — alinhamento tipico a SMS Transactions / Insights Last 24h; totalprice pode diferir do cartao Total Spend),2026-07-27T10:08:43Z
Havenmove,smsmessages-outbound-domestic,0,0,0.000000,StartDate=2026-07-26 EndDate=2026-07-27 UTC (cover_days; soma dias GMT tocados pela janela ~24h — alinhamento tipico a SMS Transactions / Insights Last 24h; totalprice pode diferir do cartao Total Spend),2026-07-27T10:08:43Z
Havenmove,speech-recognition,0,0,0.000000,StartDate=2026-07-26 EndDate=2026-07-27 UTC (cover_days; soma dias GMT tocados pela janela ~24h — alinhamento tipico a SMS Transactions / Insights Last 24h; totalprice pode diferir do cartao Total Spend),2026-07-27T10:08:43Z
Havenmove,studio-engagements,0,0,0.000000,StartDate=2026-07-26 EndDate=2026-07-27 UTC (cover_days; soma dias GMT tocados pela janela ~24h — alinhamento tipico a SMS Transactions / Insights Last 24h; totalprice pode diferir do cartao Total Spend),2026-07-27T10:08:43Z
Havenmove,sync,0,0,0.000000,StartDate=2026-07-26 EndDate=2026-07-27 UTC (cover_days; soma dias GMT tocados pela janela ~24h — alinhamento tipico a SMS Transactions / Insights Last 24h; totalprice pode diferir do cartao Total Spend),2026-07-27T10:08:43Z
Havenmove,sync-actions,0,0,0.000000,StartDate=2026-07-26 EndDate=2026-07-27 UTC (cover_days; soma dias GMT tocados pela janela ~24h — alinhamento tipico a SMS Transactions / Insights Last 24h; totalprice pode diferir do cartao Total Spend),2026-07-27T10:08:43Z
Havenmove,sync-endpoint-hours,0,0,0.000000,StartDate=2026-07-26 EndDate=2026-07-27 UTC (cover_days; soma dias GMT tocados pela janela ~24h — alinhamento tipico a SMS Transactions / Insights Last 24h; totalprice pode diferir do cartao Total Spend),2026-07-27T10:08:43Z
Havenmove,sync-endpoint-hours-above-daily-cap,0,0,0.000000,StartDate=2026-07-26 EndDate=2026-07-27 UTC (cover_days; soma dias GMT tocados pela janela ~24h — alinhamento tipico a SMS Transactions / Insights Last 24h; totalprice pode diferir do cartao Total Spend),2026-07-27T10:08:43Z
Havenmove,taskrouter-tasks,0,0,0.000000,StartDate=2026-07-26 EndDate=2026-07-27 UTC (cover_days; soma dias GMT tocados pela janela ~24h — alinhamento tipico a SMS Transactions / Insights Last 24h; totalprice pode diferir do cartao Total Spend),2026-07-27T10:08:43Z
Havenmove,transcriptions,0,0,0.000000,StartDate=2026-07-26 EndDate=2026-07-27 UTC (cover_days; soma dias GMT tocados pela janela ~24h — alinhamento tipico a SMS Transactions / Insights Last 24h; totalprice pode diferir do cartao Total Spend),2026-07-27T10:08:43Z
Havenmove,trunking-cps,0,0,0.000000,StartDate=2026-07-26 EndDate=2026-07-27 UTC (cover_days; soma dias GMT tocados pela janela ~24h — alinhamento tipico a SMS Transactions / Insights Last 24h; totalprice pode diferir do cartao Total Spend),2026-07-27T10:08:43Z
Havenmove,trunking-emergency-calls,0,0,0.000000,StartDate=2026-07-26 EndDate=2026-07-27 UTC (cover_days; soma dias GMT tocados pela janela ~24h — alinhamento tipico a SMS Transactions / Insights Last 24h; totalprice pode diferir do cartao Total Spend),2026-07-27T10:08:43Z
Havenmove,trunking-origination,0,0,0.000000,StartDate=2026-07-26 EndDate=2026-07-27 UTC (cover_days; soma dias GMT tocados pela janela ~24h — alinhamento tipico a SMS Transactions / Insights Last 24h; totalprice pode diferir do cartao Total Spend),2026-07-27T10:08:43Z
Havenmove,trunking-origination-local,0,0,0.000000,StartDate=2026-07-26 EndDate=2026-07-27 UTC (cover_days; soma dias GMT tocados pela janela ~24h — alinhamento tipico a SMS Transactions / Insights Last 24h; totalprice pode diferir do cartao Total Spend),2026-07-27T10:08:43Z
Havenmove,trunking-origination-mobile,0,0,0.000000,StartDate=2026-07-26 EndDate=2026-07-27 UTC (cover_days; soma dias GMT tocados pela janela ~24h — alinhamento tipico a SMS Transactions / Insights Last 24h; totalprice pode diferir do cartao Total Spend),2026-07-27T10:08:43Z
Havenmove,trunking-origination-tollfree,0,0,0.000000,StartDate=2026-07-26 EndDate=2026-07-27 UTC (cover_days; soma dias GMT tocados pela janela ~24h — alinhamento tipico a SMS Transactions / Insights Last 24h; totalprice pode diferir do cartao Total Spend),2026-07-27T10:08:43Z
Havenmove,trunking-recordings,0,0,0.000000,StartDate=2026-07-26 EndDate=2026-07-27 UTC (cover_days; soma dias GMT tocados pela janela ~24h — alinhamento tipico a SMS Transactions / Insights Last 24h; totalprice pode diferir do cartao Total Spend),2026-07-27T10:08:43Z
Havenmove,trunking-secure,0,0,0.000000,StartDate=2026-07-26 EndDate=2026-07-27 UTC (cover_days; soma dias GMT tocados pela janela ~24h — alinhamento tipico a SMS Transactions / Insights Last 24h; totalprice pode diferir do cartao Total Spend),2026-07-27T10:08:43Z
Havenmove,trunking-termination,0,0,0.000000,StartDate=2026-07-26 EndDate=2026-07-27 UTC (cover_days; soma dias GMT tocados pela janela ~24h — alinhamento tipico a SMS Transactions / Insights Last 24h; totalprice pode diferir do cartao Total Spend),2026-07-27T10:08:43Z
Havenmove,tts-google,0,0,0.000000,StartDate=2026-07-26 EndDate=2026-07-27 UTC (cover_days; soma dias GMT tocados pela janela ~24h — alinhamento tipico a SMS Transactions / Insights Last 24h; totalprice pode diferir do cartao Total Spend),2026-07-27T10:08:43Z
Havenmove,turnmegabytes,0,0,0.000000,StartDate=2026-07-26 EndDate=2026-07-27 UTC (cover_days; soma dias GMT tocados pela janela ~24h — alinhamento tipico a SMS Transactions / Insights Last 24h; totalprice pode diferir do cartao Total Spend),2026-07-27T10:08:43Z
Havenmove,turnmegabytes-australia,0,0,0.000000,StartDate=2026-07-26 EndDate=2026-07-27 UTC (cover_days; soma dias GMT tocados pela janela ~24h — alinhamento tipico a SMS Transactions / Insights Last 24h; totalprice pode diferir do cartao Total Spend),2026-07-27T10:08:43Z
Havenmove,turnmegabytes-brasil,0,0,0.000000,StartDate=2026-07-26 EndDate=2026-07-27 UTC (cover_days; soma dias GMT tocados pela janela ~24h — alinhamento tipico a SMS Transactions / Insights Last 24h; totalprice pode diferir do cartao Total Spend),2026-07-27T10:08:43Z
Havenmove,turnmegabytes-germany,0,0,0.000000,StartDate=2026-07-26 EndDate=2026-07-27 UTC (cover_days; soma dias GMT tocados pela janela ~24h — alinhamento tipico a SMS Transactions / Insights Last 24h; totalprice pode diferir do cartao Total Spend),2026-07-27T10:08:43Z
Havenmove,turnmegabytes-india,0,0,0.000000,StartDate=2026-07-26 EndDate=2026-07-27 UTC (cover_days; soma dias GMT tocados pela janela ~24h — alinhamento tipico a SMS Transactions / Insights Last 24h; totalprice pode diferir do cartao Total Spend),2026-07-27T10:08:43Z
Havenmove,turnmegabytes-ireland,0,0,0.000000,StartDate=2026-07-26 EndDate=2026-07-27 UTC (cover_days; soma dias GMT tocados pela janela ~24h — alinhamento tipico a SMS Transactions / Insights Last 24h; totalprice pode diferir do cartao Total Spend),2026-07-27T10:08:43Z
Havenmove,turnmegabytes-japan,0,0,0.000000,StartDate=2026-07-26 EndDate=2026-07-27 UTC (cover_days; soma dias GMT tocados pela janela ~24h — alinhamento tipico a SMS Transactions / Insights Last 24h; totalprice pode diferir do cartao Total Spend),2026-07-27T10:08:43Z
Havenmove,turnmegabytes-singapore,0,0,0.000000,StartDate=2026-07-26 EndDate=2026-07-27 UTC (cover_days; soma dias GMT tocados pela janela ~24h — alinhamento tipico a SMS Transactions / Insights Last 24h; totalprice pode diferir do cartao Total Spend),2026-07-27T10:08:43Z
Havenmove,turnmegabytes-useast,0,0,0.000000,StartDate=2026-07-26 EndDate=2026-07-27 UTC (cover_days; soma dias GMT tocados pela janela ~24h — alinhamento tipico a SMS Transactions / Insights Last 24h; totalprice pode diferir do cartao Total Spend),2026-07-27T10:08:43Z
Havenmove,turnmegabytes-uswest,0,0,0.000000,StartDate=2026-07-26 EndDate=2026-07-27 UTC (cover_days; soma dias GMT tocados pela janela ~24h — alinhamento tipico a SMS Transactions / Insights Last 24h; totalprice pode diferir do cartao Total Spend),2026-07-27T10:08:43Z
Havenmove,twilio-authored-language-operators-input-output,0,0,0.000000,StartDate=2026-07-26 EndDate=2026-07-27 UTC (cover_days; soma dias GMT tocados pela janela ~24h — alinhamento tipico a SMS Transactions / Insights Last 24h; totalprice pode diferir do cartao Total Spend),2026-07-27T10:08:43Z
Havenmove,twilio-for-salesforce,0,0,0.000000,StartDate=2026-07-26 EndDate=2026-07-27 UTC (cover_days; soma dias GMT tocados pela janela ~24h — alinhamento tipico a SMS Transactions / Insights Last 24h; totalprice pode diferir do cartao Total Spend),2026-07-27T10:08:43Z
Havenmove,twilio-for-salesforce-licenses,0,0,0.000000,StartDate=2026-07-26 EndDate=2026-07-27 UTC (cover_days; soma dias GMT tocados pela janela ~24h — alinhamento tipico a SMS Transactions / Insights Last 24h; totalprice pode diferir do cartao Total Spend),2026-07-27T10:08:43Z
Havenmove,twilio-interconnect,0,0,0.000000,StartDate=2026-07-26 EndDate=2026-07-27 UTC (cover_days; soma dias GMT tocados pela janela ~24h — alinhamento tipico a SMS Transactions / Insights Last 24h; totalprice pode diferir do cartao Total Spend),2026-07-27T10:08:43Z
Havenmove,twiml,0,0,0.000000,StartDate=2026-07-26 EndDate=2026-07-27 UTC (cover_days; soma dias GMT tocados pela janela ~24h — alinhamento tipico a SMS Transactions / Insights Last 24h; totalprice pode diferir do cartao Total Spend),2026-07-27T10:08:43Z
Havenmove,usage-flex-video,0,0,0.000000,StartDate=2026-07-26 EndDate=2026-07-27 UTC (cover_days; soma dias GMT tocados pela janela ~24h — alinhamento tipico a SMS Transactions / Insights Last 24h; totalprice pode diferir do cartao Total Spend),2026-07-27T10:08:43Z
Havenmove,usage-functions,0,0,0.000000,StartDate=2026-07-26 EndDate=2026-07-27 UTC (cover_days; soma dias GMT tocados pela janela ~24h — alinhamento tipico a SMS Transactions / Insights Last 24h; totalprice pode diferir do cartao Total Spend),2026-07-27T10:08:43Z
Havenmove,usage-rcs-basic-messages-outbound,0,0,0.000000,StartDate=2026-07-26 EndDate=2026-07-27 UTC (cover_days; soma dias GMT tocados pela janela ~24h — alinhamento tipico a SMS Transactions / Insights Last 24h; totalprice pode diferir do cartao Total Spend),2026-07-27T10:08:43Z
Havenmove,usage-rcs-messages,0,0,0.000000,StartDate=2026-07-26 EndDate=2026-07-27 UTC (cover_days; soma dias GMT tocados pela janela ~24h — alinhamento tipico a SMS Transactions / Insights Last 24h; totalprice pode diferir do cartao Total Spend),2026-07-27T10:08:43Z
Havenmove,usage-rcs-messages-inbound,0,0,0.000000,StartDate=2026-07-26 EndDate=2026-07-27 UTC (cover_days; soma dias GMT tocados pela janela ~24h — alinhamento tipico a SMS Transactions / Insights Last 24h; totalprice pode diferir do cartao Total Spend),2026-07-27T10:08:43Z
Havenmove,usage-rcs-messaging-carrier-fees,0,0,0.000000,StartDate=2026-07-26 EndDate=2026-07-27 UTC (cover_days; soma dias GMT tocados pela janela ~24h — alinhamento tipico a SMS Transactions / Insights Last 24h; totalprice pode diferir do cartao Total Spend),2026-07-27T10:08:43Z
Havenmove,usage-rcs-rich-media-messages-inbound,0,0,0.000000,StartDate=2026-07-26 EndDate=2026-07-27 UTC (cover_days; soma dias GMT tocados pela janela ~24h — alinhamento tipico a SMS Transactions / Insights Last 24h; totalprice pode diferir do cartao Total Spend),2026-07-27T10:08:43Z
Havenmove,usage-rcs-rich-media-messages-outbound,0,0,0.000000,StartDate=2026-07-26 EndDate=2026-07-27 UTC (cover_days; soma dias GMT tocados pela janela ~24h — alinhamento tipico a SMS Transactions / Insights Last 24h; totalprice pode diferir do cartao Total Spend),2026-07-27T10:08:43Z
Havenmove,usage-rcs-rich-messages-inbound,0,0,0.000000,StartDate=2026-07-26 EndDate=2026-07-27 UTC (cover_days; soma dias GMT tocados pela janela ~24h — alinhamento tipico a SMS Transactions / Insights Last 24h; totalprice pode diferir do cartao Total Spend),2026-07-27T10:08:43Z
Havenmove,usage-rcs-rich-messages-outbound,0,0,0.000000,StartDate=2026-07-26 EndDate=2026-07-27 UTC (cover_days; soma dias GMT tocados pela janela ~24h — alinhamento tipico a SMS Transactions / Insights Last 24h; totalprice pode diferir do cartao Total Spend),2026-07-27T10:08:43Z
Havenmove,usage-rcs-single-messages-outbound,0,0,0.000000,StartDate=2026-07-26 EndDate=2026-07-27 UTC (cover_days; soma dias GMT tocados pela janela ~24h — alinhamento tipico a SMS Transactions / Insights Last 24h; totalprice pode diferir do cartao Total Spend),2026-07-27T10:08:43Z
Havenmove,verify-package-plans,0,0,0.000000,StartDate=2026-07-26 EndDate=2026-07-27 UTC (cover_days; soma dias GMT tocados pela janela ~24h — alinhamento tipico a SMS Transactions / Insights Last 24h; totalprice pode diferir do cartao Total Spend),2026-07-27T10:08:43Z
Havenmove,verify-push,0,0,0.000000,StartDate=2026-07-26 EndDate=2026-07-27 UTC (cover_days; soma dias GMT tocados pela janela ~24h — alinhamento tipico a SMS Transactions / Insights Last 24h; totalprice pode diferir do cartao Total Spend),2026-07-27T10:08:43Z
Havenmove,verify-sna,0,0,0.000000,StartDate=2026-07-26 EndDate=2026-07-27 UTC (cover_days; soma dias GMT tocados pela janela ~24h — alinhamento tipico a SMS Transactions / Insights Last 24h; totalprice pode diferir do cartao Total Spend),2026-07-27T10:08:43Z
Havenmove,verify-totp,0,0,0.000000,StartDate=2026-07-26 EndDate=2026-07-27 UTC (cover_days; soma dias GMT tocados pela janela ~24h — alinhamento tipico a SMS Transactions / Insights Last 24h; totalprice pode diferir do cartao Total Spend),2026-07-27T10:08:43Z
Havenmove,verify-voice-sms,0,0,0.000000,StartDate=2026-07-26 EndDate=2026-07-27 UTC (cover_days; soma dias GMT tocados pela janela ~24h — alinhamento tipico a SMS Transactions / Insights Last 24h; totalprice pode diferir do cartao Total Spend),2026-07-27T10:08:43Z
Havenmove,verify-whatsapp-conversations-business-initiated,0,0,0.000000,StartDate=2026-07-26 EndDate=2026-07-27 UTC (cover_days; soma dias GMT tocados pela janela ~24h — alinhamento tipico a SMS Transactions / Insights Last 24h; totalprice pode diferir do cartao Total Spend),2026-07-27T10:08:43Z
Havenmove,verify-whatsapp-template-business-initiated,0,0,0.000000,StartDate=2026-07-26 EndDate=2026-07-27 UTC (cover_days; soma dias GMT tocados pela janela ~24h — alinhamento tipico a SMS Transactions / Insights Last 24h; totalprice pode diferir do cartao Total Spend),2026-07-27T10:08:43Z
Havenmove,video-recordings,0,0,0.000000,StartDate=2026-07-26 EndDate=2026-07-27 UTC (cover_days; soma dias GMT tocados pela janela ~24h — alinhamento tipico a SMS Transactions / Insights Last 24h; totalprice pode diferir do cartao Total Spend),2026-07-27T10:08:43Z
Havenmove,video-rooms-turn-megabytes,0,0,0.000000,StartDate=2026-07-26 EndDate=2026-07-27 UTC (cover_days; soma dias GMT tocados pela janela ~24h — alinhamento tipico a SMS Transactions / Insights Last 24h; totalprice pode diferir do cartao Total Spend),2026-07-27T10:08:43Z
Havenmove,virtual-agent,0,0,0.000000,StartDate=2026-07-26 EndDate=2026-07-27 UTC (cover_days; soma dias GMT tocados pela janela ~24h — alinhamento tipico a SMS Transactions / Insights Last 24h; totalprice pode diferir do cartao Total Spend),2026-07-27T10:08:43Z
Havenmove,voice,0,0,0.000000,StartDate=2026-07-26 EndDate=2026-07-27 UTC (cover_days; soma dias GMT tocados pela janela ~24h — alinhamento tipico a SMS Transactions / Insights Last 24h; totalprice pode diferir do cartao Total Spend),2026-07-27T10:08:43Z
Havenmove,voice-connectivity,0,0,0.000000,StartDate=2026-07-26 EndDate=2026-07-27 UTC (cover_days; soma dias GMT tocados pela janela ~24h — alinhamento tipico a SMS Transactions / Insights Last 24h; totalprice pode diferir do cartao Total Spend),2026-07-27T10:08:43Z
Havenmove,voice-connectivity-features,0,0,0.000000,StartDate=2026-07-26 EndDate=2026-07-27 UTC (cover_days; soma dias GMT tocados pela janela ~24h — alinhamento tipico a SMS Transactions / Insights Last 24h; totalprice pode diferir do cartao Total Spend),2026-07-27T10:08:43Z
Havenmove,voice-insights,0,0,0.000000,StartDate=2026-07-26 EndDate=2026-07-27 UTC (cover_days; soma dias GMT tocados pela janela ~24h — alinhamento tipico a SMS Transactions / Insights Last 24h; totalprice pode diferir do cartao Total Spend),2026-07-27T10:08:43Z
Havenmove,voice-insights-client-insights-on-demand-minute,0,0,0.000000,StartDate=2026-07-26 EndDate=2026-07-27 UTC (cover_days; soma dias GMT tocados pela janela ~24h — alinhamento tipico a SMS Transactions / Insights Last 24h; totalprice pode diferir do cartao Total Spend),2026-07-27T10:08:43Z
Havenmove,voice-insights-ptsn-insights-on-demand-minute,0,0,0.000000,StartDate=2026-07-26 EndDate=2026-07-27 UTC (cover_days; soma dias GMT tocados pela janela ~24h — alinhamento tipico a SMS Transactions / Insights Last 24h; totalprice pode diferir do cartao Total Spend),2026-07-27T10:08:43Z
Havenmove,voice-insights-sip-interface-insights-on-demand-minute,0,0,0.000000,StartDate=2026-07-26 EndDate=2026-07-27 UTC (cover_days; soma dias GMT tocados pela janela ~24h — alinhamento tipico a SMS Transactions / Insights Last 24h; totalprice pode diferir do cartao Total Spend),2026-07-27T10:08:43Z
Havenmove,voice-insights-sip-trunking-insights-on-demand-minute,0,0,0.000000,StartDate=2026-07-26 EndDate=2026-07-27 UTC (cover_days; soma dias GMT tocados pela janela ~24h — alinhamento tipico a SMS Transactions / Insights Last 24h; totalprice pode diferir do cartao Total Spend),2026-07-27T10:08:43Z
Havenmove,voice-intelligence,0,0,0.000000,StartDate=2026-07-26 EndDate=2026-07-27 UTC (cover_days; soma dias GMT tocados pela janela ~24h — alinhamento tipico a SMS Transactions / Insights Last 24h; totalprice pode diferir do cartao Total Spend),2026-07-27T10:08:43Z
Havenmove,voice-intelligence-eip-operators,0,0,0.000000,StartDate=2026-07-26 EndDate=2026-07-27 UTC (cover_days; soma dias GMT tocados pela janela ~24h — alinhamento tipico a SMS Transactions / Insights Last 24h; totalprice pode diferir do cartao Total Spend),2026-07-27T10:08:43Z
Havenmove,voice-intelligence-operators,0,0,0.000000,StartDate=2026-07-26 EndDate=2026-07-27 UTC (cover_days; soma dias GMT tocados pela janela ~24h — alinhamento tipico a SMS Transactions / Insights Last 24h; totalprice pode diferir do cartao Total Spend),2026-07-27T10:08:43Z
Havenmove,voice-intelligence-transcription,0,0,0.000000,StartDate=2026-07-26 EndDate=2026-07-27 UTC (cover_days; soma dias GMT tocados pela janela ~24h — alinhamento tipico a SMS Transactions / Insights Last 24h; totalprice pode diferir do cartao Total Spend),2026-07-27T10:08:43Z
Havenmove,voice-intelligence-video-transcription,0,0,0.000000,StartDate=2026-07-26 EndDate=2026-07-27 UTC (cover_days; soma dias GMT tocados pela janela ~24h — alinhamento tipico a SMS Transactions / Insights Last 24h; totalprice pode diferir do cartao Total Spend),2026-07-27T10:08:43Z
Havenmove,wds,0,0,0.000000,StartDate=2026-07-26 EndDate=2026-07-27 UTC (cover_days; soma dias GMT tocados pela janela ~24h — alinhamento tipico a SMS Transactions / Insights Last 24h; totalprice pode diferir do cartao Total Spend),2026-07-27T10:08:43Z
Havenmove,wireless,0,0,0.000000,StartDate=2026-07-26 EndDate=2026-07-27 UTC (cover_days; soma dias GMT tocados pela janela ~24h — alinhamento tipico a SMS Transactions / Insights Last 24h; totalprice pode diferir do cartao Total Spend),2026-07-27T10:08:43Z
Havenmove,wireless-data,0,0,0.000000,StartDate=2026-07-26 EndDate=2026-07-27 UTC (cover_days; soma dias GMT tocados pela janela ~24h — alinhamento tipico a SMS Transactions / Insights Last 24h; totalprice pode diferir do cartao Total Spend),2026-07-27T10:08:43Z
Havenmove,wireless-data-payg,0,0,0.000000,StartDate=2026-07-26 EndDate=2026-07-27 UTC (cover_days; soma dias GMT tocados pela janela ~24h — alinhamento tipico a SMS Transactions / Insights Last 24h; totalprice pode diferir do cartao Total Spend),2026-07-27T10:08:43Z
Havenmove,wireless-data-payg-africa,0,0,0.000000,StartDate=2026-07-26 EndDate=2026-07-27 UTC (cover_days; soma dias GMT tocados pela janela ~24h — alinhamento tipico a SMS Transactions / Insights Last 24h; totalprice pode diferir do cartao Total Spend),2026-07-27T10:08:43Z
Havenmove,wireless-data-payg-asia,0,0,0.000000,StartDate=2026-07-26 EndDate=2026-07-27 UTC (cover_days; soma dias GMT tocados pela janela ~24h — alinhamento tipico a SMS Transactions / Insights Last 24h; totalprice pode diferir do cartao Total Spend),2026-07-27T10:08:43Z
Havenmove,wireless-data-payg-centralandsouthamerica,0,0,0.000000,StartDate=2026-07-26 EndDate=2026-07-27 UTC (cover_days; soma dias GMT tocados pela janela ~24h — alinhamento tipico a SMS Transactions / Insights Last 24h; totalprice pode diferir do cartao Total Spend),2026-07-27T10:08:43Z
Havenmove,wireless-data-payg-europe,0,0,0.000000,StartDate=2026-07-26 EndDate=2026-07-27 UTC (cover_days; soma dias GMT tocados pela janela ~24h — alinhamento tipico a SMS Transactions / Insights Last 24h; totalprice pode diferir do cartao Total Spend),2026-07-27T10:08:43Z
Havenmove,wireless-data-payg-northamerica,0,0,0.000000,StartDate=2026-07-26 EndDate=2026-07-27 UTC (cover_days; soma dias GMT tocados pela janela ~24h — alinhamento tipico a SMS Transactions / Insights Last 24h; totalprice pode diferir do cartao Total Spend),2026-07-27T10:08:43Z
Havenmove,wireless-data-payg-oceania,0,0,0.000000,StartDate=2026-07-26 EndDate=2026-07-27 UTC (cover_days; soma dias GMT tocados pela janela ~24h — alinhamento tipico a SMS Transactions / Insights Last 24h; totalprice pode diferir do cartao Total Spend),2026-07-27T10:08:43Z
Havenmove,wireless-data-quota1,0,0,0.000000,StartDate=2026-07-26 EndDate=2026-07-27 UTC (cover_days; soma dias GMT tocados pela janela ~24h — alinhamento tipico a SMS Transactions / Insights Last 24h; totalprice pode diferir do cartao Total Spend),2026-07-27T10:08:43Z
Havenmove,wireless-data-quota1-africa,0,0,0.000000,StartDate=2026-07-26 EndDate=2026-07-27 UTC (cover_days; soma dias GMT tocados pela janela ~24h — alinhamento tipico a SMS Transactions / Insights Last 24h; totalprice pode diferir do cartao Total Spend),2026-07-27T10:08:43Z
Havenmove,wireless-data-quota1-asia,0,0,0.000000,StartDate=2026-07-26 EndDate=2026-07-27 UTC (cover_days; soma dias GMT tocados pela janela ~24h — alinhamento tipico a SMS Transactions / Insights Last 24h; totalprice pode diferir do cartao Total Spend),2026-07-27T10:08:43Z
Havenmove,wireless-data-quota1-centralandsouthamerica,0,0,0.000000,StartDate=2026-07-26 EndDate=2026-07-27 UTC (cover_days; soma dias GMT tocados pela janela ~24h — alinhamento tipico a SMS Transactions / Insights Last 24h; totalprice pode diferir do cartao Total Spend),2026-07-27T10:08:43Z
Havenmove,wireless-data-quota1-europe,0,0,0.000000,StartDate=2026-07-26 EndDate=2026-07-27 UTC (cover_days; soma dias GMT tocados pela janela ~24h — alinhamento tipico a SMS Transactions / Insights Last 24h; totalprice pode diferir do cartao Total Spend),2026-07-27T10:08:43Z
Havenmove,wireless-data-quota1-northamerica,0,0,0.000000,StartDate=2026-07-26 EndDate=2026-07-27 UTC (cover_days; soma dias GMT tocados pela janela ~24h — alinhamento tipico a SMS Transactions / Insights Last 24h; totalprice pode diferir do cartao Total Spend),2026-07-27T10:08:43Z
Havenmove,wireless-data-quota1-oceania,0,0,0.000000,StartDate=2026-07-26 EndDate=2026-07-27 UTC (cover_days; soma dias GMT tocados pela janela ~24h — alinhamento tipico a SMS Transactions / Insights Last 24h; totalprice pode diferir do cartao Total Spend),2026-07-27T10:08:43Z
Havenmove,wireless-data-quota10,0,0,0.000000,StartDate=2026-07-26 EndDate=2026-07-27 UTC (cover_days; soma dias GMT tocados pela janela ~24h — alinhamento tipico a SMS Transactions / Insights Last 24h; totalprice pode diferir do cartao Total Spend),2026-07-27T10:08:43Z
Havenmove,wireless-data-quota10-africa,0,0,0.000000,StartDate=2026-07-26 EndDate=2026-07-27 UTC (cover_days; soma dias GMT tocados pela janela ~24h — alinhamento tipico a SMS Transactions / Insights Last 24h; totalprice pode diferir do cartao Total Spend),2026-07-27T10:08:43Z
Havenmove,wireless-data-quota10-asia,0,0,0.000000,StartDate=2026-07-26 EndDate=2026-07-27 UTC (cover_days; soma dias GMT tocados pela janela ~24h — alinhamento tipico a SMS Transactions / Insights Last 24h; totalprice pode diferir do cartao Total Spend),2026-07-27T10:08:43Z
Havenmove,wireless-data-quota10-centralandsouthamerica,0,0,0.000000,StartDate=2026-07-26 EndDate=2026-07-27 UTC (cover_days; soma dias GMT tocados pela janela ~24h — alinhamento tipico a SMS Transactions / Insights Last 24h; totalprice pode diferir do cartao Total Spend),2026-07-27T10:08:43Z
Havenmove,wireless-data-quota10-europe,0,0,0.000000,StartDate=2026-07-26 EndDate=2026-07-27 UTC (cover_days; soma dias GMT tocados pela janela ~24h — alinhamento tipico a SMS Transactions / Insights Last 24h; totalprice pode diferir do cartao Total Spend),2026-07-27T10:08:43Z
Havenmove,wireless-data-quota10-northamerica,0,0,0.000000,StartDate=2026-07-26 EndDate=2026-07-27 UTC (cover_days; soma dias GMT tocados pela janela ~24h — alinhamento tipico a SMS Transactions / Insights Last 24h; totalprice pode diferir do cartao Total Spend),2026-07-27T10:08:43Z
Havenmove,wireless-data-quota10-oceania,0,0,0.000000,StartDate=2026-07-26 EndDate=2026-07-27 UTC (cover_days; soma dias GMT tocados pela janela ~24h — alinhamento tipico a SMS Transactions / Insights Last 24h; totalprice pode diferir do cartao Total Spend),2026-07-27T10:08:43Z
Havenmove,wireless-data-quota50,0,0,0.000000,StartDate=2026-07-26 EndDate=2026-07-27 UTC (cover_days; soma dias GMT tocados pela janela ~24h — alinhamento tipico a SMS Transactions / Insights Last 24h; totalprice pode diferir do cartao Total Spend),2026-07-27T10:08:43Z
Havenmove,wireless-data-quota50-africa,0,0,0.000000,StartDate=2026-07-26 EndDate=2026-07-27 UTC (cover_days; soma dias GMT tocados pela janela ~24h — alinhamento tipico a SMS Transactions / Insights Last 24h; totalprice pode diferir do cartao Total Spend),2026-07-27T10:08:43Z
Havenmove,wireless-data-quota50-asia,0,0,0.000000,StartDate=2026-07-26 EndDate=2026-07-27 UTC (cover_days; soma dias GMT tocados pela janela ~24h — alinhamento tipico a SMS Transactions / Insights Last 24h; totalprice pode diferir do cartao Total Spend),2026-07-27T10:08:43Z
Havenmove,wireless-data-quota50-centralandsouthamerica,0,0,0.000000,StartDate=2026-07-26 EndDate=2026-07-27 UTC (cover_days; soma dias GMT tocados pela janela ~24h — alinhamento tipico a SMS Transactions / Insights Last 24h; totalprice pode diferir do cartao Total Spend),2026-07-27T10:08:43Z
Havenmove,wireless-data-quota50-europe,0,0,0.000000,StartDate=2026-07-26 EndDate=2026-07-27 UTC (cover_days; soma dias GMT tocados pela janela ~24h — alinhamento tipico a SMS Transactions / Insights Last 24h; totalprice pode diferir do cartao Total Spend),2026-07-27T10:08:43Z
Havenmove,wireless-data-quota50-northamerica,0,0,0.000000,StartDate=2026-07-26 EndDate=2026-07-27 UTC (cover_days; soma dias GMT tocados pela janela ~24h — alinhamento tipico a SMS Transactions / Insights Last 24h; totalprice pode diferir do cartao Total Spend),2026-07-27T10:08:43Z
Havenmove,wireless-data-quota50-oceania,0,0,0.000000,StartDate=2026-07-26 EndDate=2026-07-27 UTC (cover_days; soma dias GMT tocados pela janela ~24h — alinhamento tipico a SMS Transactions / Insights Last 24h; totalprice pode diferir do cartao Total Spend),2026-07-27T10:08:43Z
Havenmove,wireless-data-quotacustom,0,0,0.000000,StartDate=2026-07-26 EndDate=2026-07-27 UTC (cover_days; soma dias GMT tocados pela janela ~24h — alinhamento tipico a SMS Transactions / Insights Last 24h; totalprice pode diferir do cartao Total Spend),2026-07-27T10:08:43Z
Havenmove,wireless-data-quotacustom-africa,0,0,0.000000,StartDate=2026-07-26 EndDate=2026-07-27 UTC (cover_days; soma dias GMT tocados pela janela ~24h — alinhamento tipico a SMS Transactions / Insights Last 24h; totalprice pode diferir do cartao Total Spend),2026-07-27T10:08:43Z
Havenmove,wireless-data-quotacustom-asia,0,0,0.000000,StartDate=2026-07-26 EndDate=2026-07-27 UTC (cover_days; soma dias GMT tocados pela janela ~24h — alinhamento tipico a SMS Transactions / Insights Last 24h; totalprice pode diferir do cartao Total Spend),2026-07-27T10:08:43Z
Havenmove,wireless-data-quotacustom-centralandsouthamerica,0,0,0.000000,StartDate=2026-07-26 EndDate=2026-07-27 UTC (cover_days; soma dias GMT tocados pela janela ~24h — alinhamento tipico a SMS Transactions / Insights Last 24h; totalprice pode diferir do cartao Total Spend),2026-07-27T10:08:43Z
Havenmove,wireless-data-quotacustom-europe,0,0,0.000000,StartDate=2026-07-26 EndDate=2026-07-27 UTC (cover_days; soma dias GMT tocados pela janela ~24h — alinhamento tipico a SMS Transactions / Insights Last 24h; totalprice pode diferir do cartao Total Spend),2026-07-27T10:08:43Z
Havenmove,wireless-data-quotacustom-northamerica,0,0,0.000000,StartDate=2026-07-26 EndDate=2026-07-27 UTC (cover_days; soma dias GMT tocados pela janela ~24h — alinhamento tipico a SMS Transactions / Insights Last 24h; totalprice pode diferir do cartao Total Spend),2026-07-27T10:08:43Z
Havenmove,wireless-data-quotacustom-oceania,0,0,0.000000,StartDate=2026-07-26 EndDate=2026-07-27 UTC (cover_days; soma dias GMT tocados pela janela ~24h — alinhamento tipico a SMS Transactions / Insights Last 24h; totalprice pode diferir do cartao Total Spend),2026-07-27T10:08:43Z
Havenmove,wireless-mrc-payg,0,0,0.000000,StartDate=2026-07-26 EndDate=2026-07-27 UTC (cover_days; soma dias GMT tocados pela janela ~24h — alinhamento tipico a SMS Transactions / Insights Last 24h; totalprice pode diferir do cartao Total Spend),2026-07-27T10:08:43Z
Havenmove,wireless-mrc-quota1,0,0,0.000000,StartDate=2026-07-26 EndDate=2026-07-27 UTC (cover_days; soma dias GMT tocados pela janela ~24h — alinhamento tipico a SMS Transactions / Insights Last 24h; totalprice pode diferir do cartao Total Spend),2026-07-27T10:08:43Z
Havenmove,wireless-mrc-quota10,0,0,0.000000,StartDate=2026-07-26 EndDate=2026-07-27 UTC (cover_days; soma dias GMT tocados pela janela ~24h — alinhamento tipico a SMS Transactions / Insights Last 24h; totalprice pode diferir do cartao Total Spend),2026-07-27T10:08:43Z
Havenmove,wireless-mrc-quota50,0,0,0.000000,StartDate=2026-07-26 EndDate=2026-07-27 UTC (cover_days; soma dias GMT tocados pela janela ~24h — alinhamento tipico a SMS Transactions / Insights Last 24h; totalprice pode diferir do cartao Total Spend),2026-07-27T10:08:43Z
Havenmove,wireless-mrc-quotacustom,0,0,0.000000,StartDate=2026-07-26 EndDate=2026-07-27 UTC (cover_days; soma dias GMT tocados pela janela ~24h — alinhamento tipico a SMS Transactions / Insights Last 24h; totalprice pode diferir do cartao Total Spend),2026-07-27T10:08:43Z
Havenmove,wireless-orders,0,0,0.000000,StartDate=2026-07-26 EndDate=2026-07-27 UTC (cover_days; soma dias GMT tocados pela janela ~24h — alinhamento tipico a SMS Transactions / Insights Last 24h; totalprice pode diferir do cartao Total Spend),2026-07-27T10:08:43Z
Havenmove,wireless-orders-artwork,0,0,0.000000,StartDate=2026-07-26 EndDate=2026-07-27 UTC (cover_days; soma dias GMT tocados pela janela ~24h — alinhamento tipico a SMS Transactions / Insights Last 24h; totalprice pode diferir do cartao Total Spend),2026-07-27T10:08:43Z
Havenmove,wireless-orders-bulk,0,0,0.000000,StartDate=2026-07-26 EndDate=2026-07-27 UTC (cover_days; soma dias GMT tocados pela janela ~24h — alinhamento tipico a SMS Transactions / Insights Last 24h; totalprice pode diferir do cartao Total Spend),2026-07-27T10:08:43Z
Havenmove,wireless-orders-esim,0,0,0.000000,StartDate=2026-07-26 EndDate=2026-07-27 UTC (cover_days; soma dias GMT tocados pela janela ~24h — alinhamento tipico a SMS Transactions / Insights Last 24h; totalprice pode diferir do cartao Total Spend),2026-07-27T10:08:43Z
Havenmove,wireless-orders-starter,0,0,0.000000,StartDate=2026-07-26 EndDate=2026-07-27 UTC (cover_days; soma dias GMT tocados pela janela ~24h — alinhamento tipico a SMS Transactions / Insights Last 24h; totalprice pode diferir do cartao Total Spend),2026-07-27T10:08:43Z
Havenmove,wireless-quotas,0,0,0.000000,StartDate=2026-07-26 EndDate=2026-07-27 UTC (cover_days; soma dias GMT tocados pela janela ~24h — alinhamento tipico a SMS Transactions / Insights Last 24h; totalprice pode diferir do cartao Total Spend),2026-07-27T10:08:43Z
Havenmove,wireless-sms-africa,0,0,0.000000,StartDate=2026-07-26 EndDate=2026-07-27 UTC (cover_days; soma dias GMT tocados pela janela ~24h — alinhamento tipico a SMS Transactions / Insights Last 24h; totalprice pode diferir do cartao Total Spend),2026-07-27T10:08:43Z
Havenmove,wireless-sms-asia,0,0,0.000000,StartDate=2026-07-26 EndDate=2026-07-27 UTC (cover_days; soma dias GMT tocados pela janela ~24h — alinhamento tipico a SMS Transactions / Insights Last 24h; totalprice pode diferir do cartao Total Spend),2026-07-27T10:08:43Z
Havenmove,wireless-sms-centralandsouthamerica,0,0,0.000000,StartDate=2026-07-26 EndDate=2026-07-27 UTC (cover_days; soma dias GMT tocados pela janela ~24h — alinhamento tipico a SMS Transactions / Insights Last 24h; totalprice pode diferir do cartao Total Spend),2026-07-27T10:08:43Z
Havenmove,wireless-sms-europe,0,0,0.000000,StartDate=2026-07-26 EndDate=2026-07-27 UTC (cover_days; soma dias GMT tocados pela janela ~24h — alinhamento tipico a SMS Transactions / Insights Last 24h; totalprice pode diferir do cartao Total Spend),2026-07-27T10:08:43Z
Havenmove,wireless-sms-northamerica,0,0,0.000000,StartDate=2026-07-26 EndDate=2026-07-27 UTC (cover_days; soma dias GMT tocados pela janela ~24h — alinhamento tipico a SMS Transactions / Insights Last 24h; totalprice pode diferir do cartao Total Spend),2026-07-27T10:08:43Z
Havenmove,wireless-sms-oceania,0,0,0.000000,StartDate=2026-07-26 EndDate=2026-07-27 UTC (cover_days; soma dias GMT tocados pela janela ~24h — alinhamento tipico a SMS Transactions / Insights Last 24h; totalprice pode diferir do cartao Total Spend),2026-07-27T10:08:43Z
Havenmove,wireless-super-sim,0,0,0.000000,StartDate=2026-07-26 EndDate=2026-07-27 UTC (cover_days; soma dias GMT tocados pela janela ~24h — alinhamento tipico a SMS Transactions / Insights Last 24h; totalprice pode diferir do cartao Total Spend),2026-07-27T10:08:43Z
Havenmove,wireless-super-sim-data,0,0,0.000000,StartDate=2026-07-26 EndDate=2026-07-27 UTC (cover_days; soma dias GMT tocados pela janela ~24h — alinhamento tipico a SMS Transactions / Insights Last 24h; totalprice pode diferir do cartao Total Spend),2026-07-27T10:08:43Z
Havenmove,wireless-super-sim-data-north-america-usa,0,0,0.000000,StartDate=2026-07-26 EndDate=2026-07-27 UTC (cover_days; soma dias GMT tocados pela janela ~24h — alinhamento tipico a SMS Transactions / Insights Last 24h; totalprice pode diferir do cartao Total Spend),2026-07-27T10:08:43Z
Havenmove,wireless-super-sim-data-payg,0,0,0.000000,StartDate=2026-07-26 EndDate=2026-07-27 UTC (cover_days; soma dias GMT tocados pela janela ~24h — alinhamento tipico a SMS Transactions / Insights Last 24h; totalprice pode diferir do cartao Total Spend),2026-07-27T10:08:43Z
Havenmove,wireless-super-sim-data-payg-europe,0,0,0.000000,StartDate=2026-07-26 EndDate=2026-07-27 UTC (cover_days; soma dias GMT tocados pela janela ~24h — alinhamento tipico a SMS Transactions / Insights Last 24h; totalprice pode diferir do cartao Total Spend),2026-07-27T10:08:43Z
Havenmove,wireless-super-sim-data-payg-north-america,0,0,0.000000,StartDate=2026-07-26 EndDate=2026-07-27 UTC (cover_days; soma dias GMT tocados pela janela ~24h — alinhamento tipico a SMS Transactions / Insights Last 24h; totalprice pode diferir do cartao Total Spend),2026-07-27T10:08:43Z
Havenmove,wireless-super-sim-hardware,0,0,0.000000,StartDate=2026-07-26 EndDate=2026-07-27 UTC (cover_days; soma dias GMT tocados pela janela ~24h — alinhamento tipico a SMS Transactions / Insights Last 24h; totalprice pode diferir do cartao Total Spend),2026-07-27T10:08:43Z
Havenmove,wireless-super-sim-hardware-bulk,0,0,0.000000,StartDate=2026-07-26 EndDate=2026-07-27 UTC (cover_days; soma dias GMT tocados pela janela ~24h — alinhamento tipico a SMS Transactions / Insights Last 24h; totalprice pode diferir do cartao Total Spend),2026-07-27T10:08:43Z
Havenmove,wireless-super-sim-smscommands,0,0,0.000000,StartDate=2026-07-26 EndDate=2026-07-27 UTC (cover_days; soma dias GMT tocados pela janela ~24h — alinhamento tipico a SMS Transactions / Insights Last 24h; totalprice pode diferir do cartao Total Spend),2026-07-27T10:08:43Z
Havenmove,wireless-super-sim-smscommands-africa,0,0,0.000000,StartDate=2026-07-26 EndDate=2026-07-27 UTC (cover_days; soma dias GMT tocados pela janela ~24h — alinhamento tipico a SMS Transactions / Insights Last 24h; totalprice pode diferir do cartao Total Spend),2026-07-27T10:08:43Z
Havenmove,wireless-super-sim-smscommands-asia,0,0,0.000000,StartDate=2026-07-26 EndDate=2026-07-27 UTC (cover_days; soma dias GMT tocados pela janela ~24h — alinhamento tipico a SMS Transactions / Insights Last 24h; totalprice pode diferir do cartao Total Spend),2026-07-27T10:08:43Z
Havenmove,wireless-super-sim-smscommands-cent-and-south-america,0,0,0.000000,StartDate=2026-07-26 EndDate=2026-07-27 UTC (cover_days; soma dias GMT tocados pela janela ~24h — alinhamento tipico a SMS Transactions / Insights Last 24h; totalprice pode diferir do cartao Total Spend),2026-07-27T10:08:43Z
Havenmove,wireless-super-sim-smscommands-europe,0,0,0.000000,StartDate=2026-07-26 EndDate=2026-07-27 UTC (cover_days; soma dias GMT tocados pela janela ~24h — alinhamento tipico a SMS Transactions / Insights Last 24h; totalprice pode diferir do cartao Total Spend),2026-07-27T10:08:43Z
Havenmove,wireless-super-sim-smscommands-north-america,0,0,0.000000,StartDate=2026-07-26 EndDate=2026-07-27 UTC (cover_days; soma dias GMT tocados pela janela ~24h — alinhamento tipico a SMS Transactions / Insights Last 24h; totalprice pode diferir do cartao Total Spend),2026-07-27T10:08:43Z
Havenmove,wireless-super-sim-smscommands-oceania,0,0,0.000000,StartDate=2026-07-26 EndDate=2026-07-27 UTC (cover_days; soma dias GMT tocados pela janela ~24h — alinhamento tipico a SMS Transactions / Insights Last 24h; totalprice pode diferir do cartao Total Spend),2026-07-27T10:08:43Z
Havenmove,wireless-super-sim-subscription,0,0,0.000000,StartDate=2026-07-26 EndDate=2026-07-27 UTC (cover_days; soma dias GMT tocados pela janela ~24h — alinhamento tipico a SMS Transactions / Insights Last 24h; totalprice pode diferir do cartao Total Spend),2026-07-27T10:08:43Z
Havenmove,wireless-super-sim-subscription-payg,0,0,0.000000,StartDate=2026-07-26 EndDate=2026-07-27 UTC (cover_days; soma dias GMT tocados pela janela ~24h — alinhamento tipico a SMS Transactions / Insights Last 24h; totalprice pode diferir do cartao Total Spend),2026-07-27T10:08:43Z
Havenmove,wireless-usage,0,0,0.000000,StartDate=2026-07-26 EndDate=2026-07-27 UTC (cover_days; soma dias GMT tocados pela janela ~24h — alinhamento tipico a SMS Transactions / Insights Last 24h; totalprice pode diferir do cartao Total Spend),2026-07-27T10:08:43Z
Havenmove,wireless-usage-commands,0,0,0.000000,StartDate=2026-07-26 EndDate=2026-07-27 UTC (cover_days; soma dias GMT tocados pela janela ~24h — alinhamento tipico a SMS Transactions / Insights Last 24h; totalprice pode diferir do cartao Total Spend),2026-07-27T10:08:43Z
Havenmove,wireless-usage-commands-africa,0,0,0.000000,StartDate=2026-07-26 EndDate=2026-07-27 UTC (cover_days; soma dias GMT tocados pela janela ~24h — alinhamento tipico a SMS Transactions / Insights Last 24h; totalprice pode diferir do cartao Total Spend),2026-07-27T10:08:43Z
Havenmove,wireless-usage-commands-asia,0,0,0.000000,StartDate=2026-07-26 EndDate=2026-07-27 UTC (cover_days; soma dias GMT tocados pela janela ~24h — alinhamento tipico a SMS Transactions / Insights Last 24h; totalprice pode diferir do cartao Total Spend),2026-07-27T10:08:43Z
Havenmove,wireless-usage-commands-centralandsouthamerica,0,0,0.000000,StartDate=2026-07-26 EndDate=2026-07-27 UTC (cover_days; soma dias GMT tocados pela janela ~24h — alinhamento tipico a SMS Transactions / Insights Last 24h; totalprice pode diferir do cartao Total Spend),2026-07-27T10:08:43Z
Havenmove,wireless-usage-commands-europe,0,0,0.000000,StartDate=2026-07-26 EndDate=2026-07-27 UTC (cover_days; soma dias GMT tocados pela janela ~24h — alinhamento tipico a SMS Transactions / Insights Last 24h; totalprice pode diferir do cartao Total Spend),2026-07-27T10:08:43Z
Havenmove,wireless-usage-commands-home,0,0,0.000000,StartDate=2026-07-26 EndDate=2026-07-27 UTC (cover_days; soma dias GMT tocados pela janela ~24h — alinhamento tipico a SMS Transactions / Insights Last 24h; totalprice pode diferir do cartao Total Spend),2026-07-27T10:08:43Z
Havenmove,wireless-usage-commands-northamerica,0,0,0.000000,StartDate=2026-07-26 EndDate=2026-07-27 UTC (cover_days; soma dias GMT tocados pela janela ~24h — alinhamento tipico a SMS Transactions / Insights Last 24h; totalprice pode diferir do cartao Total Spend),2026-07-27T10:08:43Z
Havenmove,wireless-usage-commands-oceania,0,0,0.000000,StartDate=2026-07-26 EndDate=2026-07-27 UTC (cover_days; soma dias GMT tocados pela janela ~24h — alinhamento tipico a SMS Transactions / Insights Last 24h; totalprice pode diferir do cartao Total Spend),2026-07-27T10:08:43Z
Havenmove,wireless-usage-commands-roaming,0,0,0.000000,StartDate=2026-07-26 EndDate=2026-07-27 UTC (cover_days; soma dias GMT tocados pela janela ~24h — alinhamento tipico a SMS Transactions / Insights Last 24h; totalprice pode diferir do cartao Total Spend),2026-07-27T10:08:43Z
Havenmove,wireless-usage-data,0,0,0.000000,StartDate=2026-07-26 EndDate=2026-07-27 UTC (cover_days; soma dias GMT tocados pela janela ~24h — alinhamento tipico a SMS Transactions / Insights Last 24h; totalprice pode diferir do cartao Total Spend),2026-07-27T10:08:43Z
Havenmove,wireless-usage-data-africa,0,0,0.000000,StartDate=2026-07-26 EndDate=2026-07-27 UTC (cover_days; soma dias GMT tocados pela janela ~24h — alinhamento tipico a SMS Transactions / Insights Last 24h; totalprice pode diferir do cartao Total Spend),2026-07-27T10:08:43Z
Havenmove,wireless-usage-data-asia,0,0,0.000000,StartDate=2026-07-26 EndDate=2026-07-27 UTC (cover_days; soma dias GMT tocados pela janela ~24h — alinhamento tipico a SMS Transactions / Insights Last 24h; totalprice pode diferir do cartao Total Spend),2026-07-27T10:08:43Z
Havenmove,wireless-usage-data-centralandsouthamerica,0,0,0.000000,StartDate=2026-07-26 EndDate=2026-07-27 UTC (cover_days; soma dias GMT tocados pela janela ~24h — alinhamento tipico a SMS Transactions / Insights Last 24h; totalprice pode diferir do cartao Total Spend),2026-07-27T10:08:43Z
Havenmove,wireless-usage-data-custom-additionalmb,0,0,0.000000,StartDate=2026-07-26 EndDate=2026-07-27 UTC (cover_days; soma dias GMT tocados pela janela ~24h — alinhamento tipico a SMS Transactions / Insights Last 24h; totalprice pode diferir do cartao Total Spend),2026-07-27T10:08:43Z
Havenmove,wireless-usage-data-custom-first5mb,0,0,0.000000,StartDate=2026-07-26 EndDate=2026-07-27 UTC (cover_days; soma dias GMT tocados pela janela ~24h — alinhamento tipico a SMS Transactions / Insights Last 24h; totalprice pode diferir do cartao Total Spend),2026-07-27T10:08:43Z
Havenmove,wireless-usage-data-domestic-roaming,0,0,0.000000,StartDate=2026-07-26 EndDate=2026-07-27 UTC (cover_days; soma dias GMT tocados pela janela ~24h — alinhamento tipico a SMS Transactions / Insights Last 24h; totalprice pode diferir do cartao Total Spend),2026-07-27T10:08:43Z
Havenmove,wireless-usage-data-europe,0,0,0.000000,StartDate=2026-07-26 EndDate=2026-07-27 UTC (cover_days; soma dias GMT tocados pela janela ~24h — alinhamento tipico a SMS Transactions / Insights Last 24h; totalprice pode diferir do cartao Total Spend),2026-07-27T10:08:43Z
Havenmove,wireless-usage-data-individual-additionalgb,0,0,0.000000,StartDate=2026-07-26 EndDate=2026-07-27 UTC (cover_days; soma dias GMT tocados pela janela ~24h — alinhamento tipico a SMS Transactions / Insights Last 24h; totalprice pode diferir do cartao Total Spend),2026-07-27T10:08:43Z
Havenmove,wireless-usage-data-individual-firstgb,0,0,0.000000,StartDate=2026-07-26 EndDate=2026-07-27 UTC (cover_days; soma dias GMT tocados pela janela ~24h — alinhamento tipico a SMS Transactions / Insights Last 24h; totalprice pode diferir do cartao Total Spend),2026-07-27T10:08:43Z
Havenmove,wireless-usage-data-international-roaming-canada,0,0,0.000000,StartDate=2026-07-26 EndDate=2026-07-27 UTC (cover_days; soma dias GMT tocados pela janela ~24h — alinhamento tipico a SMS Transactions / Insights Last 24h; totalprice pode diferir do cartao Total Spend),2026-07-27T10:08:43Z
Havenmove,wireless-usage-data-international-roaming-india,0,0,0.000000,StartDate=2026-07-26 EndDate=2026-07-27 UTC (cover_days; soma dias GMT tocados pela janela ~24h — alinhamento tipico a SMS Transactions / Insights Last 24h; totalprice pode diferir do cartao Total Spend),2026-07-27T10:08:43Z
Havenmove,wireless-usage-data-international-roaming-mexico,0,0,0.000000,StartDate=2026-07-26 EndDate=2026-07-27 UTC (cover_days; soma dias GMT tocados pela janela ~24h — alinhamento tipico a SMS Transactions / Insights Last 24h; totalprice pode diferir do cartao Total Spend),2026-07-27T10:08:43Z
Havenmove,wireless-usage-data-northamerica,0,0,0.000000,StartDate=2026-07-26 EndDate=2026-07-27 UTC (cover_days; soma dias GMT tocados pela janela ~24h — alinhamento tipico a SMS Transactions / Insights Last 24h; totalprice pode diferir do cartao Total Spend),2026-07-27T10:08:43Z
Havenmove,wireless-usage-data-oceania,0,0,0.000000,StartDate=2026-07-26 EndDate=2026-07-27 UTC (cover_days; soma dias GMT tocados pela janela ~24h — alinhamento tipico a SMS Transactions / Insights Last 24h; totalprice pode diferir do cartao Total Spend),2026-07-27T10:08:43Z
Havenmove,wireless-usage-data-pooled,0,0,0.000000,StartDate=2026-07-26 EndDate=2026-07-27 UTC (cover_days; soma dias GMT tocados pela janela ~24h — alinhamento tipico a SMS Transactions / Insights Last 24h; totalprice pode diferir do cartao Total Spend),2026-07-27T10:08:43Z
Havenmove,wireless-usage-data-pooled-downlink,0,0,0.000000,StartDate=2026-07-26 EndDate=2026-07-27 UTC (cover_days; soma dias GMT tocados pela janela ~24h — alinhamento tipico a SMS Transactions / Insights Last 24h; totalprice pode diferir do cartao Total Spend),2026-07-27T10:08:43Z
Havenmove,wireless-usage-data-pooled-uplink,0,0,0.000000,StartDate=2026-07-26 EndDate=2026-07-27 UTC (cover_days; soma dias GMT tocados pela janela ~24h — alinhamento tipico a SMS Transactions / Insights Last 24h; totalprice pode diferir do cartao Total Spend),2026-07-27T10:08:43Z
Havenmove,wireless-usage-mrc,0,0,0.000000,StartDate=2026-07-26 EndDate=2026-07-27 UTC (cover_days; soma dias GMT tocados pela janela ~24h — alinhamento tipico a SMS Transactions / Insights Last 24h; totalprice pode diferir do cartao Total Spend),2026-07-27T10:08:43Z
Havenmove,wireless-usage-mrc-custom,0,0,0.000000,StartDate=2026-07-26 EndDate=2026-07-27 UTC (cover_days; soma dias GMT tocados pela janela ~24h — alinhamento tipico a SMS Transactions / Insights Last 24h; totalprice pode diferir do cartao Total Spend),2026-07-27T10:08:43Z
Havenmove,wireless-usage-mrc-individual,0,0,0.000000,StartDate=2026-07-26 EndDate=2026-07-27 UTC (cover_days; soma dias GMT tocados pela janela ~24h — alinhamento tipico a SMS Transactions / Insights Last 24h; totalprice pode diferir do cartao Total Spend),2026-07-27T10:08:43Z
Havenmove,wireless-usage-mrc-pooled,0,0,0.000000,StartDate=2026-07-26 EndDate=2026-07-27 UTC (cover_days; soma dias GMT tocados pela janela ~24h — alinhamento tipico a SMS Transactions / Insights Last 24h; totalprice pode diferir do cartao Total Spend),2026-07-27T10:08:43Z
Havenmove,wireless-usage-mrc-suspended,0,0,0.000000,StartDate=2026-07-26 EndDate=2026-07-27 UTC (cover_days; soma dias GMT tocados pela janela ~24h — alinhamento tipico a SMS Transactions / Insights Last 24h; totalprice pode diferir do cartao Total Spend),2026-07-27T10:08:43Z
Havenmove,wireless-usage-sms,0,0,0.000000,StartDate=2026-07-26 EndDate=2026-07-27 UTC (cover_days; soma dias GMT tocados pela janela ~24h — alinhamento tipico a SMS Transactions / Insights Last 24h; totalprice pode diferir do cartao Total Spend),2026-07-27T10:08:43Z
Havenmove,wireless-usage-voice,0,0,0.000000,StartDate=2026-07-26 EndDate=2026-07-27 UTC (cover_days; soma dias GMT tocados pela janela ~24h — alinhamento tipico a SMS Transactions / Insights Last 24h; totalprice pode diferir do cartao Total Spend),2026-07-27T10:08:43Z
Rehableaf,totalprice,0,330.9588,330.958750,StartDate=2026-07-26 EndDate=2026-07-27 UTC (cover_days; soma dias GMT tocados pela janela ~24h — alinhamento tipico a SMS Transactions / Insights Last 24h; totalprice pode diferir do cartao Total Spend),2026-07-27T10:08:43Z
Rehableaf,channels,92098,92324,330.923750,StartDate=2026-07-26 EndDate=2026-07-27 UTC (cover_days; soma dias GMT tocados pela janela ~24h — alinhamento tipico a SMS Transactions / Insights Last 24h; totalprice pode diferir do cartao Total Spend),2026-07-27T10:08:43Z
Rehableaf,sms-messages-carrierfees,45905,46018,192.809100,StartDate=2026-07-26 EndDate=2026-07-27 UTC (cover_days; soma dias GMT tocados pela janela ~24h — alinhamento tipico a SMS Transactions / Insights Last 24h; totalprice pode diferir do cartao Total Spend),2026-07-27T10:08:43Z
Rehableaf,sms,46022,46135,137.943650,StartDate=2026-07-26 EndDate=2026-07-27 UTC (cover_days; soma dias GMT tocados pela janela ~24h — alinhamento tipico a SMS Transactions / Insights Last 24h; totalprice pode diferir do cartao Total Spend),2026-07-27T10:08:43Z
Rehableaf,sms-outbound,46015,46128,137.922720,StartDate=2026-07-26 EndDate=2026-07-27 UTC (cover_days; soma dias GMT tocados pela janela ~24h — alinhamento tipico a SMS Transactions / Insights Last 24h; totalprice pode diferir do cartao Total Spend),2026-07-27T10:08:43Z
Rehableaf,sms-outbound-tollfree,46013,46126,137.916740,StartDate=2026-07-26 EndDate=2026-07-27 UTC (cover_days; soma dias GMT tocados pela janela ~24h — alinhamento tipico a SMS Transactions / Insights Last 24h; totalprice pode diferir do cartao Total Spend),2026-07-27T10:08:43Z
Rehableaf,failed-message-processing-fee,171,171,0.171000,StartDate=2026-07-26 EndDate=2026-07-27 UTC (cover_days; soma dias GMT tocados pela janela ~24h — alinhamento tipico a SMS Transactions / Insights Last 24h; totalprice pode diferir do cartao Total Spend),2026-07-27T10:08:43Z
Rehableaf,calls,1,1,0.022000,StartDate=2026-07-26 EndDate=2026-07-27 UTC (cover_days; soma dias GMT tocados pela janela ~24h — alinhamento tipico a SMS Transactions / Insights Last 24h; totalprice pode diferir do cartao Total Spend),2026-07-27T10:08:43Z
Rehableaf,calls-inbound,1,1,0.022000,StartDate=2026-07-26 EndDate=2026-07-27 UTC (cover_days; soma dias GMT tocados pela janela ~24h — alinhamento tipico a SMS Transactions / Insights Last 24h; totalprice pode diferir do cartao Total Spend),2026-07-27T10:08:43Z
Rehableaf,calls-inbound-tollfree,1,1,0.022000,StartDate=2026-07-26 EndDate=2026-07-27 UTC (cover_days; soma dias GMT tocados pela janela ~24h — alinhamento tipico a SMS Transactions / Insights Last 24h; totalprice pode diferir do cartao Total Spend),2026-07-27T10:08:43Z
Rehableaf,sms-inbound,7,7,0.020930,StartDate=2026-07-26 EndDate=2026-07-27 UTC (cover_days; soma dias GMT tocados pela janela ~24h — alinhamento tipico a SMS Transactions / Insights Last 24h; totalprice pode diferir do cartao Total Spend),2026-07-27T10:08:43Z
Rehableaf,sms-inbound-tollfree,7,7,0.020930,StartDate=2026-07-26 EndDate=2026-07-27 UTC (cover_days; soma dias GMT tocados pela janela ~24h — alinhamento tipico a SMS Transactions / Insights Last 24h; totalprice pode diferir do cartao Total Spend),2026-07-27T10:08:43Z
Rehableaf,amazon-polly,1,1,0.013000,StartDate=2026-07-26 EndDate=2026-07-27 UTC (cover_days; soma dias GMT tocados pela janela ~24h — alinhamento tipico a SMS Transactions / Insights Last 24h; totalprice pode diferir do cartao Total Spend),2026-07-27T10:08:43Z
Rehableaf,bundle-sms-bucket,2,2,0.005980,StartDate=2026-07-26 EndDate=2026-07-27 UTC (cover_days; soma dias GMT tocados pela janela ~24h — alinhamento tipico a SMS Transactions / Insights Last 24h; totalprice pode diferir do cartao Total Spend),2026-07-27T10:08:43Z
Rehableaf,sms-outbound-longcode,2,2,0.005980,StartDate=2026-07-26 EndDate=2026-07-27 UTC (cover_days; soma dias GMT tocados pela janela ~24h — alinhamento tipico a SMS Transactions / Insights Last 24h; totalprice pode diferir do cartao Total Spend),2026-07-27T10:08:43Z
Rehableaf,a2p-10dlc-registrationfees-brandregistration,0,0,0.000000,StartDate=2026-07-26 EndDate=2026-07-27 UTC (cover_days; soma dias GMT tocados pela janela ~24h — alinhamento tipico a SMS Transactions / Insights Last 24h; totalprice pode diferir do cartao Total Spend),2026-07-27T10:08:43Z
Rehableaf,a2p-10dlc-registrationfees-bv,0,0,0.000000,StartDate=2026-07-26 EndDate=2026-07-27 UTC (cover_days; soma dias GMT tocados pela janela ~24h — alinhamento tipico a SMS Transactions / Insights Last 24h; totalprice pode diferir do cartao Total Spend),2026-07-27T10:08:43Z
Rehableaf,a2p-10dlc-registrationfees-campaigncharges,0,0,0.000000,StartDate=2026-07-26 EndDate=2026-07-27 UTC (cover_days; soma dias GMT tocados pela janela ~24h — alinhamento tipico a SMS Transactions / Insights Last 24h; totalprice pode diferir do cartao Total Spend),2026-07-27T10:08:43Z
Rehableaf,a2p-10dlc-registrationfees-campaignregistration,0,0,0.000000,StartDate=2026-07-26 EndDate=2026-07-27 UTC (cover_days; soma dias GMT tocados pela janela ~24h — alinhamento tipico a SMS Transactions / Insights Last 24h; totalprice pode diferir do cartao Total Spend),2026-07-27T10:08:43Z
Rehableaf,a2p-10dlc-registrationfees-campaignvetting,0,0,0.000000,StartDate=2026-07-26 EndDate=2026-07-27 UTC (cover_days; soma dias GMT tocados pela janela ~24h — alinhamento tipico a SMS Transactions / Insights Last 24h; totalprice pode diferir do cartao Total Spend),2026-07-27T10:08:43Z
Rehableaf,a2p-10dlc-registrationfees-monthly,0,0,0.000000,StartDate=2026-07-26 EndDate=2026-07-27 UTC (cover_days; soma dias GMT tocados pela janela ~24h — alinhamento tipico a SMS Transactions / Insights Last 24h; totalprice pode diferir do cartao Total Spend),2026-07-27T10:08:43Z
Rehableaf,a2p-10dlc-registrationfees-onetime,0,0,0.000000,StartDate=2026-07-26 EndDate=2026-07-27 UTC (cover_days; soma dias GMT tocados pela janela ~24h — alinhamento tipico a SMS Transactions / Insights Last 24h; totalprice pode diferir do cartao Total Spend),2026-07-27T10:08:43Z
Rehableaf,a2p-registration-fees,0,0,0.000000,StartDate=2026-07-26 EndDate=2026-07-27 UTC (cover_days; soma dias GMT tocados pela janela ~24h — alinhamento tipico a SMS Transactions / Insights Last 24h; totalprice pode diferir do cartao Total Spend),2026-07-27T10:08:43Z
Rehableaf,account-security,0,0,0.000000,StartDate=2026-07-26 EndDate=2026-07-27 UTC (cover_days; soma dias GMT tocados pela janela ~24h — alinhamento tipico a SMS Transactions / Insights Last 24h; totalprice pode diferir do cartao Total Spend),2026-07-27T10:08:43Z
Rehableaf,agent-conference,0,0,0.000000,StartDate=2026-07-26 EndDate=2026-07-27 UTC (cover_days; soma dias GMT tocados pela janela ~24h — alinhamento tipico a SMS Transactions / Insights Last 24h; totalprice pode diferir do cartao Total Spend),2026-07-27T10:08:43Z
Rehableaf,agent-copilot,0,0,0.000000,StartDate=2026-07-26 EndDate=2026-07-27 UTC (cover_days; soma dias GMT tocados pela janela ~24h — alinhamento tipico a SMS Transactions / Insights Last 24h; totalprice pode diferir do cartao Total Spend),2026-07-27T10:08:43Z
Rehableaf,agent-copilot-messages,0,0,0.000000,StartDate=2026-07-26 EndDate=2026-07-27 UTC (cover_days; soma dias GMT tocados pela janela ~24h — alinhamento tipico a SMS Transactions / Insights Last 24h; totalprice pode diferir do cartao Total Spend),2026-07-27T10:08:43Z
Rehableaf,agent-copilot-participant-minutes,0,0,0.000000,StartDate=2026-07-26 EndDate=2026-07-27 UTC (cover_days; soma dias GMT tocados pela janela ~24h — alinhamento tipico a SMS Transactions / Insights Last 24h; totalprice pode diferir do cartao Total Spend),2026-07-27T10:08:43Z
Rehableaf,ai-assistants,0,0,0.000000,StartDate=2026-07-26 EndDate=2026-07-27 UTC (cover_days; soma dias GMT tocados pela janela ~24h — alinhamento tipico a SMS Transactions / Insights Last 24h; totalprice pode diferir do cartao Total Spend),2026-07-27T10:08:43Z
Rehableaf,ai-assistants-voice,0,0,0.000000,StartDate=2026-07-26 EndDate=2026-07-27 UTC (cover_days; soma dias GMT tocados pela janela ~24h — alinhamento tipico a SMS Transactions / Insights Last 24h; totalprice pode diferir do cartao Total Spend),2026-07-27T10:08:43Z
Rehableaf,answering-machine-detection,0,0,0.000000,StartDate=2026-07-26 EndDate=2026-07-27 UTC (cover_days; soma dias GMT tocados pela janela ~24h — alinhamento tipico a SMS Transactions / Insights Last 24h; totalprice pode diferir do cartao Total Spend),2026-07-27T10:08:43Z
Rehableaf,assets,0,0,0.000000,StartDate=2026-07-26 EndDate=2026-07-27 UTC (cover_days; soma dias GMT tocados pela janela ~24h — alinhamento tipico a SMS Transactions / Insights Last 24h; totalprice pode diferir do cartao Total Spend),2026-07-27T10:08:43Z
Rehableaf,audience-minutes,0,0,0.000000,StartDate=2026-07-26 EndDate=2026-07-27 UTC (cover_days; soma dias GMT tocados pela janela ~24h — alinhamento tipico a SMS Transactions / Insights Last 24h; totalprice pode diferir do cartao Total Spend),2026-07-27T10:08:43Z
Rehableaf,audience-minutes-audio,0,0,0.000000,StartDate=2026-07-26 EndDate=2026-07-27 UTC (cover_days; soma dias GMT tocados pela janela ~24h — alinhamento tipico a SMS Transactions / Insights Last 24h; totalprice pode diferir do cartao Total Spend),2026-07-27T10:08:43Z
Rehableaf,authy-authentications,0,0,0.000000,StartDate=2026-07-26 EndDate=2026-07-27 UTC (cover_days; soma dias GMT tocados pela janela ~24h — alinhamento tipico a SMS Transactions / Insights Last 24h; totalprice pode diferir do cartao Total Spend),2026-07-27T10:08:43Z
Rehableaf,authy-calls-outbound,0,0,0.000000,StartDate=2026-07-26 EndDate=2026-07-27 UTC (cover_days; soma dias GMT tocados pela janela ~24h — alinhamento tipico a SMS Transactions / Insights Last 24h; totalprice pode diferir do cartao Total Spend),2026-07-27T10:08:43Z
Rehableaf,authy-email-authentications,0,0,0.000000,StartDate=2026-07-26 EndDate=2026-07-27 UTC (cover_days; soma dias GMT tocados pela janela ~24h — alinhamento tipico a SMS Transactions / Insights Last 24h; totalprice pode diferir do cartao Total Spend),2026-07-27T10:08:43Z
Rehableaf,authy-monthly-fees,0,0,0.000000,StartDate=2026-07-26 EndDate=2026-07-27 UTC (cover_days; soma dias GMT tocados pela janela ~24h — alinhamento tipico a SMS Transactions / Insights Last 24h; totalprice pode diferir do cartao Total Spend),2026-07-27T10:08:43Z
Rehableaf,authy-outbound-email,0,0,0.000000,StartDate=2026-07-26 EndDate=2026-07-27 UTC (cover_days; soma dias GMT tocados pela janela ~24h — alinhamento tipico a SMS Transactions / Insights Last 24h; totalprice pode diferir do cartao Total Spend),2026-07-27T10:08:43Z
Rehableaf,authy-phone-intelligence,0,0,0.000000,StartDate=2026-07-26 EndDate=2026-07-27 UTC (cover_days; soma dias GMT tocados pela janela ~24h — alinhamento tipico a SMS Transactions / Insights Last 24h; totalprice pode diferir do cartao Total Spend),2026-07-27T10:08:43Z
Rehableaf,authy-phone-verifications,0,0,0.000000,StartDate=2026-07-26 EndDate=2026-07-27 UTC (cover_days; soma dias GMT tocados pela janela ~24h — alinhamento tipico a SMS Transactions / Insights Last 24h; totalprice pode diferir do cartao Total Spend),2026-07-27T10:08:43Z
Rehableaf,authy-sms-outbound,0,0,0.000000,StartDate=2026-07-26 EndDate=2026-07-27 UTC (cover_days; soma dias GMT tocados pela janela ~24h — alinhamento tipico a SMS Transactions / Insights Last 24h; totalprice pode diferir do cartao Total Spend),2026-07-27T10:08:43Z
Rehableaf,authy-verify-email-verifications,0,0,0.000000,StartDate=2026-07-26 EndDate=2026-07-27 UTC (cover_days; soma dias GMT tocados pela janela ~24h — alinhamento tipico a SMS Transactions / Insights Last 24h; totalprice pode diferir do cartao Total Spend),2026-07-27T10:08:43Z
Rehableaf,authy-verify-outbound-email,0,0,0.000000,StartDate=2026-07-26 EndDate=2026-07-27 UTC (cover_days; soma dias GMT tocados pela janela ~24h — alinhamento tipico a SMS Transactions / Insights Last 24h; totalprice pode diferir do cartao Total Spend),2026-07-27T10:08:43Z
Rehableaf,autopilot,0,0,0.000000,StartDate=2026-07-26 EndDate=2026-07-27 UTC (cover_days; soma dias GMT tocados pela janela ~24h — alinhamento tipico a SMS Transactions / Insights Last 24h; totalprice pode diferir do cartao Total Spend),2026-07-27T10:08:43Z
Rehableaf,autopilot-home-assistants,0,0,0.000000,StartDate=2026-07-26 EndDate=2026-07-27 UTC (cover_days; soma dias GMT tocados pela janela ~24h — alinhamento tipico a SMS Transactions / Insights Last 24h; totalprice pode diferir do cartao Total Spend),2026-07-27T10:08:43Z
Rehableaf,autopilot-messaging,0,0,0.000000,StartDate=2026-07-26 EndDate=2026-07-27 UTC (cover_days; soma dias GMT tocados pela janela ~24h — alinhamento tipico a SMS Transactions / Insights Last 24h; totalprice pode diferir do cartao Total Spend),2026-07-27T10:08:43Z
Rehableaf,autopilot-other,0,0,0.000000,StartDate=2026-07-26 EndDate=2026-07-27 UTC (cover_days; soma dias GMT tocados pela janela ~24h — alinhamento tipico a SMS Transactions / Insights Last 24h; totalprice pode diferir do cartao Total Spend),2026-07-27T10:08:43Z
Rehableaf,autopilot-voice,0,0,0.000000,StartDate=2026-07-26 EndDate=2026-07-27 UTC (cover_days; soma dias GMT tocados pela janela ~24h — alinhamento tipico a SMS Transactions / Insights Last 24h; totalprice pode diferir do cartao Total Spend),2026-07-27T10:08:43Z
Rehableaf,basic-peer-to-peer-rooms-participant-minutes,0,0,0.000000,StartDate=2026-07-26 EndDate=2026-07-27 UTC (cover_days; soma dias GMT tocados pela janela ~24h — alinhamento tipico a SMS Transactions / Insights Last 24h; totalprice pode diferir do cartao Total Spend),2026-07-27T10:08:43Z
Rehableaf,branded-calling,0,0,0.000000,StartDate=2026-07-26 EndDate=2026-07-27 UTC (cover_days; soma dias GMT tocados pela janela ~24h — alinhamento tipico a SMS Transactions / Insights Last 24h; totalprice pode diferir do cartao Total Spend),2026-07-27T10:08:43Z
Rehableaf,bundle-subscription-fees,0,0,0.000000,StartDate=2026-07-26 EndDate=2026-07-27 UTC (cover_days; soma dias GMT tocados pela janela ~24h — alinhamento tipico a SMS Transactions / Insights Last 24h; totalprice pode diferir do cartao Total Spend),2026-07-27T10:08:43Z
Rehableaf,call-forwarding-lookups,0,0,0.000000,StartDate=2026-07-26 EndDate=2026-07-27 UTC (cover_days; soma dias GMT tocados pela janela ~24h — alinhamento tipico a SMS Transactions / Insights Last 24h; totalprice pode diferir do cartao Total Spend),2026-07-27T10:08:43Z
Rehableaf,call-progess-events,0,0,0.000000,StartDate=2026-07-26 EndDate=2026-07-27 UTC (cover_days; soma dias GMT tocados pela janela ~24h — alinhamento tipico a SMS Transactions / Insights Last 24h; totalprice pode diferir do cartao Total Spend),2026-07-27T10:08:43Z
Rehableaf,calleridlookups,0,0,0.000000,StartDate=2026-07-26 EndDate=2026-07-27 UTC (cover_days; soma dias GMT tocados pela janela ~24h — alinhamento tipico a SMS Transactions / Insights Last 24h; totalprice pode diferir do cartao Total Spend),2026-07-27T10:08:43Z
Rehableaf,calls-client,0,0,0.000000,StartDate=2026-07-26 EndDate=2026-07-27 UTC (cover_days; soma dias GMT tocados pela janela ~24h — alinhamento tipico a SMS Transactions / Insights Last 24h; totalprice pode diferir do cartao Total Spend),2026-07-27T10:08:43Z
Rehableaf,calls-emergency,0,0,0.000000,StartDate=2026-07-26 EndDate=2026-07-27 UTC (cover_days; soma dias GMT tocados pela janela ~24h — alinhamento tipico a SMS Transactions / Insights Last 24h; totalprice pode diferir do cartao Total Spend),2026-07-27T10:08:43Z
Rehableaf,calls-globalconference,0,0,0.000000,StartDate=2026-07-26 EndDate=2026-07-27 UTC (cover_days; soma dias GMT tocados pela janela ~24h — alinhamento tipico a SMS Transactions / Insights Last 24h; totalprice pode diferir do cartao Total Spend),2026-07-27T10:08:43Z
Rehableaf,calls-inbound-local,0,0,0.000000,StartDate=2026-07-26 EndDate=2026-07-27 UTC (cover_days; soma dias GMT tocados pela janela ~24h — alinhamento tipico a SMS Transactions / Insights Last 24h; totalprice pode diferir do cartao Total Spend),2026-07-27T10:08:43Z
Rehableaf,calls-inbound-mobile,0,0,0.000000,StartDate=2026-07-26 EndDate=2026-07-27 UTC (cover_days; soma dias GMT tocados pela janela ~24h — alinhamento tipico a SMS Transactions / Insights Last 24h; totalprice pode diferir do cartao Total Spend),2026-07-27T10:08:43Z
Rehableaf,calls-inbound-tollfree-local,0,0,0.000000,StartDate=2026-07-26 EndDate=2026-07-27 UTC (cover_days; soma dias GMT tocados pela janela ~24h — alinhamento tipico a SMS Transactions / Insights Last 24h; totalprice pode diferir do cartao Total Spend),2026-07-27T10:08:43Z
Rehableaf,calls-inbound-tollfree-mobile,0,0,0.000000,StartDate=2026-07-26 EndDate=2026-07-27 UTC (cover_days; soma dias GMT tocados pela janela ~24h — alinhamento tipico a SMS Transactions / Insights Last 24h; totalprice pode diferir do cartao Total Spend),2026-07-27T10:08:43Z
Rehableaf,calls-media-stream-minutes,0,0,0.000000,StartDate=2026-07-26 EndDate=2026-07-27 UTC (cover_days; soma dias GMT tocados pela janela ~24h — alinhamento tipico a SMS Transactions / Insights Last 24h; totalprice pode diferir do cartao Total Spend),2026-07-27T10:08:43Z
Rehableaf,calls-outbound,0,0,0.000000,StartDate=2026-07-26 EndDate=2026-07-27 UTC (cover_days; soma dias GMT tocados pela janela ~24h — alinhamento tipico a SMS Transactions / Insights Last 24h; totalprice pode diferir do cartao Total Spend),2026-07-27T10:08:43Z
Rehableaf,calls-pay-verb-transactions,0,0,0.000000,StartDate=2026-07-26 EndDate=2026-07-27 UTC (cover_days; soma dias GMT tocados pela janela ~24h — alinhamento tipico a SMS Transactions / Insights Last 24h; totalprice pode diferir do cartao Total Spend),2026-07-27T10:08:43Z
Rehableaf,calls-recordings,0,0,0.000000,StartDate=2026-07-26 EndDate=2026-07-27 UTC (cover_days; soma dias GMT tocados pela janela ~24h — alinhamento tipico a SMS Transactions / Insights Last 24h; totalprice pode diferir do cartao Total Spend),2026-07-27T10:08:43Z
Rehableaf,calls-sip,0,0,0.000000,StartDate=2026-07-26 EndDate=2026-07-27 UTC (cover_days; soma dias GMT tocados pela janela ~24h — alinhamento tipico a SMS Transactions / Insights Last 24h; totalprice pode diferir do cartao Total Spend),2026-07-27T10:08:43Z
Rehableaf,calls-sip-inbound,0,0,0.000000,StartDate=2026-07-26 EndDate=2026-07-27 UTC (cover_days; soma dias GMT tocados pela janela ~24h — alinhamento tipico a SMS Transactions / Insights Last 24h; totalprice pode diferir do cartao Total Spend),2026-07-27T10:08:43Z
Rehableaf,calls-sip-outbound,0,0,0.000000,StartDate=2026-07-26 EndDate=2026-07-27 UTC (cover_days; soma dias GMT tocados pela janela ~24h — alinhamento tipico a SMS Transactions / Insights Last 24h; totalprice pode diferir do cartao Total Spend),2026-07-27T10:08:43Z
Rehableaf,calls-text-to-speech,0,0,0.000000,StartDate=2026-07-26 EndDate=2026-07-27 UTC (cover_days; soma dias GMT tocados pela janela ~24h — alinhamento tipico a SMS Transactions / Insights Last 24h; totalprice pode diferir do cartao Total Spend),2026-07-27T10:08:43Z
Rehableaf,calls-transfers,0,0,0.000000,StartDate=2026-07-26 EndDate=2026-07-27 UTC (cover_days; soma dias GMT tocados pela janela ~24h — alinhamento tipico a SMS Transactions / Insights Last 24h; totalprice pode diferir do cartao Total Spend),2026-07-27T10:08:43Z
Rehableaf,carrier-lookups,0,0,0.000000,StartDate=2026-07-26 EndDate=2026-07-27 UTC (cover_days; soma dias GMT tocados pela janela ~24h — alinhamento tipico a SMS Transactions / Insights Last 24h; totalprice pode diferir do cartao Total Spend),2026-07-27T10:08:43Z
Rehableaf,category,0,0,0.000000,StartDate=2026-07-26 EndDate=2026-07-27 UTC (cover_days; soma dias GMT tocados pela janela ~24h — alinhamento tipico a SMS Transactions / Insights Last 24h; totalprice pode diferir do cartao Total Spend),2026-07-27T10:08:43Z
Rehableaf,channels-messaging,0,0,0.000000,StartDate=2026-07-26 EndDate=2026-07-27 UTC (cover_days; soma dias GMT tocados pela janela ~24h — alinhamento tipico a SMS Transactions / Insights Last 24h; totalprice pode diferir do cartao Total Spend),2026-07-27T10:08:43Z
Rehableaf,channels-messaging-inbound,0,0,0.000000,StartDate=2026-07-26 EndDate=2026-07-27 UTC (cover_days; soma dias GMT tocados pela janela ~24h — alinhamento tipico a SMS Transactions / Insights Last 24h; totalprice pode diferir do cartao Total Spend),2026-07-27T10:08:43Z
Rehableaf,channels-messaging-outbound,0,0,0.000000,StartDate=2026-07-26 EndDate=2026-07-27 UTC (cover_days; soma dias GMT tocados pela janela ~24h — alinhamento tipico a SMS Transactions / Insights Last 24h; totalprice pode diferir do cartao Total Spend),2026-07-27T10:08:43Z
Rehableaf,channels-whatsapp,0,0,0.000000,StartDate=2026-07-26 EndDate=2026-07-27 UTC (cover_days; soma dias GMT tocados pela janela ~24h — alinhamento tipico a SMS Transactions / Insights Last 24h; totalprice pode diferir do cartao Total Spend),2026-07-27T10:08:43Z
Rehableaf,channels-whatsapp-conversation-authentication,0,0,0.000000,StartDate=2026-07-26 EndDate=2026-07-27 UTC (cover_days; soma dias GMT tocados pela janela ~24h — alinhamento tipico a SMS Transactions / Insights Last 24h; totalprice pode diferir do cartao Total Spend),2026-07-27T10:08:43Z
Rehableaf,channels-whatsapp-conversation-free,0,0,0.000000,StartDate=2026-07-26 EndDate=2026-07-27 UTC (cover_days; soma dias GMT tocados pela janela ~24h — alinhamento tipico a SMS Transactions / Insights Last 24h; totalprice pode diferir do cartao Total Spend),2026-07-27T10:08:43Z
Rehableaf,channels-whatsapp-conversation-marketing,0,0,0.000000,StartDate=2026-07-26 EndDate=2026-07-27 UTC (cover_days; soma dias GMT tocados pela janela ~24h — alinhamento tipico a SMS Transactions / Insights Last 24h; totalprice pode diferir do cartao Total Spend),2026-07-27T10:08:43Z
Rehableaf,channels-whatsapp-conversation-service,0,0,0.000000,StartDate=2026-07-26 EndDate=2026-07-27 UTC (cover_days; soma dias GMT tocados pela janela ~24h — alinhamento tipico a SMS Transactions / Insights Last 24h; totalprice pode diferir do cartao Total Spend),2026-07-27T10:08:43Z
Rehableaf,channels-whatsapp-conversation-utility,0,0,0.000000,StartDate=2026-07-26 EndDate=2026-07-27 UTC (cover_days; soma dias GMT tocados pela janela ~24h — alinhamento tipico a SMS Transactions / Insights Last 24h; totalprice pode diferir do cartao Total Spend),2026-07-27T10:08:43Z
Rehableaf,channels-whatsapp-inbound,0,0,0.000000,StartDate=2026-07-26 EndDate=2026-07-27 UTC (cover_days; soma dias GMT tocados pela janela ~24h — alinhamento tipico a SMS Transactions / Insights Last 24h; totalprice pode diferir do cartao Total Spend),2026-07-27T10:08:43Z
Rehableaf,channels-whatsapp-outbound,0,0,0.000000,StartDate=2026-07-26 EndDate=2026-07-27 UTC (cover_days; soma dias GMT tocados pela janela ~24h — alinhamento tipico a SMS Transactions / Insights Last 24h; totalprice pode diferir do cartao Total Spend),2026-07-27T10:08:43Z
Rehableaf,channels-whatsapp-template-authentication,0,0,0.000000,StartDate=2026-07-26 EndDate=2026-07-27 UTC (cover_days; soma dias GMT tocados pela janela ~24h — alinhamento tipico a SMS Transactions / Insights Last 24h; totalprice pode diferir do cartao Total Spend),2026-07-27T10:08:43Z
Rehableaf,channels-whatsapp-template-marketing,0,0,0.000000,StartDate=2026-07-26 EndDate=2026-07-27 UTC (cover_days; soma dias GMT tocados pela janela ~24h — alinhamento tipico a SMS Transactions / Insights Last 24h; totalprice pode diferir do cartao Total Spend),2026-07-27T10:08:43Z
Rehableaf,channels-whatsapp-template-service,0,0,0.000000,StartDate=2026-07-26 EndDate=2026-07-27 UTC (cover_days; soma dias GMT tocados pela janela ~24h — alinhamento tipico a SMS Transactions / Insights Last 24h; totalprice pode diferir do cartao Total Spend),2026-07-27T10:08:43Z
Rehableaf,channels-whatsapp-template-utility,0,0,0.000000,StartDate=2026-07-26 EndDate=2026-07-27 UTC (cover_days; soma dias GMT tocados pela janela ~24h — alinhamento tipico a SMS Transactions / Insights Last 24h; totalprice pode diferir do cartao Total Spend),2026-07-27T10:08:43Z
Rehableaf,chat-virtual-agent,0,0,0.000000,StartDate=2026-07-26 EndDate=2026-07-27 UTC (cover_days; soma dias GMT tocados pela janela ~24h — alinhamento tipico a SMS Transactions / Insights Last 24h; totalprice pode diferir do cartao Total Spend),2026-07-27T10:08:43Z
Rehableaf,conversation-ingestion,0,0,0.000000,StartDate=2026-07-26 EndDate=2026-07-27 UTC (cover_days; soma dias GMT tocados pela janela ~24h — alinhamento tipico a SMS Transactions / Insights Last 24h; totalprice pode diferir do cartao Total Spend),2026-07-27T10:08:43Z
Rehableaf,conversation-intelligence,0,0,0.000000,StartDate=2026-07-26 EndDate=2026-07-27 UTC (cover_days; soma dias GMT tocados pela janela ~24h — alinhamento tipico a SMS Transactions / Insights Last 24h; totalprice pode diferir do cartao Total Spend),2026-07-27T10:08:43Z
Rehableaf,conversation-memory,0,0,0.000000,StartDate=2026-07-26 EndDate=2026-07-27 UTC (cover_days; soma dias GMT tocados pela janela ~24h — alinhamento tipico a SMS Transactions / Insights Last 24h; totalprice pode diferir do cartao Total Spend),2026-07-27T10:08:43Z
Rehableaf,conversation-orchestrator,0,0,0.000000,StartDate=2026-07-26 EndDate=2026-07-27 UTC (cover_days; soma dias GMT tocados pela janela ~24h — alinhamento tipico a SMS Transactions / Insights Last 24h; totalprice pode diferir do cartao Total Spend),2026-07-27T10:08:43Z
Rehableaf,conversation-relay,0,0,0.000000,StartDate=2026-07-26 EndDate=2026-07-27 UTC (cover_days; soma dias GMT tocados pela janela ~24h — alinhamento tipico a SMS Transactions / Insights Last 24h; totalprice pode diferir do cartao Total Spend),2026-07-27T10:08:43Z
Rehableaf,conversations,0,0,0.000000,StartDate=2026-07-26 EndDate=2026-07-27 UTC (cover_days; soma dias GMT tocados pela janela ~24h — alinhamento tipico a SMS Transactions / Insights Last 24h; totalprice pode diferir do cartao Total Spend),2026-07-27T10:08:43Z
Rehableaf,conversations-api-requests,0,0,0.000000,StartDate=2026-07-26 EndDate=2026-07-27 UTC (cover_days; soma dias GMT tocados pela janela ~24h — alinhamento tipico a SMS Transactions / Insights Last 24h; totalprice pode diferir do cartao Total Spend),2026-07-27T10:08:43Z
Rehableaf,conversations-conversation-events,0,0,0.000000,StartDate=2026-07-26 EndDate=2026-07-27 UTC (cover_days; soma dias GMT tocados pela janela ~24h — alinhamento tipico a SMS Transactions / Insights Last 24h; totalprice pode diferir do cartao Total Spend),2026-07-27T10:08:43Z
Rehableaf,conversations-endpoint-connectivity,0,0,0.000000,StartDate=2026-07-26 EndDate=2026-07-27 UTC (cover_days; soma dias GMT tocados pela janela ~24h — alinhamento tipico a SMS Transactions / Insights Last 24h; totalprice pode diferir do cartao Total Spend),2026-07-27T10:08:43Z
Rehableaf,conversations-events,0,0,0.000000,StartDate=2026-07-26 EndDate=2026-07-27 UTC (cover_days; soma dias GMT tocados pela janela ~24h — alinhamento tipico a SMS Transactions / Insights Last 24h; totalprice pode diferir do cartao Total Spend),2026-07-27T10:08:43Z
Rehableaf,conversations-participant-events,0,0,0.000000,StartDate=2026-07-26 EndDate=2026-07-27 UTC (cover_days; soma dias GMT tocados pela janela ~24h — alinhamento tipico a SMS Transactions / Insights Last 24h; totalprice pode diferir do cartao Total Spend),2026-07-27T10:08:43Z
Rehableaf,conversations-participants,0,0,0.000000,StartDate=2026-07-26 EndDate=2026-07-27 UTC (cover_days; soma dias GMT tocados pela janela ~24h — alinhamento tipico a SMS Transactions / Insights Last 24h; totalprice pode diferir do cartao Total Spend),2026-07-27T10:08:43Z
Rehableaf,cps,0,0,0.000000,StartDate=2026-07-26 EndDate=2026-07-27 UTC (cover_days; soma dias GMT tocados pela janela ~24h — alinhamento tipico a SMS Transactions / Insights Last 24h; totalprice pode diferir do cartao Total Spend),2026-07-27T10:08:43Z
Rehableaf,credit-transfer,0,0,0.000000,StartDate=2026-07-26 EndDate=2026-07-27 UTC (cover_days; soma dias GMT tocados pela janela ~24h — alinhamento tipico a SMS Transactions / Insights Last 24h; totalprice pode diferir do cartao Total Spend),2026-07-27T10:08:43Z
Rehableaf,custom-language-operators-speed-input,0,0,0.000000,StartDate=2026-07-26 EndDate=2026-07-27 UTC (cover_days; soma dias GMT tocados pela janela ~24h — alinhamento tipico a SMS Transactions / Insights Last 24h; totalprice pode diferir do cartao Total Spend),2026-07-27T10:08:43Z
Rehableaf,custom-language-operators-speed-output,0,0,0.000000,StartDate=2026-07-26 EndDate=2026-07-27 UTC (cover_days; soma dias GMT tocados pela janela ~24h — alinhamento tipico a SMS Transactions / Insights Last 24h; totalprice pode diferir do cartao Total Spend),2026-07-27T10:08:43Z
Rehableaf,custom-number-services,0,0,0.000000,StartDate=2026-07-26 EndDate=2026-07-27 UTC (cover_days; soma dias GMT tocados pela janela ~24h — alinhamento tipico a SMS Transactions / Insights Last 24h; totalprice pode diferir do cartao Total Spend),2026-07-27T10:08:43Z
Rehableaf,email,0,0,0.000000,StartDate=2026-07-26 EndDate=2026-07-27 UTC (cover_days; soma dias GMT tocados pela janela ~24h — alinhamento tipico a SMS Transactions / Insights Last 24h; totalprice pode diferir do cartao Total Spend),2026-07-27T10:08:43Z
Rehableaf,email-sends,0,0,0.000000,StartDate=2026-07-26 EndDate=2026-07-27 UTC (cover_days; soma dias GMT tocados pela janela ~24h — alinhamento tipico a SMS Transactions / Insights Last 24h; totalprice pode diferir do cartao Total Spend),2026-07-27T10:08:43Z
Rehableaf,emerging-tech,0,0,0.000000,StartDate=2026-07-26 EndDate=2026-07-27 UTC (cover_days; soma dias GMT tocados pela janela ~24h — alinhamento tipico a SMS Transactions / Insights Last 24h; totalprice pode diferir do cartao Total Spend),2026-07-27T10:08:43Z
Rehableaf,engagement-suite-packaged-plans,0,0,0.000000,StartDate=2026-07-26 EndDate=2026-07-27 UTC (cover_days; soma dias GMT tocados pela janela ~24h — alinhamento tipico a SMS Transactions / Insights Last 24h; totalprice pode diferir do cartao Total Spend),2026-07-27T10:08:43Z
Rehableaf,enhanced-line-type-lookups,0,0,0.000000,StartDate=2026-07-26 EndDate=2026-07-27 UTC (cover_days; soma dias GMT tocados pela janela ~24h — alinhamento tipico a SMS Transactions / Insights Last 24h; totalprice pode diferir do cartao Total Spend),2026-07-27T10:08:43Z
Rehableaf,enterprise,0,0,0.000000,StartDate=2026-07-26 EndDate=2026-07-27 UTC (cover_days; soma dias GMT tocados pela janela ~24h — alinhamento tipico a SMS Transactions / Insights Last 24h; totalprice pode diferir do cartao Total Spend),2026-07-27T10:08:43Z
Rehableaf,enterprise-knowledge,0,0,0.000000,StartDate=2026-07-26 EndDate=2026-07-27 UTC (cover_days; soma dias GMT tocados pela janela ~24h — alinhamento tipico a SMS Transactions / Insights Last 24h; totalprice pode diferir do cartao Total Spend),2026-07-27T10:08:43Z
Rehableaf,events,0,0,0.000000,StartDate=2026-07-26 EndDate=2026-07-27 UTC (cover_days; soma dias GMT tocados pela janela ~24h — alinhamento tipico a SMS Transactions / Insights Last 24h; totalprice pode diferir do cartao Total Spend),2026-07-27T10:08:43Z
Rehableaf,experiment-france-sms,0,0,0.000000,StartDate=2026-07-26 EndDate=2026-07-27 UTC (cover_days; soma dias GMT tocados pela janela ~24h — alinhamento tipico a SMS Transactions / Insights Last 24h; totalprice pode diferir do cartao Total Spend),2026-07-27T10:08:43Z
Rehableaf,experiment-india-sms,0,0,0.000000,StartDate=2026-07-26 EndDate=2026-07-27 UTC (cover_days; soma dias GMT tocados pela janela ~24h — alinhamento tipico a SMS Transactions / Insights Last 24h; totalprice pode diferir do cartao Total Spend),2026-07-27T10:08:43Z
Rehableaf,experiment-uk-sms,0,0,0.000000,StartDate=2026-07-26 EndDate=2026-07-27 UTC (cover_days; soma dias GMT tocados pela janela ~24h — alinhamento tipico a SMS Transactions / Insights Last 24h; totalprice pode diferir do cartao Total Spend),2026-07-27T10:08:43Z
Rehableaf,flex,0,0,0.000000,StartDate=2026-07-26 EndDate=2026-07-27 UTC (cover_days; soma dias GMT tocados pela janela ~24h — alinhamento tipico a SMS Transactions / Insights Last 24h; totalprice pode diferir do cartao Total Spend),2026-07-27T10:08:43Z
Rehableaf,flex-active-user-hours,0,0,0.000000,StartDate=2026-07-26 EndDate=2026-07-27 UTC (cover_days; soma dias GMT tocados pela janela ~24h — alinhamento tipico a SMS Transactions / Insights Last 24h; totalprice pode diferir do cartao Total Spend),2026-07-27T10:08:43Z
Rehableaf,flex-concurrent-users,0,0,0.000000,StartDate=2026-07-26 EndDate=2026-07-27 UTC (cover_days; soma dias GMT tocados pela janela ~24h — alinhamento tipico a SMS Transactions / Insights Last 24h; totalprice pode diferir do cartao Total Spend),2026-07-27T10:08:43Z
Rehableaf,flex-connectivity,0,0,0.000000,StartDate=2026-07-26 EndDate=2026-07-27 UTC (cover_days; soma dias GMT tocados pela janela ~24h — alinhamento tipico a SMS Transactions / Insights Last 24h; totalprice pode diferir do cartao Total Spend),2026-07-27T10:08:43Z
Rehableaf,flex-conversational-insights,0,0,0.000000,StartDate=2026-07-26 EndDate=2026-07-27 UTC (cover_days; soma dias GMT tocados pela janela ~24h — alinhamento tipico a SMS Transactions / Insights Last 24h; totalprice pode diferir do cartao Total Spend),2026-07-27T10:08:43Z
Rehableaf,flex-conversational-insights-messages,0,0,0.000000,StartDate=2026-07-26 EndDate=2026-07-27 UTC (cover_days; soma dias GMT tocados pela janela ~24h — alinhamento tipico a SMS Transactions / Insights Last 24h; totalprice pode diferir do cartao Total Spend),2026-07-27T10:08:43Z
Rehableaf,flex-conversational-insights-voice-minutes,0,0,0.000000,StartDate=2026-07-26 EndDate=2026-07-27 UTC (cover_days; soma dias GMT tocados pela janela ~24h — alinhamento tipico a SMS Transactions / Insights Last 24h; totalprice pode diferir do cartao Total Spend),2026-07-27T10:08:43Z
Rehableaf,flex-email-usage,0,0,0.000000,StartDate=2026-07-26 EndDate=2026-07-27 UTC (cover_days; soma dias GMT tocados pela janela ~24h — alinhamento tipico a SMS Transactions / Insights Last 24h; totalprice pode diferir do cartao Total Spend),2026-07-27T10:08:43Z
Rehableaf,flex-messaging-usage,0,0,0.000000,StartDate=2026-07-26 EndDate=2026-07-27 UTC (cover_days; soma dias GMT tocados pela janela ~24h — alinhamento tipico a SMS Transactions / Insights Last 24h; totalprice pode diferir do cartao Total Spend),2026-07-27T10:08:43Z
Rehableaf,flex-partner-spinsci,0,0,0.000000,StartDate=2026-07-26 EndDate=2026-07-27 UTC (cover_days; soma dias GMT tocados pela janela ~24h — alinhamento tipico a SMS Transactions / Insights Last 24h; totalprice pode diferir do cartao Total Spend),2026-07-27T10:08:43Z
Rehableaf,flex-partner-xcelerate,0,0,0.000000,StartDate=2026-07-26 EndDate=2026-07-27 UTC (cover_days; soma dias GMT tocados pela janela ~24h — alinhamento tipico a SMS Transactions / Insights Last 24h; totalprice pode diferir do cartao Total Spend),2026-07-27T10:08:43Z
Rehableaf,flex-reseller-ecosystem,0,0,0.000000,StartDate=2026-07-26 EndDate=2026-07-27 UTC (cover_days; soma dias GMT tocados pela janela ~24h — alinhamento tipico a SMS Transactions / Insights Last 24h; totalprice pode diferir do cartao Total Spend),2026-07-27T10:08:43Z
Rehableaf,flex-unique-user,0,0,0.000000,StartDate=2026-07-26 EndDate=2026-07-27 UTC (cover_days; soma dias GMT tocados pela janela ~24h — alinhamento tipico a SMS Transactions / Insights Last 24h; totalprice pode diferir do cartao Total Spend),2026-07-27T10:08:43Z
Rehableaf,flex-usage,0,0,0.000000,StartDate=2026-07-26 EndDate=2026-07-27 UTC (cover_days; soma dias GMT tocados pela janela ~24h — alinhamento tipico a SMS Transactions / Insights Last 24h; totalprice pode diferir do cartao Total Spend),2026-07-27T10:08:43Z
Rehableaf,flex-users,0,0,0.000000,StartDate=2026-07-26 EndDate=2026-07-27 UTC (cover_days; soma dias GMT tocados pela janela ~24h — alinhamento tipico a SMS Transactions / Insights Last 24h; totalprice pode diferir do cartao Total Spend),2026-07-27T10:08:43Z
Rehableaf,flex-voice-minute,0,0,0.000000,StartDate=2026-07-26 EndDate=2026-07-27 UTC (cover_days; soma dias GMT tocados pela janela ~24h — alinhamento tipico a SMS Transactions / Insights Last 24h; totalprice pode diferir do cartao Total Spend),2026-07-27T10:08:43Z
Rehableaf,flex-ytica,0,0,0.000000,StartDate=2026-07-26 EndDate=2026-07-27 UTC (cover_days; soma dias GMT tocados pela janela ~24h — alinhamento tipico a SMS Transactions / Insights Last 24h; totalprice pode diferir do cartao Total Spend),2026-07-27T10:08:43Z
Rehableaf,fraud-lookups,0,0,0.000000,StartDate=2026-07-26 EndDate=2026-07-27 UTC (cover_days; soma dias GMT tocados pela janela ~24h — alinhamento tipico a SMS Transactions / Insights Last 24h; totalprice pode diferir do cartao Total Spend),2026-07-27T10:08:43Z
Rehableaf,frontline,0,0,0.000000,StartDate=2026-07-26 EndDate=2026-07-27 UTC (cover_days; soma dias GMT tocados pela janela ~24h — alinhamento tipico a SMS Transactions / Insights Last 24h; totalprice pode diferir do cartao Total Spend),2026-07-27T10:08:43Z
Rehableaf,frontline-users,0,0,0.000000,StartDate=2026-07-26 EndDate=2026-07-27 UTC (cover_days; soma dias GMT tocados pela janela ~24h — alinhamento tipico a SMS Transactions / Insights Last 24h; totalprice pode diferir do cartao Total Spend),2026-07-27T10:08:43Z
Rehableaf,functions,0,0,0.000000,StartDate=2026-07-26 EndDate=2026-07-27 UTC (cover_days; soma dias GMT tocados pela janela ~24h — alinhamento tipico a SMS Transactions / Insights Last 24h; totalprice pode diferir do cartao Total Spend),2026-07-27T10:08:43Z
Rehableaf,generic-pay-transactions,0,0,0.000000,StartDate=2026-07-26 EndDate=2026-07-27 UTC (cover_days; soma dias GMT tocados pela janela ~24h — alinhamento tipico a SMS Transactions / Insights Last 24h; totalprice pode diferir do cartao Total Spend),2026-07-27T10:08:43Z
Rehableaf,group-rooms,0,0,0.000000,StartDate=2026-07-26 EndDate=2026-07-27 UTC (cover_days; soma dias GMT tocados pela janela ~24h — alinhamento tipico a SMS Transactions / Insights Last 24h; totalprice pode diferir do cartao Total Spend),2026-07-27T10:08:43Z
Rehableaf,group-rooms-data-track,0,0,0.000000,StartDate=2026-07-26 EndDate=2026-07-27 UTC (cover_days; soma dias GMT tocados pela janela ~24h — alinhamento tipico a SMS Transactions / Insights Last 24h; totalprice pode diferir do cartao Total Spend),2026-07-27T10:08:43Z
Rehableaf,group-rooms-encrypted-media-recorded,0,0,0.000000,StartDate=2026-07-26 EndDate=2026-07-27 UTC (cover_days; soma dias GMT tocados pela janela ~24h — alinhamento tipico a SMS Transactions / Insights Last 24h; totalprice pode diferir do cartao Total Spend),2026-07-27T10:08:43Z
Rehableaf,group-rooms-media-downloaded,0,0,0.000000,StartDate=2026-07-26 EndDate=2026-07-27 UTC (cover_days; soma dias GMT tocados pela janela ~24h — alinhamento tipico a SMS Transactions / Insights Last 24h; totalprice pode diferir do cartao Total Spend),2026-07-27T10:08:43Z
Rehableaf,group-rooms-media-recorded,0,0,0.000000,StartDate=2026-07-26 EndDate=2026-07-27 UTC (cover_days; soma dias GMT tocados pela janela ~24h — alinhamento tipico a SMS Transactions / Insights Last 24h; totalprice pode diferir do cartao Total Spend),2026-07-27T10:08:43Z
Rehableaf,group-rooms-media-routed,0,0,0.000000,StartDate=2026-07-26 EndDate=2026-07-27 UTC (cover_days; soma dias GMT tocados pela janela ~24h — alinhamento tipico a SMS Transactions / Insights Last 24h; totalprice pode diferir do cartao Total Spend),2026-07-27T10:08:43Z
Rehableaf,group-rooms-media-stored,0,0,0.000000,StartDate=2026-07-26 EndDate=2026-07-27 UTC (cover_days; soma dias GMT tocados pela janela ~24h — alinhamento tipico a SMS Transactions / Insights Last 24h; totalprice pode diferir do cartao Total Spend),2026-07-27T10:08:43Z
Rehableaf,group-rooms-participant-minutes,0,0,0.000000,StartDate=2026-07-26 EndDate=2026-07-27 UTC (cover_days; soma dias GMT tocados pela janela ~24h — alinhamento tipico a SMS Transactions / Insights Last 24h; totalprice pode diferir do cartao Total Spend),2026-07-27T10:08:43Z
Rehableaf,group-rooms-recorded-minutes,0,0,0.000000,StartDate=2026-07-26 EndDate=2026-07-27 UTC (cover_days; soma dias GMT tocados pela janela ~24h — alinhamento tipico a SMS Transactions / Insights Last 24h; totalprice pode diferir do cartao Total Spend),2026-07-27T10:08:43Z
Rehableaf,ip-messaging,0,0,0.000000,StartDate=2026-07-26 EndDate=2026-07-27 UTC (cover_days; soma dias GMT tocados pela janela ~24h — alinhamento tipico a SMS Transactions / Insights Last 24h; totalprice pode diferir do cartao Total Spend),2026-07-27T10:08:43Z
Rehableaf,ip-messaging-commands,0,0,0.000000,StartDate=2026-07-26 EndDate=2026-07-27 UTC (cover_days; soma dias GMT tocados pela janela ~24h — alinhamento tipico a SMS Transactions / Insights Last 24h; totalprice pode diferir do cartao Total Spend),2026-07-27T10:08:43Z
Rehableaf,ip-messaging-data-storage,0,0,0.000000,StartDate=2026-07-26 EndDate=2026-07-27 UTC (cover_days; soma dias GMT tocados pela janela ~24h — alinhamento tipico a SMS Transactions / Insights Last 24h; totalprice pode diferir do cartao Total Spend),2026-07-27T10:08:43Z
Rehableaf,ip-messaging-data-transfer,0,0,0.000000,StartDate=2026-07-26 EndDate=2026-07-27 UTC (cover_days; soma dias GMT tocados pela janela ~24h — alinhamento tipico a SMS Transactions / Insights Last 24h; totalprice pode diferir do cartao Total Spend),2026-07-27T10:08:43Z
Rehableaf,ip-messaging-endpoint-connectivity,0,0,0.000000,StartDate=2026-07-26 EndDate=2026-07-27 UTC (cover_days; soma dias GMT tocados pela janela ~24h — alinhamento tipico a SMS Transactions / Insights Last 24h; totalprice pode diferir do cartao Total Spend),2026-07-27T10:08:43Z
Rehableaf,ivr-virtual-agent-custom-voices,0,0,0.000000,StartDate=2026-07-26 EndDate=2026-07-27 UTC (cover_days; soma dias GMT tocados pela janela ~24h — alinhamento tipico a SMS Transactions / Insights Last 24h; totalprice pode diferir do cartao Total Spend),2026-07-27T10:08:43Z
Rehableaf,ivr-virtual-agent-genai,0,0,0.000000,StartDate=2026-07-26 EndDate=2026-07-27 UTC (cover_days; soma dias GMT tocados pela janela ~24h — alinhamento tipico a SMS Transactions / Insights Last 24h; totalprice pode diferir do cartao Total Spend),2026-07-27T10:08:43Z
Rehableaf,knowledge-retrieval,0,0,0.000000,StartDate=2026-07-26 EndDate=2026-07-27 UTC (cover_days; soma dias GMT tocados pela janela ~24h — alinhamento tipico a SMS Transactions / Insights Last 24h; totalprice pode diferir do cartao Total Spend),2026-07-27T10:08:43Z
Rehableaf,knowledge-storage,0,0,0.000000,StartDate=2026-07-26 EndDate=2026-07-27 UTC (cover_days; soma dias GMT tocados pela janela ~24h — alinhamento tipico a SMS Transactions / Insights Last 24h; totalprice pode diferir do cartao Total Spend),2026-07-27T10:08:43Z
Rehableaf,line-status-lookups,0,0,0.000000,StartDate=2026-07-26 EndDate=2026-07-27 UTC (cover_days; soma dias GMT tocados pela janela ~24h — alinhamento tipico a SMS Transactions / Insights Last 24h; totalprice pode diferir do cartao Total Spend),2026-07-27T10:08:43Z
Rehableaf,live-activity-lookups,0,0,0.000000,StartDate=2026-07-26 EndDate=2026-07-27 UTC (cover_days; soma dias GMT tocados pela janela ~24h — alinhamento tipico a SMS Transactions / Insights Last 24h; totalprice pode diferir do cartao Total Spend),2026-07-27T10:08:43Z
Rehableaf,lookup-bucket-adjustment,0,0,0.000000,StartDate=2026-07-26 EndDate=2026-07-27 UTC (cover_days; soma dias GMT tocados pela janela ~24h — alinhamento tipico a SMS Transactions / Insights Last 24h; totalprice pode diferir do cartao Total Spend),2026-07-27T10:08:43Z
Rehableaf,lookup-identity-match,0,0,0.000000,StartDate=2026-07-26 EndDate=2026-07-27 UTC (cover_days; soma dias GMT tocados pela janela ~24h — alinhamento tipico a SMS Transactions / Insights Last 24h; totalprice pode diferir do cartao Total Spend),2026-07-27T10:08:43Z
Rehableaf,lookups,0,0,0.000000,StartDate=2026-07-26 EndDate=2026-07-27 UTC (cover_days; soma dias GMT tocados pela janela ~24h — alinhamento tipico a SMS Transactions / Insights Last 24h; totalprice pode diferir do cartao Total Spend),2026-07-27T10:08:43Z
Rehableaf,marketplace,0,0,0.000000,StartDate=2026-07-26 EndDate=2026-07-27 UTC (cover_days; soma dias GMT tocados pela janela ~24h — alinhamento tipico a SMS Transactions / Insights Last 24h; totalprice pode diferir do cartao Total Spend),2026-07-27T10:08:43Z
Rehableaf,marketplace-algorithmia-named-entity-recognition,0,0,0.000000,StartDate=2026-07-26 EndDate=2026-07-27 UTC (cover_days; soma dias GMT tocados pela janela ~24h — alinhamento tipico a SMS Transactions / Insights Last 24h; totalprice pode diferir do cartao Total Spend),2026-07-27T10:08:43Z
Rehableaf,marketplace-bot-msg.ai-deliveryaware,0,0,0.000000,StartDate=2026-07-26 EndDate=2026-07-27 UTC (cover_days; soma dias GMT tocados pela janela ~24h — alinhamento tipico a SMS Transactions / Insights Last 24h; totalprice pode diferir do cartao Total Spend),2026-07-27T10:08:43Z
Rehableaf,marketplace-cadence-transcription,0,0,0.000000,StartDate=2026-07-26 EndDate=2026-07-27 UTC (cover_days; soma dias GMT tocados pela janela ~24h — alinhamento tipico a SMS Transactions / Insights Last 24h; totalprice pode diferir do cartao Total Spend),2026-07-27T10:08:43Z
Rehableaf,marketplace-cadence-translation,0,0,0.000000,StartDate=2026-07-26 EndDate=2026-07-27 UTC (cover_days; soma dias GMT tocados pela janela ~24h — alinhamento tipico a SMS Transactions / Insights Last 24h; totalprice pode diferir do cartao Total Spend),2026-07-27T10:08:43Z
Rehableaf,marketplace-capio-speech-to-text,0,0,0.000000,StartDate=2026-07-26 EndDate=2026-07-27 UTC (cover_days; soma dias GMT tocados pela janela ~24h — alinhamento tipico a SMS Transactions / Insights Last 24h; totalprice pode diferir do cartao Total Spend),2026-07-27T10:08:43Z
Rehableaf,marketplace-convriza-ababa,0,0,0.000000,StartDate=2026-07-26 EndDate=2026-07-27 UTC (cover_days; soma dias GMT tocados pela janela ~24h — alinhamento tipico a SMS Transactions / Insights Last 24h; totalprice pode diferir do cartao Total Spend),2026-07-27T10:08:43Z
Rehableaf,marketplace-deepgram-phrase-detector,0,0,0.000000,StartDate=2026-07-26 EndDate=2026-07-27 UTC (cover_days; soma dias GMT tocados pela janela ~24h — alinhamento tipico a SMS Transactions / Insights Last 24h; totalprice pode diferir do cartao Total Spend),2026-07-27T10:08:43Z
Rehableaf,marketplace-deepgram-transcription,0,0,0.000000,StartDate=2026-07-26 EndDate=2026-07-27 UTC (cover_days; soma dias GMT tocados pela janela ~24h — alinhamento tipico a SMS Transactions / Insights Last 24h; totalprice pode diferir do cartao Total Spend),2026-07-27T10:08:43Z
Rehableaf,marketplace-deepgram-transcription-base,0,0,0.000000,StartDate=2026-07-26 EndDate=2026-07-27 UTC (cover_days; soma dias GMT tocados pela janela ~24h — alinhamento tipico a SMS Transactions / Insights Last 24h; totalprice pode diferir do cartao Total Spend),2026-07-27T10:08:43Z
Rehableaf,marketplace-deepgram-transscription-enhanced,0,0,0.000000,StartDate=2026-07-26 EndDate=2026-07-27 UTC (cover_days; soma dias GMT tocados pela janela ~24h — alinhamento tipico a SMS Transactions / Insights Last 24h; totalprice pode diferir do cartao Total Spend),2026-07-27T10:08:43Z
Rehableaf,marketplace-digital-segment-business-info,0,0,0.000000,StartDate=2026-07-26 EndDate=2026-07-27 UTC (cover_days; soma dias GMT tocados pela janela ~24h — alinhamento tipico a SMS Transactions / Insights Last 24h; totalprice pode diferir do cartao Total Spend),2026-07-27T10:08:43Z
Rehableaf,marketplace-facebook-offline-conversions,0,0,0.000000,StartDate=2026-07-26 EndDate=2026-07-27 UTC (cover_days; soma dias GMT tocados pela janela ~24h — alinhamento tipico a SMS Transactions / Insights Last 24h; totalprice pode diferir do cartao Total Spend),2026-07-27T10:08:43Z
Rehableaf,marketplace-google-speech-to-text,0,0,0.000000,StartDate=2026-07-26 EndDate=2026-07-27 UTC (cover_days; soma dias GMT tocados pela janela ~24h — alinhamento tipico a SMS Transactions / Insights Last 24h; totalprice pode diferir do cartao Total Spend),2026-07-27T10:08:43Z
Rehableaf,marketplace-ibm-watson-message-insights,0,0,0.000000,StartDate=2026-07-26 EndDate=2026-07-27 UTC (cover_days; soma dias GMT tocados pela janela ~24h — alinhamento tipico a SMS Transactions / Insights Last 24h; totalprice pode diferir do cartao Total Spend),2026-07-27T10:08:43Z
Rehableaf,marketplace-ibm-watson-message-sentiment,0,0,0.000000,StartDate=2026-07-26 EndDate=2026-07-27 UTC (cover_days; soma dias GMT tocados pela janela ~24h — alinhamento tipico a SMS Transactions / Insights Last 24h; totalprice pode diferir do cartao Total Spend),2026-07-27T10:08:43Z
Rehableaf,marketplace-ibm-watson-recording-analysis,0,0,0.000000,StartDate=2026-07-26 EndDate=2026-07-27 UTC (cover_days; soma dias GMT tocados pela janela ~24h — alinhamento tipico a SMS Transactions / Insights Last 24h; totalprice pode diferir do cartao Total Spend),2026-07-27T10:08:43Z
Rehableaf,marketplace-ibm-watson-tone-analyzer,0,0,0.000000,StartDate=2026-07-26 EndDate=2026-07-27 UTC (cover_days; soma dias GMT tocados pela janela ~24h — alinhamento tipico a SMS Transactions / Insights Last 24h; totalprice pode diferir do cartao Total Spend),2026-07-27T10:08:43Z
Rehableaf,marketplace-icehook-systems-scout,0,0,0.000000,StartDate=2026-07-26 EndDate=2026-07-27 UTC (cover_days; soma dias GMT tocados pela janela ~24h — alinhamento tipico a SMS Transactions / Insights Last 24h; totalprice pode diferir do cartao Total Spend),2026-07-27T10:08:43Z
Rehableaf,marketplace-infogroup-dataaxle-bizinfo,0,0,0.000000,StartDate=2026-07-26 EndDate=2026-07-27 UTC (cover_days; soma dias GMT tocados pela janela ~24h — alinhamento tipico a SMS Transactions / Insights Last 24h; totalprice pode diferir do cartao Total Spend),2026-07-27T10:08:43Z
Rehableaf,marketplace-keen-io-contact-center-analytics,0,0,0.000000,StartDate=2026-07-26 EndDate=2026-07-27 UTC (cover_days; soma dias GMT tocados pela janela ~24h — alinhamento tipico a SMS Transactions / Insights Last 24h; totalprice pode diferir do cartao Total Spend),2026-07-27T10:08:43Z
Rehableaf,marketplace-marchex-cleancall,0,0,0.000000,StartDate=2026-07-26 EndDate=2026-07-27 UTC (cover_days; soma dias GMT tocados pela janela ~24h — alinhamento tipico a SMS Transactions / Insights Last 24h; totalprice pode diferir do cartao Total Spend),2026-07-27T10:08:43Z
Rehableaf,marketplace-marchex-recording-analysis,0,0,0.000000,StartDate=2026-07-26 EndDate=2026-07-27 UTC (cover_days; soma dias GMT tocados pela janela ~24h — alinhamento tipico a SMS Transactions / Insights Last 24h; totalprice pode diferir do cartao Total Spend),2026-07-27T10:08:43Z
Rehableaf,marketplace-marchex-sentiment-analysis-for-sms,0,0,0.000000,StartDate=2026-07-26 EndDate=2026-07-27 UTC (cover_days; soma dias GMT tocados pela janela ~24h — alinhamento tipico a SMS Transactions / Insights Last 24h; totalprice pode diferir do cartao Total Spend),2026-07-27T10:08:43Z
Rehableaf,marketplace-marketplace-nextcaller-social-id,0,0,0.000000,StartDate=2026-07-26 EndDate=2026-07-27 UTC (cover_days; soma dias GMT tocados pela janela ~24h — alinhamento tipico a SMS Transactions / Insights Last 24h; totalprice pode diferir do cartao Total Spend),2026-07-27T10:08:43Z
Rehableaf,marketplace-mobile-commons-opt-out-classifier,0,0,0.000000,StartDate=2026-07-26 EndDate=2026-07-27 UTC (cover_days; soma dias GMT tocados pela janela ~24h — alinhamento tipico a SMS Transactions / Insights Last 24h; totalprice pode diferir do cartao Total Spend),2026-07-27T10:08:43Z
Rehableaf,marketplace-msg.ai-deliveryaware,0,0,0.000000,StartDate=2026-07-26 EndDate=2026-07-27 UTC (cover_days; soma dias GMT tocados pela janela ~24h — alinhamento tipico a SMS Transactions / Insights Last 24h; totalprice pode diferir do cartao Total Spend),2026-07-27T10:08:43Z
Rehableaf,marketplace-nexiwave-voicemail-to-text,0,0,0.000000,StartDate=2026-07-26 EndDate=2026-07-27 UTC (cover_days; soma dias GMT tocados pela janela ~24h — alinhamento tipico a SMS Transactions / Insights Last 24h; totalprice pode diferir do cartao Total Spend),2026-07-27T10:08:43Z
Rehableaf,marketplace-nextcaller-advanced-caller-identification,0,0,0.000000,StartDate=2026-07-26 EndDate=2026-07-27 UTC (cover_days; soma dias GMT tocados pela janela ~24h — alinhamento tipico a SMS Transactions / Insights Last 24h; totalprice pode diferir do cartao Total Spend),2026-07-27T10:08:43Z
Rehableaf,marketplace-nomorobo-spam-score,0,0,0.000000,StartDate=2026-07-26 EndDate=2026-07-27 UTC (cover_days; soma dias GMT tocados pela janela ~24h — alinhamento tipico a SMS Transactions / Insights Last 24h; totalprice pode diferir do cartao Total Spend),2026-07-27T10:08:43Z
Rehableaf,marketplace-pay-addons,0,0,0.000000,StartDate=2026-07-26 EndDate=2026-07-27 UTC (cover_days; soma dias GMT tocados pela janela ~24h — alinhamento tipico a SMS Transactions / Insights Last 24h; totalprice pode diferir do cartao Total Spend),2026-07-27T10:08:43Z
Rehableaf,marketplace-pay-addons-basecommerce-pay-connector,0,0,0.000000,StartDate=2026-07-26 EndDate=2026-07-27 UTC (cover_days; soma dias GMT tocados pela janela ~24h — alinhamento tipico a SMS Transactions / Insights Last 24h; totalprice pode diferir do cartao Total Spend),2026-07-27T10:08:43Z
Rehableaf,marketplace-pay-addons-braintree-pay-connector,0,0,0.000000,StartDate=2026-07-26 EndDate=2026-07-27 UTC (cover_days; soma dias GMT tocados pela janela ~24h — alinhamento tipico a SMS Transactions / Insights Last 24h; totalprice pode diferir do cartao Total Spend),2026-07-27T10:08:43Z
Rehableaf,marketplace-pay-addons-cardconnect-pay-connector,0,0,0.000000,StartDate=2026-07-26 EndDate=2026-07-27 UTC (cover_days; soma dias GMT tocados pela janela ~24h — alinhamento tipico a SMS Transactions / Insights Last 24h; totalprice pode diferir do cartao Total Spend),2026-07-27T10:08:43Z
Rehableaf,marketplace-pay-addons-chase-pay-connector,0,0,0.000000,StartDate=2026-07-26 EndDate=2026-07-27 UTC (cover_days; soma dias GMT tocados pela janela ~24h — alinhamento tipico a SMS Transactions / Insights Last 24h; totalprice pode diferir do cartao Total Spend),2026-07-27T10:08:43Z
Rehableaf,marketplace-pay-addons-shuttle-pay-connector,0,0,0.000000,StartDate=2026-07-26 EndDate=2026-07-27 UTC (cover_days; soma dias GMT tocados pela janela ~24h — alinhamento tipico a SMS Transactions / Insights Last 24h; totalprice pode diferir do cartao Total Spend),2026-07-27T10:08:43Z
Rehableaf,marketplace-pay-addons-stripe-pay-connector,0,0,0.000000,StartDate=2026-07-26 EndDate=2026-07-27 UTC (cover_days; soma dias GMT tocados pela janela ~24h — alinhamento tipico a SMS Transactions / Insights Last 24h; totalprice pode diferir do cartao Total Spend),2026-07-27T10:08:43Z
Rehableaf,marketplace-payfone-tcpa-compliance,0,0,0.000000,StartDate=2026-07-26 EndDate=2026-07-27 UTC (cover_days; soma dias GMT tocados pela janela ~24h — alinhamento tipico a SMS Transactions / Insights Last 24h; totalprice pode diferir do cartao Total Spend),2026-07-27T10:08:43Z
Rehableaf,marketplace-poly-ai-connector,0,0,0.000000,StartDate=2026-07-26 EndDate=2026-07-27 UTC (cover_days; soma dias GMT tocados pela janela ~24h — alinhamento tipico a SMS Transactions / Insights Last 24h; totalprice pode diferir do cartao Total Spend),2026-07-27T10:08:43Z
Rehableaf,marketplace-realphonevalidation,0,0,0.000000,StartDate=2026-07-26 EndDate=2026-07-27 UTC (cover_days; soma dias GMT tocados pela janela ~24h — alinhamento tipico a SMS Transactions / Insights Last 24h; totalprice pode diferir do cartao Total Spend),2026-07-27T10:08:43Z
Rehableaf,marketplace-remeeting-automatic-speech-recognition,0,0,0.000000,StartDate=2026-07-26 EndDate=2026-07-27 UTC (cover_days; soma dias GMT tocados pela janela ~24h — alinhamento tipico a SMS Transactions / Insights Last 24h; totalprice pode diferir do cartao Total Spend),2026-07-27T10:08:43Z
Rehableaf,marketplace-spoke-phone-license-pro,0,0,0.000000,StartDate=2026-07-26 EndDate=2026-07-27 UTC (cover_days; soma dias GMT tocados pela janela ~24h — alinhamento tipico a SMS Transactions / Insights Last 24h; totalprice pode diferir do cartao Total Spend),2026-07-27T10:08:43Z
Rehableaf,marketplace-spoke-phone-license-standard,0,0,0.000000,StartDate=2026-07-26 EndDate=2026-07-27 UTC (cover_days; soma dias GMT tocados pela janela ~24h — alinhamento tipico a SMS Transactions / Insights Last 24h; totalprice pode diferir do cartao Total Spend),2026-07-27T10:08:43Z
Rehableaf,marketplace-tcpa-defense-solutions-blacklist-feed,0,0,0.000000,StartDate=2026-07-26 EndDate=2026-07-27 UTC (cover_days; soma dias GMT tocados pela janela ~24h — alinhamento tipico a SMS Transactions / Insights Last 24h; totalprice pode diferir do cartao Total Spend),2026-07-27T10:08:43Z
Rehableaf,marketplace-telo-opencnam,0,0,0.000000,StartDate=2026-07-26 EndDate=2026-07-27 UTC (cover_days; soma dias GMT tocados pela janela ~24h — alinhamento tipico a SMS Transactions / Insights Last 24h; totalprice pode diferir do cartao Total Spend),2026-07-27T10:08:43Z
Rehableaf,marketplace-trestle-solutions-caller-identification,0,0,0.000000,StartDate=2026-07-26 EndDate=2026-07-27 UTC (cover_days; soma dias GMT tocados pela janela ~24h — alinhamento tipico a SMS Transactions / Insights Last 24h; totalprice pode diferir do cartao Total Spend),2026-07-27T10:08:43Z
Rehableaf,marketplace-truecnam-true-spam,0,0,0.000000,StartDate=2026-07-26 EndDate=2026-07-27 UTC (cover_days; soma dias GMT tocados pela janela ~24h — alinhamento tipico a SMS Transactions / Insights Last 24h; totalprice pode diferir do cartao Total Spend),2026-07-27T10:08:43Z
Rehableaf,marketplace-twilio-caller-name-lookup-us,0,0,0.000000,StartDate=2026-07-26 EndDate=2026-07-27 UTC (cover_days; soma dias GMT tocados pela janela ~24h — alinhamento tipico a SMS Transactions / Insights Last 24h; totalprice pode diferir do cartao Total Spend),2026-07-27T10:08:43Z
Rehableaf,marketplace-twilio-carrier-information-lookup,0,0,0.000000,StartDate=2026-07-26 EndDate=2026-07-27 UTC (cover_days; soma dias GMT tocados pela janela ~24h — alinhamento tipico a SMS Transactions / Insights Last 24h; totalprice pode diferir do cartao Total Spend),2026-07-27T10:08:43Z
Rehableaf,marketplace-voicebase-pci,0,0,0.000000,StartDate=2026-07-26 EndDate=2026-07-27 UTC (cover_days; soma dias GMT tocados pela janela ~24h — alinhamento tipico a SMS Transactions / Insights Last 24h; totalprice pode diferir do cartao Total Spend),2026-07-27T10:08:43Z
Rehableaf,marketplace-voicebase-transcription,0,0,0.000000,StartDate=2026-07-26 EndDate=2026-07-27 UTC (cover_days; soma dias GMT tocados pela janela ~24h — alinhamento tipico a SMS Transactions / Insights Last 24h; totalprice pode diferir do cartao Total Spend),2026-07-27T10:08:43Z
Rehableaf,marketplace-voicebase-transcription-custom-vocabulary,0,0,0.000000,StartDate=2026-07-26 EndDate=2026-07-27 UTC (cover_days; soma dias GMT tocados pela janela ~24h — alinhamento tipico a SMS Transactions / Insights Last 24h; totalprice pode diferir do cartao Total Spend),2026-07-27T10:08:43Z
Rehableaf,marketplace-web-purify-profanity-filter,0,0,0.000000,StartDate=2026-07-26 EndDate=2026-07-27 UTC (cover_days; soma dias GMT tocados pela janela ~24h — alinhamento tipico a SMS Transactions / Insights Last 24h; totalprice pode diferir do cartao Total Spend),2026-07-27T10:08:43Z
Rehableaf,marketplace-whitepages-pro-caller-identification,0,0,0.000000,StartDate=2026-07-26 EndDate=2026-07-27 UTC (cover_days; soma dias GMT tocados pela janela ~24h — alinhamento tipico a SMS Transactions / Insights Last 24h; totalprice pode diferir do cartao Total Spend),2026-07-27T10:08:43Z
Rehableaf,marketplace-whitepages-pro-phone-intelligence,0,0,0.000000,StartDate=2026-07-26 EndDate=2026-07-27 UTC (cover_days; soma dias GMT tocados pela janela ~24h — alinhamento tipico a SMS Transactions / Insights Last 24h; totalprice pode diferir do cartao Total Spend),2026-07-27T10:08:43Z
Rehableaf,marketplace-whitepages-pro-phone-reputation,0,0,0.000000,StartDate=2026-07-26 EndDate=2026-07-27 UTC (cover_days; soma dias GMT tocados pela janela ~24h — alinhamento tipico a SMS Transactions / Insights Last 24h; totalprice pode diferir do cartao Total Spend),2026-07-27T10:08:43Z
Rehableaf,marketplace-wolfarm-spoken-results,0,0,0.000000,StartDate=2026-07-26 EndDate=2026-07-27 UTC (cover_days; soma dias GMT tocados pela janela ~24h — alinhamento tipico a SMS Transactions / Insights Last 24h; totalprice pode diferir do cartao Total Spend),2026-07-27T10:08:43Z
Rehableaf,marketplace-wolfram-short-answer,0,0,0.000000,StartDate=2026-07-26 EndDate=2026-07-27 UTC (cover_days; soma dias GMT tocados pela janela ~24h — alinhamento tipico a SMS Transactions / Insights Last 24h; totalprice pode diferir do cartao Total Spend),2026-07-27T10:08:43Z
Rehableaf,marketplace-ytica-contact-center-reporting-analytics,0,0,0.000000,StartDate=2026-07-26 EndDate=2026-07-27 UTC (cover_days; soma dias GMT tocados pela janela ~24h — alinhamento tipico a SMS Transactions / Insights Last 24h; totalprice pode diferir do cartao Total Spend),2026-07-27T10:08:43Z
Rehableaf,marketplay-pay-addons-shuttle-pay-connector,0,0,0.000000,StartDate=2026-07-26 EndDate=2026-07-27 UTC (cover_days; soma dias GMT tocados pela janela ~24h — alinhamento tipico a SMS Transactions / Insights Last 24h; totalprice pode diferir do cartao Total Spend),2026-07-27T10:08:43Z
Rehableaf,media-composer-minutes,0,0,0.000000,StartDate=2026-07-26 EndDate=2026-07-27 UTC (cover_days; soma dias GMT tocados pela janela ~24h — alinhamento tipico a SMS Transactions / Insights Last 24h; totalprice pode diferir do cartao Total Spend),2026-07-27T10:08:43Z
Rehableaf,mediastorage,0,0,0.000000,StartDate=2026-07-26 EndDate=2026-07-27 UTC (cover_days; soma dias GMT tocados pela janela ~24h — alinhamento tipico a SMS Transactions / Insights Last 24h; totalprice pode diferir do cartao Total Spend),2026-07-27T10:08:43Z
Rehableaf,memories,0,0,0.000000,StartDate=2026-07-26 EndDate=2026-07-27 UTC (cover_days; soma dias GMT tocados pela janela ~24h — alinhamento tipico a SMS Transactions / Insights Last 24h; totalprice pode diferir do cartao Total Spend),2026-07-27T10:08:43Z
Rehableaf,memories-memory-generation-input-output,0,0,0.000000,StartDate=2026-07-26 EndDate=2026-07-27 UTC (cover_days; soma dias GMT tocados pela janela ~24h — alinhamento tipico a SMS Transactions / Insights Last 24h; totalprice pode diferir do cartao Total Spend),2026-07-27T10:08:43Z
Rehableaf,memories-memory-recall,0,0,0.000000,StartDate=2026-07-26 EndDate=2026-07-27 UTC (cover_days; soma dias GMT tocados pela janela ~24h — alinhamento tipico a SMS Transactions / Insights Last 24h; totalprice pode diferir do cartao Total Spend),2026-07-27T10:08:43Z
Rehableaf,min-spend-adjustments,0,0,0.000000,StartDate=2026-07-26 EndDate=2026-07-27 UTC (cover_days; soma dias GMT tocados pela janela ~24h — alinhamento tipico a SMS Transactions / Insights Last 24h; totalprice pode diferir do cartao Total Spend),2026-07-27T10:08:43Z
Rehableaf,mms,0,0,0.000000,StartDate=2026-07-26 EndDate=2026-07-27 UTC (cover_days; soma dias GMT tocados pela janela ~24h — alinhamento tipico a SMS Transactions / Insights Last 24h; totalprice pode diferir do cartao Total Spend),2026-07-27T10:08:43Z
Rehableaf,mms-inbound,0,0,0.000000,StartDate=2026-07-26 EndDate=2026-07-27 UTC (cover_days; soma dias GMT tocados pela janela ~24h — alinhamento tipico a SMS Transactions / Insights Last 24h; totalprice pode diferir do cartao Total Spend),2026-07-27T10:08:43Z
Rehableaf,mms-inbound-longcode,0,0,0.000000,StartDate=2026-07-26 EndDate=2026-07-27 UTC (cover_days; soma dias GMT tocados pela janela ~24h — alinhamento tipico a SMS Transactions / Insights Last 24h; totalprice pode diferir do cartao Total Spend),2026-07-27T10:08:43Z
Rehableaf,mms-inbound-shortcode,0,0,0.000000,StartDate=2026-07-26 EndDate=2026-07-27 UTC (cover_days; soma dias GMT tocados pela janela ~24h — alinhamento tipico a SMS Transactions / Insights Last 24h; totalprice pode diferir do cartao Total Spend),2026-07-27T10:08:43Z
Rehableaf,mms-inbound-toll-free,0,0,0.000000,StartDate=2026-07-26 EndDate=2026-07-27 UTC (cover_days; soma dias GMT tocados pela janela ~24h — alinhamento tipico a SMS Transactions / Insights Last 24h; totalprice pode diferir do cartao Total Spend),2026-07-27T10:08:43Z
Rehableaf,mms-messages-carrierfees,0,0,0.000000,StartDate=2026-07-26 EndDate=2026-07-27 UTC (cover_days; soma dias GMT tocados pela janela ~24h — alinhamento tipico a SMS Transactions / Insights Last 24h; totalprice pode diferir do cartao Total Spend),2026-07-27T10:08:43Z
Rehableaf,mms-outbound,0,0,0.000000,StartDate=2026-07-26 EndDate=2026-07-27 UTC (cover_days; soma dias GMT tocados pela janela ~24h — alinhamento tipico a SMS Transactions / Insights Last 24h; totalprice pode diferir do cartao Total Spend),2026-07-27T10:08:43Z
Rehableaf,mms-outbound-longcode,0,0,0.000000,StartDate=2026-07-26 EndDate=2026-07-27 UTC (cover_days; soma dias GMT tocados pela janela ~24h — alinhamento tipico a SMS Transactions / Insights Last 24h; totalprice pode diferir do cartao Total Spend),2026-07-27T10:08:43Z
Rehableaf,mms-outbound-shortcode,0,0,0.000000,StartDate=2026-07-26 EndDate=2026-07-27 UTC (cover_days; soma dias GMT tocados pela janela ~24h — alinhamento tipico a SMS Transactions / Insights Last 24h; totalprice pode diferir do cartao Total Spend),2026-07-27T10:08:43Z
Rehableaf,mms-outbound-tollfree,0,0,0.000000,StartDate=2026-07-26 EndDate=2026-07-27 UTC (cover_days; soma dias GMT tocados pela janela ~24h — alinhamento tipico a SMS Transactions / Insights Last 24h; totalprice pode diferir do cartao Total Spend),2026-07-27T10:08:43Z
Rehableaf,monitor,0,0,0.000000,StartDate=2026-07-26 EndDate=2026-07-27 UTC (cover_days; soma dias GMT tocados pela janela ~24h — alinhamento tipico a SMS Transactions / Insights Last 24h; totalprice pode diferir do cartao Total Spend),2026-07-27T10:08:43Z
Rehableaf,monitor-reads,0,0,0.000000,StartDate=2026-07-26 EndDate=2026-07-27 UTC (cover_days; soma dias GMT tocados pela janela ~24h — alinhamento tipico a SMS Transactions / Insights Last 24h; totalprice pode diferir do cartao Total Spend),2026-07-27T10:08:43Z
Rehableaf,monitor-storage,0,0,0.000000,StartDate=2026-07-26 EndDate=2026-07-27 UTC (cover_days; soma dias GMT tocados pela janela ~24h — alinhamento tipico a SMS Transactions / Insights Last 24h; totalprice pode diferir do cartao Total Spend),2026-07-27T10:08:43Z
Rehableaf,monitor-writes,0,0,0.000000,StartDate=2026-07-26 EndDate=2026-07-27 UTC (cover_days; soma dias GMT tocados pela janela ~24h — alinhamento tipico a SMS Transactions / Insights Last 24h; totalprice pode diferir do cartao Total Spend),2026-07-27T10:08:43Z
Rehableaf,notify,0,0,0.000000,StartDate=2026-07-26 EndDate=2026-07-27 UTC (cover_days; soma dias GMT tocados pela janela ~24h — alinhamento tipico a SMS Transactions / Insights Last 24h; totalprice pode diferir do cartao Total Spend),2026-07-27T10:08:43Z
Rehableaf,notify-actions-attempts,0,0,0.000000,StartDate=2026-07-26 EndDate=2026-07-27 UTC (cover_days; soma dias GMT tocados pela janela ~24h — alinhamento tipico a SMS Transactions / Insights Last 24h; totalprice pode diferir do cartao Total Spend),2026-07-27T10:08:43Z
Rehableaf,notify-channels,0,0,0.000000,StartDate=2026-07-26 EndDate=2026-07-27 UTC (cover_days; soma dias GMT tocados pela janela ~24h — alinhamento tipico a SMS Transactions / Insights Last 24h; totalprice pode diferir do cartao Total Spend),2026-07-27T10:08:43Z
Rehableaf,number-format-lookups,0,0,0.000000,StartDate=2026-07-26 EndDate=2026-07-27 UTC (cover_days; soma dias GMT tocados pela janela ~24h — alinhamento tipico a SMS Transactions / Insights Last 24h; totalprice pode diferir do cartao Total Spend),2026-07-27T10:08:43Z
Rehableaf,pchat,0,0,0.000000,StartDate=2026-07-26 EndDate=2026-07-27 UTC (cover_days; soma dias GMT tocados pela janela ~24h — alinhamento tipico a SMS Transactions / Insights Last 24h; totalprice pode diferir do cartao Total Spend),2026-07-27T10:08:43Z
Rehableaf,pchat-actions,0,0,0.000000,StartDate=2026-07-26 EndDate=2026-07-27 UTC (cover_days; soma dias GMT tocados pela janela ~24h — alinhamento tipico a SMS Transactions / Insights Last 24h; totalprice pode diferir do cartao Total Spend),2026-07-27T10:08:43Z
Rehableaf,pchat-aps,0,0,0.000000,StartDate=2026-07-26 EndDate=2026-07-27 UTC (cover_days; soma dias GMT tocados pela janela ~24h — alinhamento tipico a SMS Transactions / Insights Last 24h; totalprice pode diferir do cartao Total Spend),2026-07-27T10:08:43Z
Rehableaf,pchat-conv-med-storage,0,0,0.000000,StartDate=2026-07-26 EndDate=2026-07-27 UTC (cover_days; soma dias GMT tocados pela janela ~24h — alinhamento tipico a SMS Transactions / Insights Last 24h; totalprice pode diferir do cartao Total Spend),2026-07-27T10:08:43Z
Rehableaf,pchat-messages,0,0,0.000000,StartDate=2026-07-26 EndDate=2026-07-27 UTC (cover_days; soma dias GMT tocados pela janela ~24h — alinhamento tipico a SMS Transactions / Insights Last 24h; totalprice pode diferir do cartao Total Spend),2026-07-27T10:08:43Z
Rehableaf,pchat-notifications,0,0,0.000000,StartDate=2026-07-26 EndDate=2026-07-27 UTC (cover_days; soma dias GMT tocados pela janela ~24h — alinhamento tipico a SMS Transactions / Insights Last 24h; totalprice pode diferir do cartao Total Spend),2026-07-27T10:08:43Z
Rehableaf,pchat-reads,0,0,0.000000,StartDate=2026-07-26 EndDate=2026-07-27 UTC (cover_days; soma dias GMT tocados pela janela ~24h — alinhamento tipico a SMS Transactions / Insights Last 24h; totalprice pode diferir do cartao Total Spend),2026-07-27T10:08:43Z
Rehableaf,pchat-users,0,0,0.000000,StartDate=2026-07-26 EndDate=2026-07-27 UTC (cover_days; soma dias GMT tocados pela janela ~24h — alinhamento tipico a SMS Transactions / Insights Last 24h; totalprice pode diferir do cartao Total Spend),2026-07-27T10:08:43Z
Rehableaf,peer-to-peer-rooms-participant-minutes,0,0,0.000000,StartDate=2026-07-26 EndDate=2026-07-27 UTC (cover_days; soma dias GMT tocados pela janela ~24h — alinhamento tipico a SMS Transactions / Insights Last 24h; totalprice pode diferir do cartao Total Spend),2026-07-27T10:08:43Z
Rehableaf,pfax,0,0,0.000000,StartDate=2026-07-26 EndDate=2026-07-27 UTC (cover_days; soma dias GMT tocados pela janela ~24h — alinhamento tipico a SMS Transactions / Insights Last 24h; totalprice pode diferir do cartao Total Spend),2026-07-27T10:08:43Z
Rehableaf,pfax-minutes,0,0,0.000000,StartDate=2026-07-26 EndDate=2026-07-27 UTC (cover_days; soma dias GMT tocados pela janela ~24h — alinhamento tipico a SMS Transactions / Insights Last 24h; totalprice pode diferir do cartao Total Spend),2026-07-27T10:08:43Z
Rehableaf,pfax-minutes-inbound,0,0,0.000000,StartDate=2026-07-26 EndDate=2026-07-27 UTC (cover_days; soma dias GMT tocados pela janela ~24h — alinhamento tipico a SMS Transactions / Insights Last 24h; totalprice pode diferir do cartao Total Spend),2026-07-27T10:08:43Z
Rehableaf,pfax-minutes-outbound,0,0,0.000000,StartDate=2026-07-26 EndDate=2026-07-27 UTC (cover_days; soma dias GMT tocados pela janela ~24h — alinhamento tipico a SMS Transactions / Insights Last 24h; totalprice pode diferir do cartao Total Spend),2026-07-27T10:08:43Z
Rehableaf,pfax-pages,0,0,0.000000,StartDate=2026-07-26 EndDate=2026-07-27 UTC (cover_days; soma dias GMT tocados pela janela ~24h — alinhamento tipico a SMS Transactions / Insights Last 24h; totalprice pode diferir do cartao Total Spend),2026-07-27T10:08:43Z
Rehableaf,phone-quality-score-lookups,0,0,0.000000,StartDate=2026-07-26 EndDate=2026-07-27 UTC (cover_days; soma dias GMT tocados pela janela ~24h — alinhamento tipico a SMS Transactions / Insights Last 24h; totalprice pode diferir do cartao Total Spend),2026-07-27T10:08:43Z
Rehableaf,phonenumbers,0,0,0.000000,StartDate=2026-07-26 EndDate=2026-07-27 UTC (cover_days; soma dias GMT tocados pela janela ~24h — alinhamento tipico a SMS Transactions / Insights Last 24h; totalprice pode diferir do cartao Total Spend),2026-07-27T10:08:43Z
Rehableaf,phonenumbers-cps,0,0,0.000000,StartDate=2026-07-26 EndDate=2026-07-27 UTC (cover_days; soma dias GMT tocados pela janela ~24h — alinhamento tipico a SMS Transactions / Insights Last 24h; totalprice pode diferir do cartao Total Spend),2026-07-27T10:08:43Z
Rehableaf,phonenumbers-emergency,0,0,0.000000,StartDate=2026-07-26 EndDate=2026-07-27 UTC (cover_days; soma dias GMT tocados pela janela ~24h — alinhamento tipico a SMS Transactions / Insights Last 24h; totalprice pode diferir do cartao Total Spend),2026-07-27T10:08:43Z
Rehableaf,phonenumbers-local,0,0,0.000000,StartDate=2026-07-26 EndDate=2026-07-27 UTC (cover_days; soma dias GMT tocados pela janela ~24h — alinhamento tipico a SMS Transactions / Insights Last 24h; totalprice pode diferir do cartao Total Spend),2026-07-27T10:08:43Z
Rehableaf,phonenumbers-mobile,0,0,0.000000,StartDate=2026-07-26 EndDate=2026-07-27 UTC (cover_days; soma dias GMT tocados pela janela ~24h — alinhamento tipico a SMS Transactions / Insights Last 24h; totalprice pode diferir do cartao Total Spend),2026-07-27T10:08:43Z
Rehableaf,phonenumbers-porting,0,0,0.000000,StartDate=2026-07-26 EndDate=2026-07-27 UTC (cover_days; soma dias GMT tocados pela janela ~24h — alinhamento tipico a SMS Transactions / Insights Last 24h; totalprice pode diferir do cartao Total Spend),2026-07-27T10:08:43Z
Rehableaf,phonenumbers-setups,0,0,0.000000,StartDate=2026-07-26 EndDate=2026-07-27 UTC (cover_days; soma dias GMT tocados pela janela ~24h — alinhamento tipico a SMS Transactions / Insights Last 24h; totalprice pode diferir do cartao Total Spend),2026-07-27T10:08:43Z
Rehableaf,phonenumbers-tollfree,0,0,0.000000,StartDate=2026-07-26 EndDate=2026-07-27 UTC (cover_days; soma dias GMT tocados pela janela ~24h — alinhamento tipico a SMS Transactions / Insights Last 24h; totalprice pode diferir do cartao Total Spend),2026-07-27T10:08:43Z
Rehableaf,premiumsupport,0,0,0.000000,StartDate=2026-07-26 EndDate=2026-07-27 UTC (cover_days; soma dias GMT tocados pela janela ~24h — alinhamento tipico a SMS Transactions / Insights Last 24h; totalprice pode diferir do cartao Total Spend),2026-07-27T10:08:43Z
Rehableaf,premiumsupport-percentage-spend,0,0,0.000000,StartDate=2026-07-26 EndDate=2026-07-27 UTC (cover_days; soma dias GMT tocados pela janela ~24h — alinhamento tipico a SMS Transactions / Insights Last 24h; totalprice pode diferir do cartao Total Spend),2026-07-27T10:08:43Z
Rehableaf,profiles,0,0,0.000000,StartDate=2026-07-26 EndDate=2026-07-27 UTC (cover_days; soma dias GMT tocados pela janela ~24h — alinhamento tipico a SMS Transactions / Insights Last 24h; totalprice pode diferir do cartao Total Spend),2026-07-27T10:08:43Z
Rehableaf,profiles-customer-profile-operations,0,0,0.000000,StartDate=2026-07-26 EndDate=2026-07-27 UTC (cover_days; soma dias GMT tocados pela janela ~24h — alinhamento tipico a SMS Transactions / Insights Last 24h; totalprice pode diferir do cartao Total Spend),2026-07-27T10:08:43Z
Rehableaf,profiles-daily-utilized-profiles,0,0,0.000000,StartDate=2026-07-26 EndDate=2026-07-27 UTC (cover_days; soma dias GMT tocados pela janela ~24h — alinhamento tipico a SMS Transactions / Insights Last 24h; totalprice pode diferir do cartao Total Spend),2026-07-27T10:08:43Z
Rehableaf,programmable-microsoft-operator-connect,0,0,0.000000,StartDate=2026-07-26 EndDate=2026-07-27 UTC (cover_days; soma dias GMT tocados pela janela ~24h — alinhamento tipico a SMS Transactions / Insights Last 24h; totalprice pode diferir do cartao Total Spend),2026-07-27T10:08:43Z
Rehableaf,programmable-microsoft-operator-connect-inbound,0,0,0.000000,StartDate=2026-07-26 EndDate=2026-07-27 UTC (cover_days; soma dias GMT tocados pela janela ~24h — alinhamento tipico a SMS Transactions / Insights Last 24h; totalprice pode diferir do cartao Total Spend),2026-07-27T10:08:43Z
Rehableaf,programmable-microsoft-operator-connect-outbound,0,0,0.000000,StartDate=2026-07-26 EndDate=2026-07-27 UTC (cover_days; soma dias GMT tocados pela janela ~24h — alinhamento tipico a SMS Transactions / Insights Last 24h; totalprice pode diferir do cartao Total Spend),2026-07-27T10:08:43Z
Rehableaf,programmablevoice-platform,0,0,0.000000,StartDate=2026-07-26 EndDate=2026-07-27 UTC (cover_days; soma dias GMT tocados pela janela ~24h — alinhamento tipico a SMS Transactions / Insights Last 24h; totalprice pode diferir do cartao Total Spend),2026-07-27T10:08:43Z
Rehableaf,programmablevoiceconn-clientsdk,0,0,0.000000,StartDate=2026-07-26 EndDate=2026-07-27 UTC (cover_days; soma dias GMT tocados pela janela ~24h — alinhamento tipico a SMS Transactions / Insights Last 24h; totalprice pode diferir do cartao Total Spend),2026-07-27T10:08:43Z
Rehableaf,programmablevoiceconn-clientsdk-inbound,0,0,0.000000,StartDate=2026-07-26 EndDate=2026-07-27 UTC (cover_days; soma dias GMT tocados pela janela ~24h — alinhamento tipico a SMS Transactions / Insights Last 24h; totalprice pode diferir do cartao Total Spend),2026-07-27T10:08:43Z
Rehableaf,programmablevoiceconn-clientsdk-outbound,0,0,0.000000,StartDate=2026-07-26 EndDate=2026-07-27 UTC (cover_days; soma dias GMT tocados pela janela ~24h — alinhamento tipico a SMS Transactions / Insights Last 24h; totalprice pode diferir do cartao Total Spend),2026-07-27T10:08:43Z
Rehableaf,programmablevoiceconn-onnet,0,0,0.000000,StartDate=2026-07-26 EndDate=2026-07-27 UTC (cover_days; soma dias GMT tocados pela janela ~24h — alinhamento tipico a SMS Transactions / Insights Last 24h; totalprice pode diferir do cartao Total Spend),2026-07-27T10:08:43Z
Rehableaf,programmablevoiceconn-onnet-inbound,0,0,0.000000,StartDate=2026-07-26 EndDate=2026-07-27 UTC (cover_days; soma dias GMT tocados pela janela ~24h — alinhamento tipico a SMS Transactions / Insights Last 24h; totalprice pode diferir do cartao Total Spend),2026-07-27T10:08:43Z
Rehableaf,programmablevoiceconn-onnet-outbound,0,0,0.000000,StartDate=2026-07-26 EndDate=2026-07-27 UTC (cover_days; soma dias GMT tocados pela janela ~24h — alinhamento tipico a SMS Transactions / Insights Last 24h; totalprice pode diferir do cartao Total Spend),2026-07-27T10:08:43Z
Rehableaf,programmablevoiceconn-sip,0,0,0.000000,StartDate=2026-07-26 EndDate=2026-07-27 UTC (cover_days; soma dias GMT tocados pela janela ~24h — alinhamento tipico a SMS Transactions / Insights Last 24h; totalprice pode diferir do cartao Total Spend),2026-07-27T10:08:43Z
Rehableaf,programmablevoiceconn-sip-inbound,0,0,0.000000,StartDate=2026-07-26 EndDate=2026-07-27 UTC (cover_days; soma dias GMT tocados pela janela ~24h — alinhamento tipico a SMS Transactions / Insights Last 24h; totalprice pode diferir do cartao Total Spend),2026-07-27T10:08:43Z
Rehableaf,programmablevoiceconn-sip-outbound,0,0,0.000000,StartDate=2026-07-26 EndDate=2026-07-27 UTC (cover_days; soma dias GMT tocados pela janela ~24h — alinhamento tipico a SMS Transactions / Insights Last 24h; totalprice pode diferir do cartao Total Spend),2026-07-27T10:08:43Z
Rehableaf,programmablevoiceconnectivity,0,0,0.000000,StartDate=2026-07-26 EndDate=2026-07-27 UTC (cover_days; soma dias GMT tocados pela janela ~24h — alinhamento tipico a SMS Transactions / Insights Last 24h; totalprice pode diferir do cartao Total Spend),2026-07-27T10:08:43Z
Rehableaf,programmablevoiceconnectivity-byoc,0,0,0.000000,StartDate=2026-07-26 EndDate=2026-07-27 UTC (cover_days; soma dias GMT tocados pela janela ~24h — alinhamento tipico a SMS Transactions / Insights Last 24h; totalprice pode diferir do cartao Total Spend),2026-07-27T10:08:43Z
Rehableaf,proxy,0,0,0.000000,StartDate=2026-07-26 EndDate=2026-07-27 UTC (cover_days; soma dias GMT tocados pela janela ~24h — alinhamento tipico a SMS Transactions / Insights Last 24h; totalprice pode diferir do cartao Total Spend),2026-07-27T10:08:43Z
Rehableaf,proxy-active-sessions,0,0,0.000000,StartDate=2026-07-26 EndDate=2026-07-27 UTC (cover_days; soma dias GMT tocados pela janela ~24h — alinhamento tipico a SMS Transactions / Insights Last 24h; totalprice pode diferir do cartao Total Spend),2026-07-27T10:08:43Z
Rehableaf,proxy-bucket-adjustment,0,0,0.000000,StartDate=2026-07-26 EndDate=2026-07-27 UTC (cover_days; soma dias GMT tocados pela janela ~24h — alinhamento tipico a SMS Transactions / Insights Last 24h; totalprice pode diferir do cartao Total Spend),2026-07-27T10:08:43Z
Rehableaf,proxy-licenses,0,0,0.000000,StartDate=2026-07-26 EndDate=2026-07-27 UTC (cover_days; soma dias GMT tocados pela janela ~24h — alinhamento tipico a SMS Transactions / Insights Last 24h; totalprice pode diferir do cartao Total Spend),2026-07-27T10:08:43Z
Rehableaf,pstnconnectivity,0,0,0.000000,StartDate=2026-07-26 EndDate=2026-07-27 UTC (cover_days; soma dias GMT tocados pela janela ~24h — alinhamento tipico a SMS Transactions / Insights Last 24h; totalprice pode diferir do cartao Total Spend),2026-07-27T10:08:43Z
Rehableaf,pstnconnectivity-inbound,0,0,0.000000,StartDate=2026-07-26 EndDate=2026-07-27 UTC (cover_days; soma dias GMT tocados pela janela ~24h — alinhamento tipico a SMS Transactions / Insights Last 24h; totalprice pode diferir do cartao Total Spend),2026-07-27T10:08:43Z
Rehableaf,pstnconnectivity-outbound,0,0,0.000000,StartDate=2026-07-26 EndDate=2026-07-27 UTC (cover_days; soma dias GMT tocados pela janela ~24h — alinhamento tipico a SMS Transactions / Insights Last 24h; totalprice pode diferir do cartao Total Spend),2026-07-27T10:08:43Z
Rehableaf,pv,0,0,0.000000,StartDate=2026-07-26 EndDate=2026-07-27 UTC (cover_days; soma dias GMT tocados pela janela ~24h — alinhamento tipico a SMS Transactions / Insights Last 24h; totalprice pode diferir do cartao Total Spend),2026-07-27T10:08:43Z
Rehableaf,pv-basic-rooms,0,0,0.000000,StartDate=2026-07-26 EndDate=2026-07-27 UTC (cover_days; soma dias GMT tocados pela janela ~24h — alinhamento tipico a SMS Transactions / Insights Last 24h; totalprice pode diferir do cartao Total Spend),2026-07-27T10:08:43Z
Rehableaf,pv-composition-media-downloaded,0,0,0.000000,StartDate=2026-07-26 EndDate=2026-07-27 UTC (cover_days; soma dias GMT tocados pela janela ~24h — alinhamento tipico a SMS Transactions / Insights Last 24h; totalprice pode diferir do cartao Total Spend),2026-07-27T10:08:43Z
Rehableaf,pv-composition-media-encrypted,0,0,0.000000,StartDate=2026-07-26 EndDate=2026-07-27 UTC (cover_days; soma dias GMT tocados pela janela ~24h — alinhamento tipico a SMS Transactions / Insights Last 24h; totalprice pode diferir do cartao Total Spend),2026-07-27T10:08:43Z
Rehableaf,pv-composition-media-stored,0,0,0.000000,StartDate=2026-07-26 EndDate=2026-07-27 UTC (cover_days; soma dias GMT tocados pela janela ~24h — alinhamento tipico a SMS Transactions / Insights Last 24h; totalprice pode diferir do cartao Total Spend),2026-07-27T10:08:43Z
Rehableaf,pv-composition-minutes,0,0,0.000000,StartDate=2026-07-26 EndDate=2026-07-27 UTC (cover_days; soma dias GMT tocados pela janela ~24h — alinhamento tipico a SMS Transactions / Insights Last 24h; totalprice pode diferir do cartao Total Spend),2026-07-27T10:08:43Z
Rehableaf,pv-recording-compositions,0,0,0.000000,StartDate=2026-07-26 EndDate=2026-07-27 UTC (cover_days; soma dias GMT tocados pela janela ~24h — alinhamento tipico a SMS Transactions / Insights Last 24h; totalprice pode diferir do cartao Total Spend),2026-07-27T10:08:43Z
Rehableaf,pv-room-participants,0,0,0.000000,StartDate=2026-07-26 EndDate=2026-07-27 UTC (cover_days; soma dias GMT tocados pela janela ~24h — alinhamento tipico a SMS Transactions / Insights Last 24h; totalprice pode diferir do cartao Total Spend),2026-07-27T10:08:43Z
Rehableaf,pv-room-participants-au1,0,0,0.000000,StartDate=2026-07-26 EndDate=2026-07-27 UTC (cover_days; soma dias GMT tocados pela janela ~24h — alinhamento tipico a SMS Transactions / Insights Last 24h; totalprice pode diferir do cartao Total Spend),2026-07-27T10:08:43Z
Rehableaf,pv-room-participants-br1,0,0,0.000000,StartDate=2026-07-26 EndDate=2026-07-27 UTC (cover_days; soma dias GMT tocados pela janela ~24h — alinhamento tipico a SMS Transactions / Insights Last 24h; totalprice pode diferir do cartao Total Spend),2026-07-27T10:08:43Z
Rehableaf,pv-room-participants-ie1,0,0,0.000000,StartDate=2026-07-26 EndDate=2026-07-27 UTC (cover_days; soma dias GMT tocados pela janela ~24h — alinhamento tipico a SMS Transactions / Insights Last 24h; totalprice pode diferir do cartao Total Spend),2026-07-27T10:08:43Z
Rehableaf,pv-room-participants-jp1,0,0,0.000000,StartDate=2026-07-26 EndDate=2026-07-27 UTC (cover_days; soma dias GMT tocados pela janela ~24h — alinhamento tipico a SMS Transactions / Insights Last 24h; totalprice pode diferir do cartao Total Spend),2026-07-27T10:08:43Z
Rehableaf,pv-room-participants-sg1,0,0,0.000000,StartDate=2026-07-26 EndDate=2026-07-27 UTC (cover_days; soma dias GMT tocados pela janela ~24h — alinhamento tipico a SMS Transactions / Insights Last 24h; totalprice pode diferir do cartao Total Spend),2026-07-27T10:08:43Z
Rehableaf,pv-room-participants-us1,0,0,0.000000,StartDate=2026-07-26 EndDate=2026-07-27 UTC (cover_days; soma dias GMT tocados pela janela ~24h — alinhamento tipico a SMS Transactions / Insights Last 24h; totalprice pode diferir do cartao Total Spend),2026-07-27T10:08:43Z
Rehableaf,pv-room-participants-us2,0,0,0.000000,StartDate=2026-07-26 EndDate=2026-07-27 UTC (cover_days; soma dias GMT tocados pela janela ~24h — alinhamento tipico a SMS Transactions / Insights Last 24h; totalprice pode diferir do cartao Total Spend),2026-07-27T10:08:43Z
Rehableaf,pv-rooms,0,0,0.000000,StartDate=2026-07-26 EndDate=2026-07-27 UTC (cover_days; soma dias GMT tocados pela janela ~24h — alinhamento tipico a SMS Transactions / Insights Last 24h; totalprice pode diferir do cartao Total Spend),2026-07-27T10:08:43Z
Rehableaf,pv-sip-endpoint-registrations,0,0,0.000000,StartDate=2026-07-26 EndDate=2026-07-27 UTC (cover_days; soma dias GMT tocados pela janela ~24h — alinhamento tipico a SMS Transactions / Insights Last 24h; totalprice pode diferir do cartao Total Spend),2026-07-27T10:08:43Z
Rehableaf,rcs-messages,0,0,0.000000,StartDate=2026-07-26 EndDate=2026-07-27 UTC (cover_days; soma dias GMT tocados pela janela ~24h — alinhamento tipico a SMS Transactions / Insights Last 24h; totalprice pode diferir do cartao Total Spend),2026-07-27T10:08:43Z
Rehableaf,reassigned-number,0,0,0.000000,StartDate=2026-07-26 EndDate=2026-07-27 UTC (cover_days; soma dias GMT tocados pela janela ~24h — alinhamento tipico a SMS Transactions / Insights Last 24h; totalprice pode diferir do cartao Total Spend),2026-07-27T10:08:43Z
Rehableaf,recordings,0,0,0.000000,StartDate=2026-07-26 EndDate=2026-07-27 UTC (cover_days; soma dias GMT tocados pela janela ~24h — alinhamento tipico a SMS Transactions / Insights Last 24h; totalprice pode diferir do cartao Total Spend),2026-07-27T10:08:43Z
Rehableaf,recordingstorage,0,0,0.000000,StartDate=2026-07-26 EndDate=2026-07-27 UTC (cover_days; soma dias GMT tocados pela janela ~24h — alinhamento tipico a SMS Transactions / Insights Last 24h; totalprice pode diferir do cartao Total Spend),2026-07-27T10:08:43Z
Rehableaf,shortcodes,0,0,0.000000,StartDate=2026-07-26 EndDate=2026-07-27 UTC (cover_days; soma dias GMT tocados pela janela ~24h — alinhamento tipico a SMS Transactions / Insights Last 24h; totalprice pode diferir do cartao Total Spend),2026-07-27T10:08:43Z
Rehableaf,shortcodes-customerowned,0,0,0.000000,StartDate=2026-07-26 EndDate=2026-07-27 UTC (cover_days; soma dias GMT tocados pela janela ~24h — alinhamento tipico a SMS Transactions / Insights Last 24h; totalprice pode diferir do cartao Total Spend),2026-07-27T10:08:43Z
Rehableaf,shortcodes-mms-enablement,0,0,0.000000,StartDate=2026-07-26 EndDate=2026-07-27 UTC (cover_days; soma dias GMT tocados pela janela ~24h — alinhamento tipico a SMS Transactions / Insights Last 24h; totalprice pode diferir do cartao Total Spend),2026-07-27T10:08:43Z
Rehableaf,shortcodes-mps,0,0,0.000000,StartDate=2026-07-26 EndDate=2026-07-27 UTC (cover_days; soma dias GMT tocados pela janela ~24h — alinhamento tipico a SMS Transactions / Insights Last 24h; totalprice pode diferir do cartao Total Spend),2026-07-27T10:08:43Z
Rehableaf,shortcodes-random,0,0,0.000000,StartDate=2026-07-26 EndDate=2026-07-27 UTC (cover_days; soma dias GMT tocados pela janela ~24h — alinhamento tipico a SMS Transactions / Insights Last 24h; totalprice pode diferir do cartao Total Spend),2026-07-27T10:08:43Z
Rehableaf,shortcodes-setup-fees,0,0,0.000000,StartDate=2026-07-26 EndDate=2026-07-27 UTC (cover_days; soma dias GMT tocados pela janela ~24h — alinhamento tipico a SMS Transactions / Insights Last 24h; totalprice pode diferir do cartao Total Spend),2026-07-27T10:08:43Z
Rehableaf,shortcodes-uk,0,0,0.000000,StartDate=2026-07-26 EndDate=2026-07-27 UTC (cover_days; soma dias GMT tocados pela janela ~24h — alinhamento tipico a SMS Transactions / Insights Last 24h; totalprice pode diferir do cartao Total Spend),2026-07-27T10:08:43Z
Rehableaf,shortcodes-vanity,0,0,0.000000,StartDate=2026-07-26 EndDate=2026-07-27 UTC (cover_days; soma dias GMT tocados pela janela ~24h — alinhamento tipico a SMS Transactions / Insights Last 24h; totalprice pode diferir do cartao Total Spend),2026-07-27T10:08:43Z
Rehableaf,sim-swap-lookups,0,0,0.000000,StartDate=2026-07-26 EndDate=2026-07-27 UTC (cover_days; soma dias GMT tocados pela janela ~24h — alinhamento tipico a SMS Transactions / Insights Last 24h; totalprice pode diferir do cartao Total Spend),2026-07-27T10:08:43Z
Rehableaf,sip-secure-media,0,0,0.000000,StartDate=2026-07-26 EndDate=2026-07-27 UTC (cover_days; soma dias GMT tocados pela janela ~24h — alinhamento tipico a SMS Transactions / Insights Last 24h; totalprice pode diferir do cartao Total Spend),2026-07-27T10:08:43Z
Rehableaf,small-group-rooms,0,0,0.000000,StartDate=2026-07-26 EndDate=2026-07-27 UTC (cover_days; soma dias GMT tocados pela janela ~24h — alinhamento tipico a SMS Transactions / Insights Last 24h; totalprice pode diferir do cartao Total Spend),2026-07-27T10:08:43Z
Rehableaf,small-group-rooms-data-track,0,0,0.000000,StartDate=2026-07-26 EndDate=2026-07-27 UTC (cover_days; soma dias GMT tocados pela janela ~24h — alinhamento tipico a SMS Transactions / Insights Last 24h; totalprice pode diferir do cartao Total Spend),2026-07-27T10:08:43Z
Rehableaf,small-group-rooms-participant-minutes,0,0,0.000000,StartDate=2026-07-26 EndDate=2026-07-27 UTC (cover_days; soma dias GMT tocados pela janela ~24h — alinhamento tipico a SMS Transactions / Insights Last 24h; totalprice pode diferir do cartao Total Spend),2026-07-27T10:08:43Z
Rehableaf,sms-inbound-longcode,0,0,0.000000,StartDate=2026-07-26 EndDate=2026-07-27 UTC (cover_days; soma dias GMT tocados pela janela ~24h — alinhamento tipico a SMS Transactions / Insights Last 24h; totalprice pode diferir do cartao Total Spend),2026-07-27T10:08:43Z
Rehableaf,sms-inbound-shortcode,0,0,0.000000,StartDate=2026-07-26 EndDate=2026-07-27 UTC (cover_days; soma dias GMT tocados pela janela ~24h — alinhamento tipico a SMS Transactions / Insights Last 24h; totalprice pode diferir do cartao Total Spend),2026-07-27T10:08:43Z
Rehableaf,sms-messages-features,0,0,0.000000,StartDate=2026-07-26 EndDate=2026-07-27 UTC (cover_days; soma dias GMT tocados pela janela ~24h — alinhamento tipico a SMS Transactions / Insights Last 24h; totalprice pode diferir do cartao Total Spend),2026-07-27T10:08:43Z
Rehableaf,sms-messages-features-engagement-suite,0,0,0.000000,StartDate=2026-07-26 EndDate=2026-07-27 UTC (cover_days; soma dias GMT tocados pela janela ~24h — alinhamento tipico a SMS Transactions / Insights Last 24h; totalprice pode diferir do cartao Total Spend),2026-07-27T10:08:43Z
Rehableaf,sms-messages-features-message-redaction,0,0,0.000000,StartDate=2026-07-26 EndDate=2026-07-27 UTC (cover_days; soma dias GMT tocados pela janela ~24h — alinhamento tipico a SMS Transactions / Insights Last 24h; totalprice pode diferir do cartao Total Spend),2026-07-27T10:08:43Z
Rehableaf,sms-messages-features-senderid,0,0,0.000000,StartDate=2026-07-26 EndDate=2026-07-27 UTC (cover_days; soma dias GMT tocados pela janela ~24h — alinhamento tipico a SMS Transactions / Insights Last 24h; totalprice pode diferir do cartao Total Spend),2026-07-27T10:08:43Z
Rehableaf,sms-mps,0,0,0.000000,StartDate=2026-07-26 EndDate=2026-07-27 UTC (cover_days; soma dias GMT tocados pela janela ~24h — alinhamento tipico a SMS Transactions / Insights Last 24h; totalprice pode diferir do cartao Total Spend),2026-07-27T10:08:43Z
Rehableaf,sms-mps-shortcode,0,0,0.000000,StartDate=2026-07-26 EndDate=2026-07-27 UTC (cover_days; soma dias GMT tocados pela janela ~24h — alinhamento tipico a SMS Transactions / Insights Last 24h; totalprice pode diferir do cartao Total Spend),2026-07-27T10:08:43Z
Rehableaf,sms-mps-tollfree,0,0,0.000000,StartDate=2026-07-26 EndDate=2026-07-27 UTC (cover_days; soma dias GMT tocados pela janela ~24h — alinhamento tipico a SMS Transactions / Insights Last 24h; totalprice pode diferir do cartao Total Spend),2026-07-27T10:08:43Z
Rehableaf,sms-mps-tollfree-setup,0,0,0.000000,StartDate=2026-07-26 EndDate=2026-07-27 UTC (cover_days; soma dias GMT tocados pela janela ~24h — alinhamento tipico a SMS Transactions / Insights Last 24h; totalprice pode diferir do cartao Total Spend),2026-07-27T10:08:43Z
Rehableaf,sms-national-regulatory-protection,0,0,0.000000,StartDate=2026-07-26 EndDate=2026-07-27 UTC (cover_days; soma dias GMT tocados pela janela ~24h — alinhamento tipico a SMS Transactions / Insights Last 24h; totalprice pode diferir do cartao Total Spend),2026-07-27T10:08:43Z
Rehableaf,sms-outbound-content-inspection,0,0,0.000000,StartDate=2026-07-26 EndDate=2026-07-27 UTC (cover_days; soma dias GMT tocados pela janela ~24h — alinhamento tipico a SMS Transactions / Insights Last 24h; totalprice pode diferir do cartao Total Spend),2026-07-27T10:08:43Z
Rehableaf,sms-outbound-shortcode,0,0,0.000000,StartDate=2026-07-26 EndDate=2026-07-27 UTC (cover_days; soma dias GMT tocados pela janela ~24h — alinhamento tipico a SMS Transactions / Insights Last 24h; totalprice pode diferir do cartao Total Spend),2026-07-27T10:08:43Z
Rehableaf,sms-pumping-protection,0,0,0.000000,StartDate=2026-07-26 EndDate=2026-07-27 UTC (cover_days; soma dias GMT tocados pela janela ~24h — alinhamento tipico a SMS Transactions / Insights Last 24h; totalprice pode diferir do cartao Total Spend),2026-07-27T10:08:43Z
Rehableaf,sms-pumping-risk,0,0,0.000000,StartDate=2026-07-26 EndDate=2026-07-27 UTC (cover_days; soma dias GMT tocados pela janela ~24h — alinhamento tipico a SMS Transactions / Insights Last 24h; totalprice pode diferir do cartao Total Spend),2026-07-27T10:08:43Z
Rehableaf,smsmessages-bucket-adjustments,0,0,0.000000,StartDate=2026-07-26 EndDate=2026-07-27 UTC (cover_days; soma dias GMT tocados pela janela ~24h — alinhamento tipico a SMS Transactions / Insights Last 24h; totalprice pode diferir do cartao Total Spend),2026-07-27T10:08:43Z
Rehableaf,smsmessages-outbound-domestic,0,0,0.000000,StartDate=2026-07-26 EndDate=2026-07-27 UTC (cover_days; soma dias GMT tocados pela janela ~24h — alinhamento tipico a SMS Transactions / Insights Last 24h; totalprice pode diferir do cartao Total Spend),2026-07-27T10:08:43Z
Rehableaf,speech-recognition,0,0,0.000000,StartDate=2026-07-26 EndDate=2026-07-27 UTC (cover_days; soma dias GMT tocados pela janela ~24h — alinhamento tipico a SMS Transactions / Insights Last 24h; totalprice pode diferir do cartao Total Spend),2026-07-27T10:08:43Z
Rehableaf,studio-engagements,0,0,0.000000,StartDate=2026-07-26 EndDate=2026-07-27 UTC (cover_days; soma dias GMT tocados pela janela ~24h — alinhamento tipico a SMS Transactions / Insights Last 24h; totalprice pode diferir do cartao Total Spend),2026-07-27T10:08:43Z
Rehableaf,sync,0,0,0.000000,StartDate=2026-07-26 EndDate=2026-07-27 UTC (cover_days; soma dias GMT tocados pela janela ~24h — alinhamento tipico a SMS Transactions / Insights Last 24h; totalprice pode diferir do cartao Total Spend),2026-07-27T10:08:43Z
Rehableaf,sync-actions,0,0,0.000000,StartDate=2026-07-26 EndDate=2026-07-27 UTC (cover_days; soma dias GMT tocados pela janela ~24h — alinhamento tipico a SMS Transactions / Insights Last 24h; totalprice pode diferir do cartao Total Spend),2026-07-27T10:08:43Z
Rehableaf,sync-endpoint-hours,0,0,0.000000,StartDate=2026-07-26 EndDate=2026-07-27 UTC (cover_days; soma dias GMT tocados pela janela ~24h — alinhamento tipico a SMS Transactions / Insights Last 24h; totalprice pode diferir do cartao Total Spend),2026-07-27T10:08:43Z
Rehableaf,sync-endpoint-hours-above-daily-cap,0,0,0.000000,StartDate=2026-07-26 EndDate=2026-07-27 UTC (cover_days; soma dias GMT tocados pela janela ~24h — alinhamento tipico a SMS Transactions / Insights Last 24h; totalprice pode diferir do cartao Total Spend),2026-07-27T10:08:43Z
Rehableaf,taskrouter-tasks,0,0,0.000000,StartDate=2026-07-26 EndDate=2026-07-27 UTC (cover_days; soma dias GMT tocados pela janela ~24h — alinhamento tipico a SMS Transactions / Insights Last 24h; totalprice pode diferir do cartao Total Spend),2026-07-27T10:08:43Z
Rehableaf,transcriptions,0,0,0.000000,StartDate=2026-07-26 EndDate=2026-07-27 UTC (cover_days; soma dias GMT tocados pela janela ~24h — alinhamento tipico a SMS Transactions / Insights Last 24h; totalprice pode diferir do cartao Total Spend),2026-07-27T10:08:43Z
Rehableaf,trunking-cps,0,0,0.000000,StartDate=2026-07-26 EndDate=2026-07-27 UTC (cover_days; soma dias GMT tocados pela janela ~24h — alinhamento tipico a SMS Transactions / Insights Last 24h; totalprice pode diferir do cartao Total Spend),2026-07-27T10:08:43Z
Rehableaf,trunking-emergency-calls,0,0,0.000000,StartDate=2026-07-26 EndDate=2026-07-27 UTC (cover_days; soma dias GMT tocados pela janela ~24h — alinhamento tipico a SMS Transactions / Insights Last 24h; totalprice pode diferir do cartao Total Spend),2026-07-27T10:08:43Z
Rehableaf,trunking-origination,0,0,0.000000,StartDate=2026-07-26 EndDate=2026-07-27 UTC (cover_days; soma dias GMT tocados pela janela ~24h — alinhamento tipico a SMS Transactions / Insights Last 24h; totalprice pode diferir do cartao Total Spend),2026-07-27T10:08:43Z
Rehableaf,trunking-origination-local,0,0,0.000000,StartDate=2026-07-26 EndDate=2026-07-27 UTC (cover_days; soma dias GMT tocados pela janela ~24h — alinhamento tipico a SMS Transactions / Insights Last 24h; totalprice pode diferir do cartao Total Spend),2026-07-27T10:08:43Z
Rehableaf,trunking-origination-mobile,0,0,0.000000,StartDate=2026-07-26 EndDate=2026-07-27 UTC (cover_days; soma dias GMT tocados pela janela ~24h — alinhamento tipico a SMS Transactions / Insights Last 24h; totalprice pode diferir do cartao Total Spend),2026-07-27T10:08:43Z
Rehableaf,trunking-origination-tollfree,0,0,0.000000,StartDate=2026-07-26 EndDate=2026-07-27 UTC (cover_days; soma dias GMT tocados pela janela ~24h — alinhamento tipico a SMS Transactions / Insights Last 24h; totalprice pode diferir do cartao Total Spend),2026-07-27T10:08:43Z
Rehableaf,trunking-recordings,0,0,0.000000,StartDate=2026-07-26 EndDate=2026-07-27 UTC (cover_days; soma dias GMT tocados pela janela ~24h — alinhamento tipico a SMS Transactions / Insights Last 24h; totalprice pode diferir do cartao Total Spend),2026-07-27T10:08:43Z
Rehableaf,trunking-secure,0,0,0.000000,StartDate=2026-07-26 EndDate=2026-07-27 UTC (cover_days; soma dias GMT tocados pela janela ~24h — alinhamento tipico a SMS Transactions / Insights Last 24h; totalprice pode diferir do cartao Total Spend),2026-07-27T10:08:43Z
Rehableaf,trunking-termination,0,0,0.000000,StartDate=2026-07-26 EndDate=2026-07-27 UTC (cover_days; soma dias GMT tocados pela janela ~24h — alinhamento tipico a SMS Transactions / Insights Last 24h; totalprice pode diferir do cartao Total Spend),2026-07-27T10:08:43Z
Rehableaf,tts-google,0,0,0.000000,StartDate=2026-07-26 EndDate=2026-07-27 UTC (cover_days; soma dias GMT tocados pela janela ~24h — alinhamento tipico a SMS Transactions / Insights Last 24h; totalprice pode diferir do cartao Total Spend),2026-07-27T10:08:43Z
Rehableaf,turnmegabytes,0,0,0.000000,StartDate=2026-07-26 EndDate=2026-07-27 UTC (cover_days; soma dias GMT tocados pela janela ~24h — alinhamento tipico a SMS Transactions / Insights Last 24h; totalprice pode diferir do cartao Total Spend),2026-07-27T10:08:43Z
Rehableaf,turnmegabytes-australia,0,0,0.000000,StartDate=2026-07-26 EndDate=2026-07-27 UTC (cover_days; soma dias GMT tocados pela janela ~24h — alinhamento tipico a SMS Transactions / Insights Last 24h; totalprice pode diferir do cartao Total Spend),2026-07-27T10:08:43Z
Rehableaf,turnmegabytes-brasil,0,0,0.000000,StartDate=2026-07-26 EndDate=2026-07-27 UTC (cover_days; soma dias GMT tocados pela janela ~24h — alinhamento tipico a SMS Transactions / Insights Last 24h; totalprice pode diferir do cartao Total Spend),2026-07-27T10:08:43Z
Rehableaf,turnmegabytes-germany,0,0,0.000000,StartDate=2026-07-26 EndDate=2026-07-27 UTC (cover_days; soma dias GMT tocados pela janela ~24h — alinhamento tipico a SMS Transactions / Insights Last 24h; totalprice pode diferir do cartao Total Spend),2026-07-27T10:08:43Z
Rehableaf,turnmegabytes-india,0,0,0.000000,StartDate=2026-07-26 EndDate=2026-07-27 UTC (cover_days; soma dias GMT tocados pela janela ~24h — alinhamento tipico a SMS Transactions / Insights Last 24h; totalprice pode diferir do cartao Total Spend),2026-07-27T10:08:43Z
Rehableaf,turnmegabytes-ireland,0,0,0.000000,StartDate=2026-07-26 EndDate=2026-07-27 UTC (cover_days; soma dias GMT tocados pela janela ~24h — alinhamento tipico a SMS Transactions / Insights Last 24h; totalprice pode diferir do cartao Total Spend),2026-07-27T10:08:43Z
Rehableaf,turnmegabytes-japan,0,0,0.000000,StartDate=2026-07-26 EndDate=2026-07-27 UTC (cover_days; soma dias GMT tocados pela janela ~24h — alinhamento tipico a SMS Transactions / Insights Last 24h; totalprice pode diferir do cartao Total Spend),2026-07-27T10:08:43Z
Rehableaf,turnmegabytes-singapore,0,0,0.000000,StartDate=2026-07-26 EndDate=2026-07-27 UTC (cover_days; soma dias GMT tocados pela janela ~24h — alinhamento tipico a SMS Transactions / Insights Last 24h; totalprice pode diferir do cartao Total Spend),2026-07-27T10:08:43Z
Rehableaf,turnmegabytes-useast,0,0,0.000000,StartDate=2026-07-26 EndDate=2026-07-27 UTC (cover_days; soma dias GMT tocados pela janela ~24h — alinhamento tipico a SMS Transactions / Insights Last 24h; totalprice pode diferir do cartao Total Spend),2026-07-27T10:08:43Z
Rehableaf,turnmegabytes-uswest,0,0,0.000000,StartDate=2026-07-26 EndDate=2026-07-27 UTC (cover_days; soma dias GMT tocados pela janela ~24h — alinhamento tipico a SMS Transactions / Insights Last 24h; totalprice pode diferir do cartao Total Spend),2026-07-27T10:08:43Z
Rehableaf,twilio-authored-language-operators-input-output,0,0,0.000000,StartDate=2026-07-26 EndDate=2026-07-27 UTC (cover_days; soma dias GMT tocados pela janela ~24h — alinhamento tipico a SMS Transactions / Insights Last 24h; totalprice pode diferir do cartao Total Spend),2026-07-27T10:08:43Z
Rehableaf,twilio-for-salesforce,0,0,0.000000,StartDate=2026-07-26 EndDate=2026-07-27 UTC (cover_days; soma dias GMT tocados pela janela ~24h — alinhamento tipico a SMS Transactions / Insights Last 24h; totalprice pode diferir do cartao Total Spend),2026-07-27T10:08:43Z
Rehableaf,twilio-for-salesforce-licenses,0,0,0.000000,StartDate=2026-07-26 EndDate=2026-07-27 UTC (cover_days; soma dias GMT tocados pela janela ~24h — alinhamento tipico a SMS Transactions / Insights Last 24h; totalprice pode diferir do cartao Total Spend),2026-07-27T10:08:43Z
Rehableaf,twilio-interconnect,0,0,0.000000,StartDate=2026-07-26 EndDate=2026-07-27 UTC (cover_days; soma dias GMT tocados pela janela ~24h — alinhamento tipico a SMS Transactions / Insights Last 24h; totalprice pode diferir do cartao Total Spend),2026-07-27T10:08:43Z
Rehableaf,twiml,0,0,0.000000,StartDate=2026-07-26 EndDate=2026-07-27 UTC (cover_days; soma dias GMT tocados pela janela ~24h — alinhamento tipico a SMS Transactions / Insights Last 24h; totalprice pode diferir do cartao Total Spend),2026-07-27T10:08:43Z
Rehableaf,usage-flex-video,0,0,0.000000,StartDate=2026-07-26 EndDate=2026-07-27 UTC (cover_days; soma dias GMT tocados pela janela ~24h — alinhamento tipico a SMS Transactions / Insights Last 24h; totalprice pode diferir do cartao Total Spend),2026-07-27T10:08:43Z
Rehableaf,usage-functions,0,0,0.000000,StartDate=2026-07-26 EndDate=2026-07-27 UTC (cover_days; soma dias GMT tocados pela janela ~24h — alinhamento tipico a SMS Transactions / Insights Last 24h; totalprice pode diferir do cartao Total Spend),2026-07-27T10:08:43Z
Rehableaf,usage-rcs-basic-messages-outbound,0,0,0.000000,StartDate=2026-07-26 EndDate=2026-07-27 UTC (cover_days; soma dias GMT tocados pela janela ~24h — alinhamento tipico a SMS Transactions / Insights Last 24h; totalprice pode diferir do cartao Total Spend),2026-07-27T10:08:43Z
Rehableaf,usage-rcs-messages,0,0,0.000000,StartDate=2026-07-26 EndDate=2026-07-27 UTC (cover_days; soma dias GMT tocados pela janela ~24h — alinhamento tipico a SMS Transactions / Insights Last 24h; totalprice pode diferir do cartao Total Spend),2026-07-27T10:08:43Z
Rehableaf,usage-rcs-messages-inbound,0,0,0.000000,StartDate=2026-07-26 EndDate=2026-07-27 UTC (cover_days; soma dias GMT tocados pela janela ~24h — alinhamento tipico a SMS Transactions / Insights Last 24h; totalprice pode diferir do cartao Total Spend),2026-07-27T10:08:43Z
Rehableaf,usage-rcs-messaging-carrier-fees,0,0,0.000000,StartDate=2026-07-26 EndDate=2026-07-27 UTC (cover_days; soma dias GMT tocados pela janela ~24h — alinhamento tipico a SMS Transactions / Insights Last 24h; totalprice pode diferir do cartao Total Spend),2026-07-27T10:08:43Z
Rehableaf,usage-rcs-rich-media-messages-inbound,0,0,0.000000,StartDate=2026-07-26 EndDate=2026-07-27 UTC (cover_days; soma dias GMT tocados pela janela ~24h — alinhamento tipico a SMS Transactions / Insights Last 24h; totalprice pode diferir do cartao Total Spend),2026-07-27T10:08:43Z
Rehableaf,usage-rcs-rich-media-messages-outbound,0,0,0.000000,StartDate=2026-07-26 EndDate=2026-07-27 UTC (cover_days; soma dias GMT tocados pela janela ~24h — alinhamento tipico a SMS Transactions / Insights Last 24h; totalprice pode diferir do cartao Total Spend),2026-07-27T10:08:43Z
Rehableaf,usage-rcs-rich-messages-inbound,0,0,0.000000,StartDate=2026-07-26 EndDate=2026-07-27 UTC (cover_days; soma dias GMT tocados pela janela ~24h — alinhamento tipico a SMS Transactions / Insights Last 24h; totalprice pode diferir do cartao Total Spend),2026-07-27T10:08:43Z
Rehableaf,usage-rcs-rich-messages-outbound,0,0,0.000000,StartDate=2026-07-26 EndDate=2026-07-27 UTC (cover_days; soma dias GMT tocados pela janela ~24h — alinhamento tipico a SMS Transactions / Insights Last 24h; totalprice pode diferir do cartao Total Spend),2026-07-27T10:08:43Z
Rehableaf,usage-rcs-single-messages-outbound,0,0,0.000000,StartDate=2026-07-26 EndDate=2026-07-27 UTC (cover_days; soma dias GMT tocados pela janela ~24h — alinhamento tipico a SMS Transactions / Insights Last 24h; totalprice pode diferir do cartao Total Spend),2026-07-27T10:08:43Z
Rehableaf,verify-package-plans,0,0,0.000000,StartDate=2026-07-26 EndDate=2026-07-27 UTC (cover_days; soma dias GMT tocados pela janela ~24h — alinhamento tipico a SMS Transactions / Insights Last 24h; totalprice pode diferir do cartao Total Spend),2026-07-27T10:08:43Z
Rehableaf,verify-push,0,0,0.000000,StartDate=2026-07-26 EndDate=2026-07-27 UTC (cover_days; soma dias GMT tocados pela janela ~24h — alinhamento tipico a SMS Transactions / Insights Last 24h; totalprice pode diferir do cartao Total Spend),2026-07-27T10:08:43Z
Rehableaf,verify-sna,0,0,0.000000,StartDate=2026-07-26 EndDate=2026-07-27 UTC (cover_days; soma dias GMT tocados pela janela ~24h — alinhamento tipico a SMS Transactions / Insights Last 24h; totalprice pode diferir do cartao Total Spend),2026-07-27T10:08:43Z
Rehableaf,verify-totp,0,0,0.000000,StartDate=2026-07-26 EndDate=2026-07-27 UTC (cover_days; soma dias GMT tocados pela janela ~24h — alinhamento tipico a SMS Transactions / Insights Last 24h; totalprice pode diferir do cartao Total Spend),2026-07-27T10:08:43Z
Rehableaf,verify-voice-sms,0,0,0.000000,StartDate=2026-07-26 EndDate=2026-07-27 UTC (cover_days; soma dias GMT tocados pela janela ~24h — alinhamento tipico a SMS Transactions / Insights Last 24h; totalprice pode diferir do cartao Total Spend),2026-07-27T10:08:43Z
Rehableaf,verify-whatsapp-conversations-business-initiated,0,0,0.000000,StartDate=2026-07-26 EndDate=2026-07-27 UTC (cover_days; soma dias GMT tocados pela janela ~24h — alinhamento tipico a SMS Transactions / Insights Last 24h; totalprice pode diferir do cartao Total Spend),2026-07-27T10:08:43Z
Rehableaf,verify-whatsapp-template-business-initiated,0,0,0.000000,StartDate=2026-07-26 EndDate=2026-07-27 UTC (cover_days; soma dias GMT tocados pela janela ~24h — alinhamento tipico a SMS Transactions / Insights Last 24h; totalprice pode diferir do cartao Total Spend),2026-07-27T10:08:43Z
Rehableaf,video-recordings,0,0,0.000000,StartDate=2026-07-26 EndDate=2026-07-27 UTC (cover_days; soma dias GMT tocados pela janela ~24h — alinhamento tipico a SMS Transactions / Insights Last 24h; totalprice pode diferir do cartao Total Spend),2026-07-27T10:08:43Z
Rehableaf,video-rooms-turn-megabytes,0,0,0.000000,StartDate=2026-07-26 EndDate=2026-07-27 UTC (cover_days; soma dias GMT tocados pela janela ~24h — alinhamento tipico a SMS Transactions / Insights Last 24h; totalprice pode diferir do cartao Total Spend),2026-07-27T10:08:43Z
Rehableaf,virtual-agent,0,0,0.000000,StartDate=2026-07-26 EndDate=2026-07-27 UTC (cover_days; soma dias GMT tocados pela janela ~24h — alinhamento tipico a SMS Transactions / Insights Last 24h; totalprice pode diferir do cartao Total Spend),2026-07-27T10:08:43Z
Rehableaf,voice,0,0,0.000000,StartDate=2026-07-26 EndDate=2026-07-27 UTC (cover_days; soma dias GMT tocados pela janela ~24h — alinhamento tipico a SMS Transactions / Insights Last 24h; totalprice pode diferir do cartao Total Spend),2026-07-27T10:08:43Z
Rehableaf,voice-connectivity,0,0,0.000000,StartDate=2026-07-26 EndDate=2026-07-27 UTC (cover_days; soma dias GMT tocados pela janela ~24h — alinhamento tipico a SMS Transactions / Insights Last 24h; totalprice pode diferir do cartao Total Spend),2026-07-27T10:08:43Z
Rehableaf,voice-connectivity-features,0,0,0.000000,StartDate=2026-07-26 EndDate=2026-07-27 UTC (cover_days; soma dias GMT tocados pela janela ~24h — alinhamento tipico a SMS Transactions / Insights Last 24h; totalprice pode diferir do cartao Total Spend),2026-07-27T10:08:43Z
Rehableaf,voice-insights,0,0,0.000000,StartDate=2026-07-26 EndDate=2026-07-27 UTC (cover_days; soma dias GMT tocados pela janela ~24h — alinhamento tipico a SMS Transactions / Insights Last 24h; totalprice pode diferir do cartao Total Spend),2026-07-27T10:08:43Z
Rehableaf,voice-insights-client-insights-on-demand-minute,0,0,0.000000,StartDate=2026-07-26 EndDate=2026-07-27 UTC (cover_days; soma dias GMT tocados pela janela ~24h — alinhamento tipico a SMS Transactions / Insights Last 24h; totalprice pode diferir do cartao Total Spend),2026-07-27T10:08:43Z
Rehableaf,voice-insights-ptsn-insights-on-demand-minute,0,0,0.000000,StartDate=2026-07-26 EndDate=2026-07-27 UTC (cover_days; soma dias GMT tocados pela janela ~24h — alinhamento tipico a SMS Transactions / Insights Last 24h; totalprice pode diferir do cartao Total Spend),2026-07-27T10:08:43Z
Rehableaf,voice-insights-sip-interface-insights-on-demand-minute,0,0,0.000000,StartDate=2026-07-26 EndDate=2026-07-27 UTC (cover_days; soma dias GMT tocados pela janela ~24h — alinhamento tipico a SMS Transactions / Insights Last 24h; totalprice pode diferir do cartao Total Spend),2026-07-27T10:08:43Z
Rehableaf,voice-insights-sip-trunking-insights-on-demand-minute,0,0,0.000000,StartDate=2026-07-26 EndDate=2026-07-27 UTC (cover_days; soma dias GMT tocados pela janela ~24h — alinhamento tipico a SMS Transactions / Insights Last 24h; totalprice pode diferir do cartao Total Spend),2026-07-27T10:08:43Z
Rehableaf,voice-intelligence,0,0,0.000000,StartDate=2026-07-26 EndDate=2026-07-27 UTC (cover_days; soma dias GMT tocados pela janela ~24h — alinhamento tipico a SMS Transactions / Insights Last 24h; totalprice pode diferir do cartao Total Spend),2026-07-27T10:08:43Z
Rehableaf,voice-intelligence-eip-operators,0,0,0.000000,StartDate=2026-07-26 EndDate=2026-07-27 UTC (cover_days; soma dias GMT tocados pela janela ~24h — alinhamento tipico a SMS Transactions / Insights Last 24h; totalprice pode diferir do cartao Total Spend),2026-07-27T10:08:43Z
Rehableaf,voice-intelligence-operators,0,0,0.000000,StartDate=2026-07-26 EndDate=2026-07-27 UTC (cover_days; soma dias GMT tocados pela janela ~24h — alinhamento tipico a SMS Transactions / Insights Last 24h; totalprice pode diferir do cartao Total Spend),2026-07-27T10:08:43Z
Rehableaf,voice-intelligence-transcription,0,0,0.000000,StartDate=2026-07-26 EndDate=2026-07-27 UTC (cover_days; soma dias GMT tocados pela janela ~24h — alinhamento tipico a SMS Transactions / Insights Last 24h; totalprice pode diferir do cartao Total Spend),2026-07-27T10:08:43Z
Rehableaf,voice-intelligence-video-transcription,0,0,0.000000,StartDate=2026-07-26 EndDate=2026-07-27 UTC (cover_days; soma dias GMT tocados pela janela ~24h — alinhamento tipico a SMS Transactions / Insights Last 24h; totalprice pode diferir do cartao Total Spend),2026-07-27T10:08:43Z
Rehableaf,wds,0,0,0.000000,StartDate=2026-07-26 EndDate=2026-07-27 UTC (cover_days; soma dias GMT tocados pela janela ~24h — alinhamento tipico a SMS Transactions / Insights Last 24h; totalprice pode diferir do cartao Total Spend),2026-07-27T10:08:43Z
Rehableaf,wireless,0,0,0.000000,StartDate=2026-07-26 EndDate=2026-07-27 UTC (cover_days; soma dias GMT tocados pela janela ~24h — alinhamento tipico a SMS Transactions / Insights Last 24h; totalprice pode diferir do cartao Total Spend),2026-07-27T10:08:43Z
Rehableaf,wireless-data,0,0,0.000000,StartDate=2026-07-26 EndDate=2026-07-27 UTC (cover_days; soma dias GMT tocados pela janela ~24h — alinhamento tipico a SMS Transactions / Insights Last 24h; totalprice pode diferir do cartao Total Spend),2026-07-27T10:08:43Z
Rehableaf,wireless-data-payg,0,0,0.000000,StartDate=2026-07-26 EndDate=2026-07-27 UTC (cover_days; soma dias GMT tocados pela janela ~24h — alinhamento tipico a SMS Transactions / Insights Last 24h; totalprice pode diferir do cartao Total Spend),2026-07-27T10:08:43Z
Rehableaf,wireless-data-payg-africa,0,0,0.000000,StartDate=2026-07-26 EndDate=2026-07-27 UTC (cover_days; soma dias GMT tocados pela janela ~24h — alinhamento tipico a SMS Transactions / Insights Last 24h; totalprice pode diferir do cartao Total Spend),2026-07-27T10:08:43Z
Rehableaf,wireless-data-payg-asia,0,0,0.000000,StartDate=2026-07-26 EndDate=2026-07-27 UTC (cover_days; soma dias GMT tocados pela janela ~24h — alinhamento tipico a SMS Transactions / Insights Last 24h; totalprice pode diferir do cartao Total Spend),2026-07-27T10:08:43Z
Rehableaf,wireless-data-payg-centralandsouthamerica,0,0,0.000000,StartDate=2026-07-26 EndDate=2026-07-27 UTC (cover_days; soma dias GMT tocados pela janela ~24h — alinhamento tipico a SMS Transactions / Insights Last 24h; totalprice pode diferir do cartao Total Spend),2026-07-27T10:08:43Z
Rehableaf,wireless-data-payg-europe,0,0,0.000000,StartDate=2026-07-26 EndDate=2026-07-27 UTC (cover_days; soma dias GMT tocados pela janela ~24h — alinhamento tipico a SMS Transactions / Insights Last 24h; totalprice pode diferir do cartao Total Spend),2026-07-27T10:08:43Z
Rehableaf,wireless-data-payg-northamerica,0,0,0.000000,StartDate=2026-07-26 EndDate=2026-07-27 UTC (cover_days; soma dias GMT tocados pela janela ~24h — alinhamento tipico a SMS Transactions / Insights Last 24h; totalprice pode diferir do cartao Total Spend),2026-07-27T10:08:43Z
Rehableaf,wireless-data-payg-oceania,0,0,0.000000,StartDate=2026-07-26 EndDate=2026-07-27 UTC (cover_days; soma dias GMT tocados pela janela ~24h — alinhamento tipico a SMS Transactions / Insights Last 24h; totalprice pode diferir do cartao Total Spend),2026-07-27T10:08:43Z
Rehableaf,wireless-data-quota1,0,0,0.000000,StartDate=2026-07-26 EndDate=2026-07-27 UTC (cover_days; soma dias GMT tocados pela janela ~24h — alinhamento tipico a SMS Transactions / Insights Last 24h; totalprice pode diferir do cartao Total Spend),2026-07-27T10:08:43Z
Rehableaf,wireless-data-quota1-africa,0,0,0.000000,StartDate=2026-07-26 EndDate=2026-07-27 UTC (cover_days; soma dias GMT tocados pela janela ~24h — alinhamento tipico a SMS Transactions / Insights Last 24h; totalprice pode diferir do cartao Total Spend),2026-07-27T10:08:43Z
Rehableaf,wireless-data-quota1-asia,0,0,0.000000,StartDate=2026-07-26 EndDate=2026-07-27 UTC (cover_days; soma dias GMT tocados pela janela ~24h — alinhamento tipico a SMS Transactions / Insights Last 24h; totalprice pode diferir do cartao Total Spend),2026-07-27T10:08:43Z
Rehableaf,wireless-data-quota1-centralandsouthamerica,0,0,0.000000,StartDate=2026-07-26 EndDate=2026-07-27 UTC (cover_days; soma dias GMT tocados pela janela ~24h — alinhamento tipico a SMS Transactions / Insights Last 24h; totalprice pode diferir do cartao Total Spend),2026-07-27T10:08:43Z
Rehableaf,wireless-data-quota1-europe,0,0,0.000000,StartDate=2026-07-26 EndDate=2026-07-27 UTC (cover_days; soma dias GMT tocados pela janela ~24h — alinhamento tipico a SMS Transactions / Insights Last 24h; totalprice pode diferir do cartao Total Spend),2026-07-27T10:08:43Z
Rehableaf,wireless-data-quota1-northamerica,0,0,0.000000,StartDate=2026-07-26 EndDate=2026-07-27 UTC (cover_days; soma dias GMT tocados pela janela ~24h — alinhamento tipico a SMS Transactions / Insights Last 24h; totalprice pode diferir do cartao Total Spend),2026-07-27T10:08:43Z
Rehableaf,wireless-data-quota1-oceania,0,0,0.000000,StartDate=2026-07-26 EndDate=2026-07-27 UTC (cover_days; soma dias GMT tocados pela janela ~24h — alinhamento tipico a SMS Transactions / Insights Last 24h; totalprice pode diferir do cartao Total Spend),2026-07-27T10:08:43Z
Rehableaf,wireless-data-quota10,0,0,0.000000,StartDate=2026-07-26 EndDate=2026-07-27 UTC (cover_days; soma dias GMT tocados pela janela ~24h — alinhamento tipico a SMS Transactions / Insights Last 24h; totalprice pode diferir do cartao Total Spend),2026-07-27T10:08:43Z
Rehableaf,wireless-data-quota10-africa,0,0,0.000000,StartDate=2026-07-26 EndDate=2026-07-27 UTC (cover_days; soma dias GMT tocados pela janela ~24h — alinhamento tipico a SMS Transactions / Insights Last 24h; totalprice pode diferir do cartao Total Spend),2026-07-27T10:08:43Z
Rehableaf,wireless-data-quota10-asia,0,0,0.000000,StartDate=2026-07-26 EndDate=2026-07-27 UTC (cover_days; soma dias GMT tocados pela janela ~24h — alinhamento tipico a SMS Transactions / Insights Last 24h; totalprice pode diferir do cartao Total Spend),2026-07-27T10:08:43Z
Rehableaf,wireless-data-quota10-centralandsouthamerica,0,0,0.000000,StartDate=2026-07-26 EndDate=2026-07-27 UTC (cover_days; soma dias GMT tocados pela janela ~24h — alinhamento tipico a SMS Transactions / Insights Last 24h; totalprice pode diferir do cartao Total Spend),2026-07-27T10:08:43Z
Rehableaf,wireless-data-quota10-europe,0,0,0.000000,StartDate=2026-07-26 EndDate=2026-07-27 UTC (cover_days; soma dias GMT tocados pela janela ~24h — alinhamento tipico a SMS Transactions / Insights Last 24h; totalprice pode diferir do cartao Total Spend),2026-07-27T10:08:43Z
Rehableaf,wireless-data-quota10-northamerica,0,0,0.000000,StartDate=2026-07-26 EndDate=2026-07-27 UTC (cover_days; soma dias GMT tocados pela janela ~24h — alinhamento tipico a SMS Transactions / Insights Last 24h; totalprice pode diferir do cartao Total Spend),2026-07-27T10:08:43Z
Rehableaf,wireless-data-quota10-oceania,0,0,0.000000,StartDate=2026-07-26 EndDate=2026-07-27 UTC (cover_days; soma dias GMT tocados pela janela ~24h — alinhamento tipico a SMS Transactions / Insights Last 24h; totalprice pode diferir do cartao Total Spend),2026-07-27T10:08:43Z
Rehableaf,wireless-data-quota50,0,0,0.000000,StartDate=2026-07-26 EndDate=2026-07-27 UTC (cover_days; soma dias GMT tocados pela janela ~24h — alinhamento tipico a SMS Transactions / Insights Last 24h; totalprice pode diferir do cartao Total Spend),2026-07-27T10:08:43Z
Rehableaf,wireless-data-quota50-africa,0,0,0.000000,StartDate=2026-07-26 EndDate=2026-07-27 UTC (cover_days; soma dias GMT tocados pela janela ~24h — alinhamento tipico a SMS Transactions / Insights Last 24h; totalprice pode diferir do cartao Total Spend),2026-07-27T10:08:43Z
Rehableaf,wireless-data-quota50-asia,0,0,0.000000,StartDate=2026-07-26 EndDate=2026-07-27 UTC (cover_days; soma dias GMT tocados pela janela ~24h — alinhamento tipico a SMS Transactions / Insights Last 24h; totalprice pode diferir do cartao Total Spend),2026-07-27T10:08:43Z
Rehableaf,wireless-data-quota50-centralandsouthamerica,0,0,0.000000,StartDate=2026-07-26 EndDate=2026-07-27 UTC (cover_days; soma dias GMT tocados pela janela ~24h — alinhamento tipico a SMS Transactions / Insights Last 24h; totalprice pode diferir do cartao Total Spend),2026-07-27T10:08:43Z
Rehableaf,wireless-data-quota50-europe,0,0,0.000000,StartDate=2026-07-26 EndDate=2026-07-27 UTC (cover_days; soma dias GMT tocados pela janela ~24h — alinhamento tipico a SMS Transactions / Insights Last 24h; totalprice pode diferir do cartao Total Spend),2026-07-27T10:08:43Z
Rehableaf,wireless-data-quota50-northamerica,0,0,0.000000,StartDate=2026-07-26 EndDate=2026-07-27 UTC (cover_days; soma dias GMT tocados pela janela ~24h — alinhamento tipico a SMS Transactions / Insights Last 24h; totalprice pode diferir do cartao Total Spend),2026-07-27T10:08:43Z
Rehableaf,wireless-data-quota50-oceania,0,0,0.000000,StartDate=2026-07-26 EndDate=2026-07-27 UTC (cover_days; soma dias GMT tocados pela janela ~24h — alinhamento tipico a SMS Transactions / Insights Last 24h; totalprice pode diferir do cartao Total Spend),2026-07-27T10:08:43Z
Rehableaf,wireless-data-quotacustom,0,0,0.000000,StartDate=2026-07-26 EndDate=2026-07-27 UTC (cover_days; soma dias GMT tocados pela janela ~24h — alinhamento tipico a SMS Transactions / Insights Last 24h; totalprice pode diferir do cartao Total Spend),2026-07-27T10:08:43Z
Rehableaf,wireless-data-quotacustom-africa,0,0,0.000000,StartDate=2026-07-26 EndDate=2026-07-27 UTC (cover_days; soma dias GMT tocados pela janela ~24h — alinhamento tipico a SMS Transactions / Insights Last 24h; totalprice pode diferir do cartao Total Spend),2026-07-27T10:08:43Z
Rehableaf,wireless-data-quotacustom-asia,0,0,0.000000,StartDate=2026-07-26 EndDate=2026-07-27 UTC (cover_days; soma dias GMT tocados pela janela ~24h — alinhamento tipico a SMS Transactions / Insights Last 24h; totalprice pode diferir do cartao Total Spend),2026-07-27T10:08:43Z
Rehableaf,wireless-data-quotacustom-centralandsouthamerica,0,0,0.000000,StartDate=2026-07-26 EndDate=2026-07-27 UTC (cover_days; soma dias GMT tocados pela janela ~24h — alinhamento tipico a SMS Transactions / Insights Last 24h; totalprice pode diferir do cartao Total Spend),2026-07-27T10:08:43Z
Rehableaf,wireless-data-quotacustom-europe,0,0,0.000000,StartDate=2026-07-26 EndDate=2026-07-27 UTC (cover_days; soma dias GMT tocados pela janela ~24h — alinhamento tipico a SMS Transactions / Insights Last 24h; totalprice pode diferir do cartao Total Spend),2026-07-27T10:08:43Z
Rehableaf,wireless-data-quotacustom-northamerica,0,0,0.000000,StartDate=2026-07-26 EndDate=2026-07-27 UTC (cover_days; soma dias GMT tocados pela janela ~24h — alinhamento tipico a SMS Transactions / Insights Last 24h; totalprice pode diferir do cartao Total Spend),2026-07-27T10:08:43Z
Rehableaf,wireless-data-quotacustom-oceania,0,0,0.000000,StartDate=2026-07-26 EndDate=2026-07-27 UTC (cover_days; soma dias GMT tocados pela janela ~24h — alinhamento tipico a SMS Transactions / Insights Last 24h; totalprice pode diferir do cartao Total Spend),2026-07-27T10:08:43Z
Rehableaf,wireless-mrc-payg,0,0,0.000000,StartDate=2026-07-26 EndDate=2026-07-27 UTC (cover_days; soma dias GMT tocados pela janela ~24h — alinhamento tipico a SMS Transactions / Insights Last 24h; totalprice pode diferir do cartao Total Spend),2026-07-27T10:08:43Z
Rehableaf,wireless-mrc-quota1,0,0,0.000000,StartDate=2026-07-26 EndDate=2026-07-27 UTC (cover_days; soma dias GMT tocados pela janela ~24h — alinhamento tipico a SMS Transactions / Insights Last 24h; totalprice pode diferir do cartao Total Spend),2026-07-27T10:08:43Z
Rehableaf,wireless-mrc-quota10,0,0,0.000000,StartDate=2026-07-26 EndDate=2026-07-27 UTC (cover_days; soma dias GMT tocados pela janela ~24h — alinhamento tipico a SMS Transactions / Insights Last 24h; totalprice pode diferir do cartao Total Spend),2026-07-27T10:08:43Z
Rehableaf,wireless-mrc-quota50,0,0,0.000000,StartDate=2026-07-26 EndDate=2026-07-27 UTC (cover_days; soma dias GMT tocados pela janela ~24h — alinhamento tipico a SMS Transactions / Insights Last 24h; totalprice pode diferir do cartao Total Spend),2026-07-27T10:08:43Z
Rehableaf,wireless-mrc-quotacustom,0,0,0.000000,StartDate=2026-07-26 EndDate=2026-07-27 UTC (cover_days; soma dias GMT tocados pela janela ~24h — alinhamento tipico a SMS Transactions / Insights Last 24h; totalprice pode diferir do cartao Total Spend),2026-07-27T10:08:43Z
Rehableaf,wireless-orders,0,0,0.000000,StartDate=2026-07-26 EndDate=2026-07-27 UTC (cover_days; soma dias GMT tocados pela janela ~24h — alinhamento tipico a SMS Transactions / Insights Last 24h; totalprice pode diferir do cartao Total Spend),2026-07-27T10:08:43Z
Rehableaf,wireless-orders-artwork,0,0,0.000000,StartDate=2026-07-26 EndDate=2026-07-27 UTC (cover_days; soma dias GMT tocados pela janela ~24h — alinhamento tipico a SMS Transactions / Insights Last 24h; totalprice pode diferir do cartao Total Spend),2026-07-27T10:08:43Z
Rehableaf,wireless-orders-bulk,0,0,0.000000,StartDate=2026-07-26 EndDate=2026-07-27 UTC (cover_days; soma dias GMT tocados pela janela ~24h — alinhamento tipico a SMS Transactions / Insights Last 24h; totalprice pode diferir do cartao Total Spend),2026-07-27T10:08:43Z
Rehableaf,wireless-orders-esim,0,0,0.000000,StartDate=2026-07-26 EndDate=2026-07-27 UTC (cover_days; soma dias GMT tocados pela janela ~24h — alinhamento tipico a SMS Transactions / Insights Last 24h; totalprice pode diferir do cartao Total Spend),2026-07-27T10:08:43Z
Rehableaf,wireless-orders-starter,0,0,0.000000,StartDate=2026-07-26 EndDate=2026-07-27 UTC (cover_days; soma dias GMT tocados pela janela ~24h — alinhamento tipico a SMS Transactions / Insights Last 24h; totalprice pode diferir do cartao Total Spend),2026-07-27T10:08:43Z
Rehableaf,wireless-quotas,0,0,0.000000,StartDate=2026-07-26 EndDate=2026-07-27 UTC (cover_days; soma dias GMT tocados pela janela ~24h — alinhamento tipico a SMS Transactions / Insights Last 24h; totalprice pode diferir do cartao Total Spend),2026-07-27T10:08:43Z
Rehableaf,wireless-sms-africa,0,0,0.000000,StartDate=2026-07-26 EndDate=2026-07-27 UTC (cover_days; soma dias GMT tocados pela janela ~24h — alinhamento tipico a SMS Transactions / Insights Last 24h; totalprice pode diferir do cartao Total Spend),2026-07-27T10:08:43Z
Rehableaf,wireless-sms-asia,0,0,0.000000,StartDate=2026-07-26 EndDate=2026-07-27 UTC (cover_days; soma dias GMT tocados pela janela ~24h — alinhamento tipico a SMS Transactions / Insights Last 24h; totalprice pode diferir do cartao Total Spend),2026-07-27T10:08:43Z
Rehableaf,wireless-sms-centralandsouthamerica,0,0,0.000000,StartDate=2026-07-26 EndDate=2026-07-27 UTC (cover_days; soma dias GMT tocados pela janela ~24h — alinhamento tipico a SMS Transactions / Insights Last 24h; totalprice pode diferir do cartao Total Spend),2026-07-27T10:08:43Z
Rehableaf,wireless-sms-europe,0,0,0.000000,StartDate=2026-07-26 EndDate=2026-07-27 UTC (cover_days; soma dias GMT tocados pela janela ~24h — alinhamento tipico a SMS Transactions / Insights Last 24h; totalprice pode diferir do cartao Total Spend),2026-07-27T10:08:43Z
Rehableaf,wireless-sms-northamerica,0,0,0.000000,StartDate=2026-07-26 EndDate=2026-07-27 UTC (cover_days; soma dias GMT tocados pela janela ~24h — alinhamento tipico a SMS Transactions / Insights Last 24h; totalprice pode diferir do cartao Total Spend),2026-07-27T10:08:43Z
Rehableaf,wireless-sms-oceania,0,0,0.000000,StartDate=2026-07-26 EndDate=2026-07-27 UTC (cover_days; soma dias GMT tocados pela janela ~24h — alinhamento tipico a SMS Transactions / Insights Last 24h; totalprice pode diferir do cartao Total Spend),2026-07-27T10:08:43Z
Rehableaf,wireless-super-sim,0,0,0.000000,StartDate=2026-07-26 EndDate=2026-07-27 UTC (cover_days; soma dias GMT tocados pela janela ~24h — alinhamento tipico a SMS Transactions / Insights Last 24h; totalprice pode diferir do cartao Total Spend),2026-07-27T10:08:43Z
Rehableaf,wireless-super-sim-data,0,0,0.000000,StartDate=2026-07-26 EndDate=2026-07-27 UTC (cover_days; soma dias GMT tocados pela janela ~24h — alinhamento tipico a SMS Transactions / Insights Last 24h; totalprice pode diferir do cartao Total Spend),2026-07-27T10:08:43Z
Rehableaf,wireless-super-sim-data-north-america-usa,0,0,0.000000,StartDate=2026-07-26 EndDate=2026-07-27 UTC (cover_days; soma dias GMT tocados pela janela ~24h — alinhamento tipico a SMS Transactions / Insights Last 24h; totalprice pode diferir do cartao Total Spend),2026-07-27T10:08:43Z
Rehableaf,wireless-super-sim-data-payg,0,0,0.000000,StartDate=2026-07-26 EndDate=2026-07-27 UTC (cover_days; soma dias GMT tocados pela janela ~24h — alinhamento tipico a SMS Transactions / Insights Last 24h; totalprice pode diferir do cartao Total Spend),2026-07-27T10:08:43Z
Rehableaf,wireless-super-sim-data-payg-europe,0,0,0.000000,StartDate=2026-07-26 EndDate=2026-07-27 UTC (cover_days; soma dias GMT tocados pela janela ~24h — alinhamento tipico a SMS Transactions / Insights Last 24h; totalprice pode diferir do cartao Total Spend),2026-07-27T10:08:43Z
Rehableaf,wireless-super-sim-data-payg-north-america,0,0,0.000000,StartDate=2026-07-26 EndDate=2026-07-27 UTC (cover_days; soma dias GMT tocados pela janela ~24h — alinhamento tipico a SMS Transactions / Insights Last 24h; totalprice pode diferir do cartao Total Spend),2026-07-27T10:08:43Z
Rehableaf,wireless-super-sim-hardware,0,0,0.000000,StartDate=2026-07-26 EndDate=2026-07-27 UTC (cover_days; soma dias GMT tocados pela janela ~24h — alinhamento tipico a SMS Transactions / Insights Last 24h; totalprice pode diferir do cartao Total Spend),2026-07-27T10:08:43Z
Rehableaf,wireless-super-sim-hardware-bulk,0,0,0.000000,StartDate=2026-07-26 EndDate=2026-07-27 UTC (cover_days; soma dias GMT tocados pela janela ~24h — alinhamento tipico a SMS Transactions / Insights Last 24h; totalprice pode diferir do cartao Total Spend),2026-07-27T10:08:43Z
Rehableaf,wireless-super-sim-smscommands,0,0,0.000000,StartDate=2026-07-26 EndDate=2026-07-27 UTC (cover_days; soma dias GMT tocados pela janela ~24h — alinhamento tipico a SMS Transactions / Insights Last 24h; totalprice pode diferir do cartao Total Spend),2026-07-27T10:08:43Z
Rehableaf,wireless-super-sim-smscommands-africa,0,0,0.000000,StartDate=2026-07-26 EndDate=2026-07-27 UTC (cover_days; soma dias GMT tocados pela janela ~24h — alinhamento tipico a SMS Transactions / Insights Last 24h; totalprice pode diferir do cartao Total Spend),2026-07-27T10:08:43Z
Rehableaf,wireless-super-sim-smscommands-asia,0,0,0.000000,StartDate=2026-07-26 EndDate=2026-07-27 UTC (cover_days; soma dias GMT tocados pela janela ~24h — alinhamento tipico a SMS Transactions / Insights Last 24h; totalprice pode diferir do cartao Total Spend),2026-07-27T10:08:43Z
Rehableaf,wireless-super-sim-smscommands-cent-and-south-america,0,0,0.000000,StartDate=2026-07-26 EndDate=2026-07-27 UTC (cover_days; soma dias GMT tocados pela janela ~24h — alinhamento tipico a SMS Transactions / Insights Last 24h; totalprice pode diferir do cartao Total Spend),2026-07-27T10:08:43Z
Rehableaf,wireless-super-sim-smscommands-europe,0,0,0.000000,StartDate=2026-07-26 EndDate=2026-07-27 UTC (cover_days; soma dias GMT tocados pela janela ~24h — alinhamento tipico a SMS Transactions / Insights Last 24h; totalprice pode diferir do cartao Total Spend),2026-07-27T10:08:43Z
Rehableaf,wireless-super-sim-smscommands-north-america,0,0,0.000000,StartDate=2026-07-26 EndDate=2026-07-27 UTC (cover_days; soma dias GMT tocados pela janela ~24h — alinhamento tipico a SMS Transactions / Insights Last 24h; totalprice pode diferir do cartao Total Spend),2026-07-27T10:08:43Z
Rehableaf,wireless-super-sim-smscommands-oceania,0,0,0.000000,StartDate=2026-07-26 EndDate=2026-07-27 UTC (cover_days; soma dias GMT tocados pela janela ~24h — alinhamento tipico a SMS Transactions / Insights Last 24h; totalprice pode diferir do cartao Total Spend),2026-07-27T10:08:43Z
Rehableaf,wireless-super-sim-subscription,0,0,0.000000,StartDate=2026-07-26 EndDate=2026-07-27 UTC (cover_days; soma dias GMT tocados pela janela ~24h — alinhamento tipico a SMS Transactions / Insights Last 24h; totalprice pode diferir do cartao Total Spend),2026-07-27T10:08:43Z
Rehableaf,wireless-super-sim-subscription-payg,0,0,0.000000,StartDate=2026-07-26 EndDate=2026-07-27 UTC (cover_days; soma dias GMT tocados pela janela ~24h — alinhamento tipico a SMS Transactions / Insights Last 24h; totalprice pode diferir do cartao Total Spend),2026-07-27T10:08:43Z
Rehableaf,wireless-usage,0,0,0.000000,StartDate=2026-07-26 EndDate=2026-07-27 UTC (cover_days; soma dias GMT tocados pela janela ~24h — alinhamento tipico a SMS Transactions / Insights Last 24h; totalprice pode diferir do cartao Total Spend),2026-07-27T10:08:43Z
Rehableaf,wireless-usage-commands,0,0,0.000000,StartDate=2026-07-26 EndDate=2026-07-27 UTC (cover_days; soma dias GMT tocados pela janela ~24h — alinhamento tipico a SMS Transactions / Insights Last 24h; totalprice pode diferir do cartao Total Spend),2026-07-27T10:08:43Z
Rehableaf,wireless-usage-commands-africa,0,0,0.000000,StartDate=2026-07-26 EndDate=2026-07-27 UTC (cover_days; soma dias GMT tocados pela janela ~24h — alinhamento tipico a SMS Transactions / Insights Last 24h; totalprice pode diferir do cartao Total Spend),2026-07-27T10:08:43Z
Rehableaf,wireless-usage-commands-asia,0,0,0.000000,StartDate=2026-07-26 EndDate=2026-07-27 UTC (cover_days; soma dias GMT tocados pela janela ~24h — alinhamento tipico a SMS Transactions / Insights Last 24h; totalprice pode diferir do cartao Total Spend),2026-07-27T10:08:43Z
Rehableaf,wireless-usage-commands-centralandsouthamerica,0,0,0.000000,StartDate=2026-07-26 EndDate=2026-07-27 UTC (cover_days; soma dias GMT tocados pela janela ~24h — alinhamento tipico a SMS Transactions / Insights Last 24h; totalprice pode diferir do cartao Total Spend),2026-07-27T10:08:43Z
Rehableaf,wireless-usage-commands-europe,0,0,0.000000,StartDate=2026-07-26 EndDate=2026-07-27 UTC (cover_days; soma dias GMT tocados pela janela ~24h — alinhamento tipico a SMS Transactions / Insights Last 24h; totalprice pode diferir do cartao Total Spend),2026-07-27T10:08:43Z
Rehableaf,wireless-usage-commands-home,0,0,0.000000,StartDate=2026-07-26 EndDate=2026-07-27 UTC (cover_days; soma dias GMT tocados pela janela ~24h — alinhamento tipico a SMS Transactions / Insights Last 24h; totalprice pode diferir do cartao Total Spend),2026-07-27T10:08:43Z
Rehableaf,wireless-usage-commands-northamerica,0,0,0.000000,StartDate=2026-07-26 EndDate=2026-07-27 UTC (cover_days; soma dias GMT tocados pela janela ~24h — alinhamento tipico a SMS Transactions / Insights Last 24h; totalprice pode diferir do cartao Total Spend),2026-07-27T10:08:43Z
Rehableaf,wireless-usage-commands-oceania,0,0,0.000000,StartDate=2026-07-26 EndDate=2026-07-27 UTC (cover_days; soma dias GMT tocados pela janela ~24h — alinhamento tipico a SMS Transactions / Insights Last 24h; totalprice pode diferir do cartao Total Spend),2026-07-27T10:08:43Z
Rehableaf,wireless-usage-commands-roaming,0,0,0.000000,StartDate=2026-07-26 EndDate=2026-07-27 UTC (cover_days; soma dias GMT tocados pela janela ~24h — alinhamento tipico a SMS Transactions / Insights Last 24h; totalprice pode diferir do cartao Total Spend),2026-07-27T10:08:43Z
Rehableaf,wireless-usage-data,0,0,0.000000,StartDate=2026-07-26 EndDate=2026-07-27 UTC (cover_days; soma dias GMT tocados pela janela ~24h — alinhamento tipico a SMS Transactions / Insights Last 24h; totalprice pode diferir do cartao Total Spend),2026-07-27T10:08:43Z
Rehableaf,wireless-usage-data-africa,0,0,0.000000,StartDate=2026-07-26 EndDate=2026-07-27 UTC (cover_days; soma dias GMT tocados pela janela ~24h — alinhamento tipico a SMS Transactions / Insights Last 24h; totalprice pode diferir do cartao Total Spend),2026-07-27T10:08:43Z
Rehableaf,wireless-usage-data-asia,0,0,0.000000,StartDate=2026-07-26 EndDate=2026-07-27 UTC (cover_days; soma dias GMT tocados pela janela ~24h — alinhamento tipico a SMS Transactions / Insights Last 24h; totalprice pode diferir do cartao Total Spend),2026-07-27T10:08:43Z
Rehableaf,wireless-usage-data-centralandsouthamerica,0,0,0.000000,StartDate=2026-07-26 EndDate=2026-07-27 UTC (cover_days; soma dias GMT tocados pela janela ~24h — alinhamento tipico a SMS Transactions / Insights Last 24h; totalprice pode diferir do cartao Total Spend),2026-07-27T10:08:43Z
Rehableaf,wireless-usage-data-custom-additionalmb,0,0,0.000000,StartDate=2026-07-26 EndDate=2026-07-27 UTC (cover_days; soma dias GMT tocados pela janela ~24h — alinhamento tipico a SMS Transactions / Insights Last 24h; totalprice pode diferir do cartao Total Spend),2026-07-27T10:08:43Z
Rehableaf,wireless-usage-data-custom-first5mb,0,0,0.000000,StartDate=2026-07-26 EndDate=2026-07-27 UTC (cover_days; soma dias GMT tocados pela janela ~24h — alinhamento tipico a SMS Transactions / Insights Last 24h; totalprice pode diferir do cartao Total Spend),2026-07-27T10:08:43Z
Rehableaf,wireless-usage-data-domestic-roaming,0,0,0.000000,StartDate=2026-07-26 EndDate=2026-07-27 UTC (cover_days; soma dias GMT tocados pela janela ~24h — alinhamento tipico a SMS Transactions / Insights Last 24h; totalprice pode diferir do cartao Total Spend),2026-07-27T10:08:43Z
Rehableaf,wireless-usage-data-europe,0,0,0.000000,StartDate=2026-07-26 EndDate=2026-07-27 UTC (cover_days; soma dias GMT tocados pela janela ~24h — alinhamento tipico a SMS Transactions / Insights Last 24h; totalprice pode diferir do cartao Total Spend),2026-07-27T10:08:43Z
Rehableaf,wireless-usage-data-individual-additionalgb,0,0,0.000000,StartDate=2026-07-26 EndDate=2026-07-27 UTC (cover_days; soma dias GMT tocados pela janela ~24h — alinhamento tipico a SMS Transactions / Insights Last 24h; totalprice pode diferir do cartao Total Spend),2026-07-27T10:08:43Z
Rehableaf,wireless-usage-data-individual-firstgb,0,0,0.000000,StartDate=2026-07-26 EndDate=2026-07-27 UTC (cover_days; soma dias GMT tocados pela janela ~24h — alinhamento tipico a SMS Transactions / Insights Last 24h; totalprice pode diferir do cartao Total Spend),2026-07-27T10:08:43Z
Rehableaf,wireless-usage-data-international-roaming-canada,0,0,0.000000,StartDate=2026-07-26 EndDate=2026-07-27 UTC (cover_days; soma dias GMT tocados pela janela ~24h — alinhamento tipico a SMS Transactions / Insights Last 24h; totalprice pode diferir do cartao Total Spend),2026-07-27T10:08:43Z
Rehableaf,wireless-usage-data-international-roaming-india,0,0,0.000000,StartDate=2026-07-26 EndDate=2026-07-27 UTC (cover_days; soma dias GMT tocados pela janela ~24h — alinhamento tipico a SMS Transactions / Insights Last 24h; totalprice pode diferir do cartao Total Spend),2026-07-27T10:08:43Z
Rehableaf,wireless-usage-data-international-roaming-mexico,0,0,0.000000,StartDate=2026-07-26 EndDate=2026-07-27 UTC (cover_days; soma dias GMT tocados pela janela ~24h — alinhamento tipico a SMS Transactions / Insights Last 24h; totalprice pode diferir do cartao Total Spend),2026-07-27T10:08:43Z
Rehableaf,wireless-usage-data-northamerica,0,0,0.000000,StartDate=2026-07-26 EndDate=2026-07-27 UTC (cover_days; soma dias GMT tocados pela janela ~24h — alinhamento tipico a SMS Transactions / Insights Last 24h; totalprice pode diferir do cartao Total Spend),2026-07-27T10:08:43Z
Rehableaf,wireless-usage-data-oceania,0,0,0.000000,StartDate=2026-07-26 EndDate=2026-07-27 UTC (cover_days; soma dias GMT tocados pela janela ~24h — alinhamento tipico a SMS Transactions / Insights Last 24h; totalprice pode diferir do cartao Total Spend),2026-07-27T10:08:43Z
Rehableaf,wireless-usage-data-pooled,0,0,0.000000,StartDate=2026-07-26 EndDate=2026-07-27 UTC (cover_days; soma dias GMT tocados pela janela ~24h — alinhamento tipico a SMS Transactions / Insights Last 24h; totalprice pode diferir do cartao Total Spend),2026-07-27T10:08:43Z
Rehableaf,wireless-usage-data-pooled-downlink,0,0,0.000000,StartDate=2026-07-26 EndDate=2026-07-27 UTC (cover_days; soma dias GMT tocados pela janela ~24h — alinhamento tipico a SMS Transactions / Insights Last 24h; totalprice pode diferir do cartao Total Spend),2026-07-27T10:08:43Z
Rehableaf,wireless-usage-data-pooled-uplink,0,0,0.000000,StartDate=2026-07-26 EndDate=2026-07-27 UTC (cover_days; soma dias GMT tocados pela janela ~24h — alinhamento tipico a SMS Transactions / Insights Last 24h; totalprice pode diferir do cartao Total Spend),2026-07-27T10:08:43Z
Rehableaf,wireless-usage-mrc,0,0,0.000000,StartDate=2026-07-26 EndDate=2026-07-27 UTC (cover_days; soma dias GMT tocados pela janela ~24h — alinhamento tipico a SMS Transactions / Insights Last 24h; totalprice pode diferir do cartao Total Spend),2026-07-27T10:08:43Z
Rehableaf,wireless-usage-mrc-custom,0,0,0.000000,StartDate=2026-07-26 EndDate=2026-07-27 UTC (cover_days; soma dias GMT tocados pela janela ~24h — alinhamento tipico a SMS Transactions / Insights Last 24h; totalprice pode diferir do cartao Total Spend),2026-07-27T10:08:43Z
Rehableaf,wireless-usage-mrc-individual,0,0,0.000000,StartDate=2026-07-26 EndDate=2026-07-27 UTC (cover_days; soma dias GMT tocados pela janela ~24h — alinhamento tipico a SMS Transactions / Insights Last 24h; totalprice pode diferir do cartao Total Spend),2026-07-27T10:08:43Z
Rehableaf,wireless-usage-mrc-pooled,0,0,0.000000,StartDate=2026-07-26 EndDate=2026-07-27 UTC (cover_days; soma dias GMT tocados pela janela ~24h — alinhamento tipico a SMS Transactions / Insights Last 24h; totalprice pode diferir do cartao Total Spend),2026-07-27T10:08:43Z
Rehableaf,wireless-usage-mrc-suspended,0,0,0.000000,StartDate=2026-07-26 EndDate=2026-07-27 UTC (cover_days; soma dias GMT tocados pela janela ~24h — alinhamento tipico a SMS Transactions / Insights Last 24h; totalprice pode diferir do cartao Total Spend),2026-07-27T10:08:43Z
Rehableaf,wireless-usage-sms,0,0,0.000000,StartDate=2026-07-26 EndDate=2026-07-27 UTC (cover_days; soma dias GMT tocados pela janela ~24h — alinhamento tipico a SMS Transactions / Insights Last 24h; totalprice pode diferir do cartao Total Spend),2026-07-27T10:08:43Z
Rehableaf,wireless-usage-voice,0,0,0.000000,StartDate=2026-07-26 EndDate=2026-07-27 UTC (cover_days; soma dias GMT tocados pela janela ~24h — alinhamento tipico a SMS Transactions / Insights Last 24h; totalprice pode diferir do cartao Total Spend),2026-07-27T10:08:43Z
Richard,totalprice,0,886.9364,886.936360,StartDate=2026-07-26 EndDate=2026-07-27 UTC (cover_days; soma dias GMT tocados pela janela ~24h — alinhamento tipico a SMS Transactions / Insights Last 24h; totalprice pode diferir do cartao Total Spend),2026-07-27T10:08:43Z
Richard,channels,248114,248704,885.927710,StartDate=2026-07-26 EndDate=2026-07-27 UTC (cover_days; soma dias GMT tocados pela janela ~24h — alinhamento tipico a SMS Transactions / Insights Last 24h; totalprice pode diferir do cartao Total Spend),2026-07-27T10:08:43Z
Richard,sms-messages-carrierfees,122401,122687,513.527800,StartDate=2026-07-26 EndDate=2026-07-27 UTC (cover_days; soma dias GMT tocados pela janela ~24h — alinhamento tipico a SMS Transactions / Insights Last 24h; totalprice pode diferir do cartao Total Spend),2026-07-27T10:08:43Z
Richard,sms,123507,123811,370.193910,StartDate=2026-07-26 EndDate=2026-07-27 UTC (cover_days; soma dias GMT tocados pela janela ~24h — alinhamento tipico a SMS Transactions / Insights Last 24h; totalprice pode diferir do cartao Total Spend),2026-07-27T10:08:43Z
Richard,sms-outbound,122364,122632,366.669680,StartDate=2026-07-26 EndDate=2026-07-27 UTC (cover_days; soma dias GMT tocados pela janela ~24h — alinhamento tipico a SMS Transactions / Insights Last 24h; totalprice pode diferir do cartao Total Spend),2026-07-27T10:08:43Z
Richard,sms-outbound-tollfree,122362,122630,366.663700,StartDate=2026-07-26 EndDate=2026-07-27 UTC (cover_days; soma dias GMT tocados pela janela ~24h — alinhamento tipico a SMS Transactions / Insights Last 24h; totalprice pode diferir do cartao Total Spend),2026-07-27T10:08:43Z
Richard,sms-inbound,1143,1179,3.524230,StartDate=2026-07-26 EndDate=2026-07-27 UTC (cover_days; soma dias GMT tocados pela janela ~24h — alinhamento tipico a SMS Transactions / Insights Last 24h; totalprice pode diferir do cartao Total Spend),2026-07-27T10:08:43Z
Richard,sms-inbound-tollfree,1143,1179,3.524230,StartDate=2026-07-26 EndDate=2026-07-27 UTC (cover_days; soma dias GMT tocados pela janela ~24h — alinhamento tipico a SMS Transactions / Insights Last 24h; totalprice pode diferir do cartao Total Spend),2026-07-27T10:08:43Z
Richard,failed-message-processing-fee,2206,2206,2.206000,StartDate=2026-07-26 EndDate=2026-07-27 UTC (cover_days; soma dias GMT tocados pela janela ~24h — alinhamento tipico a SMS Transactions / Insights Last 24h; totalprice pode diferir do cartao Total Spend),2026-07-27T10:08:43Z
Richard,calls,32,28,0.616000,StartDate=2026-07-26 EndDate=2026-07-27 UTC (cover_days; soma dias GMT tocados pela janela ~24h — alinhamento tipico a SMS Transactions / Insights Last 24h; totalprice pode diferir do cartao Total Spend),2026-07-27T10:08:43Z
Richard,calls-inbound,32,28,0.616000,StartDate=2026-07-26 EndDate=2026-07-27 UTC (cover_days; soma dias GMT tocados pela janela ~24h — alinhamento tipico a SMS Transactions / Insights Last 24h; totalprice pode diferir do cartao Total Spend),2026-07-27T10:08:43Z
Richard,calls-inbound-tollfree,32,28,0.616000,StartDate=2026-07-26 EndDate=2026-07-27 UTC (cover_days; soma dias GMT tocados pela janela ~24h — alinhamento tipico a SMS Transactions / Insights Last 24h; totalprice pode diferir do cartao Total Spend),2026-07-27T10:08:43Z
Richard,amazon-polly,26,26,0.338000,StartDate=2026-07-26 EndDate=2026-07-27 UTC (cover_days; soma dias GMT tocados pela janela ~24h — alinhamento tipico a SMS Transactions / Insights Last 24h; totalprice pode diferir do cartao Total Spend),2026-07-27T10:08:43Z
Richard,mms,2,2,0.040000,StartDate=2026-07-26 EndDate=2026-07-27 UTC (cover_days; soma dias GMT tocados pela janela ~24h — alinhamento tipico a SMS Transactions / Insights Last 24h; totalprice pode diferir do cartao Total Spend),2026-07-27T10:08:43Z
Richard,mms-inbound,2,2,0.040000,StartDate=2026-07-26 EndDate=2026-07-27 UTC (cover_days; soma dias GMT tocados pela janela ~24h — alinhamento tipico a SMS Transactions / Insights Last 24h; totalprice pode diferir do cartao Total Spend),2026-07-27T10:08:43Z
Richard,mms-inbound-toll-free,2,2,0.040000,StartDate=2026-07-26 EndDate=2026-07-27 UTC (cover_days; soma dias GMT tocados pela janela ~24h — alinhamento tipico a SMS Transactions / Insights Last 24h; totalprice pode diferir do cartao Total Spend),2026-07-27T10:08:43Z
Richard,mms-messages-carrierfees,1,1,0.010000,StartDate=2026-07-26 EndDate=2026-07-27 UTC (cover_days; soma dias GMT tocados pela janela ~24h — alinhamento tipico a SMS Transactions / Insights Last 24h; totalprice pode diferir do cartao Total Spend),2026-07-27T10:08:43Z
Richard,bundle-sms-bucket,2,2,0.005980,StartDate=2026-07-26 EndDate=2026-07-27 UTC (cover_days; soma dias GMT tocados pela janela ~24h — alinhamento tipico a SMS Transactions / Insights Last 24h; totalprice pode diferir do cartao Total Spend),2026-07-27T10:08:43Z
Richard,sms-outbound-longcode,2,2,0.005980,StartDate=2026-07-26 EndDate=2026-07-27 UTC (cover_days; soma dias GMT tocados pela janela ~24h — alinhamento tipico a SMS Transactions / Insights Last 24h; totalprice pode diferir do cartao Total Spend),2026-07-27T10:08:43Z
Richard,recordingstorage,1,9.3,0.004650,StartDate=2026-07-26 EndDate=2026-07-27 UTC (cover_days; soma dias GMT tocados pela janela ~24h — alinhamento tipico a SMS Transactions / Insights Last 24h; totalprice pode diferir do cartao Total Spend),2026-07-27T10:08:43Z
Richard,a2p-10dlc-registrationfees-brandregistration,0,0,0.000000,StartDate=2026-07-26 EndDate=2026-07-27 UTC (cover_days; soma dias GMT tocados pela janela ~24h — alinhamento tipico a SMS Transactions / Insights Last 24h; totalprice pode diferir do cartao Total Spend),2026-07-27T10:08:43Z
Richard,a2p-10dlc-registrationfees-bv,0,0,0.000000,StartDate=2026-07-26 EndDate=2026-07-27 UTC (cover_days; soma dias GMT tocados pela janela ~24h — alinhamento tipico a SMS Transactions / Insights Last 24h; totalprice pode diferir do cartao Total Spend),2026-07-27T10:08:43Z
Richard,a2p-10dlc-registrationfees-campaigncharges,0,0,0.000000,StartDate=2026-07-26 EndDate=2026-07-27 UTC (cover_days; soma dias GMT tocados pela janela ~24h — alinhamento tipico a SMS Transactions / Insights Last 24h; totalprice pode diferir do cartao Total Spend),2026-07-27T10:08:43Z
Richard,a2p-10dlc-registrationfees-campaignregistration,0,0,0.000000,StartDate=2026-07-26 EndDate=2026-07-27 UTC (cover_days; soma dias GMT tocados pela janela ~24h — alinhamento tipico a SMS Transactions / Insights Last 24h; totalprice pode diferir do cartao Total Spend),2026-07-27T10:08:43Z
Richard,a2p-10dlc-registrationfees-campaignvetting,0,0,0.000000,StartDate=2026-07-26 EndDate=2026-07-27 UTC (cover_days; soma dias GMT tocados pela janela ~24h — alinhamento tipico a SMS Transactions / Insights Last 24h; totalprice pode diferir do cartao Total Spend),2026-07-27T10:08:43Z
Richard,a2p-10dlc-registrationfees-monthly,0,0,0.000000,StartDate=2026-07-26 EndDate=2026-07-27 UTC (cover_days; soma dias GMT tocados pela janela ~24h — alinhamento tipico a SMS Transactions / Insights Last 24h; totalprice pode diferir do cartao Total Spend),2026-07-27T10:08:43Z
Richard,a2p-10dlc-registrationfees-onetime,0,0,0.000000,StartDate=2026-07-26 EndDate=2026-07-27 UTC (cover_days; soma dias GMT tocados pela janela ~24h — alinhamento tipico a SMS Transactions / Insights Last 24h; totalprice pode diferir do cartao Total Spend),2026-07-27T10:08:43Z
Richard,a2p-registration-fees,0,0,0.000000,StartDate=2026-07-26 EndDate=2026-07-27 UTC (cover_days; soma dias GMT tocados pela janela ~24h — alinhamento tipico a SMS Transactions / Insights Last 24h; totalprice pode diferir do cartao Total Spend),2026-07-27T10:08:43Z
Richard,account-security,0,0,0.000000,StartDate=2026-07-26 EndDate=2026-07-27 UTC (cover_days; soma dias GMT tocados pela janela ~24h — alinhamento tipico a SMS Transactions / Insights Last 24h; totalprice pode diferir do cartao Total Spend),2026-07-27T10:08:43Z
Richard,agent-conference,0,0,0.000000,StartDate=2026-07-26 EndDate=2026-07-27 UTC (cover_days; soma dias GMT tocados pela janela ~24h — alinhamento tipico a SMS Transactions / Insights Last 24h; totalprice pode diferir do cartao Total Spend),2026-07-27T10:08:43Z
Richard,agent-copilot,0,0,0.000000,StartDate=2026-07-26 EndDate=2026-07-27 UTC (cover_days; soma dias GMT tocados pela janela ~24h — alinhamento tipico a SMS Transactions / Insights Last 24h; totalprice pode diferir do cartao Total Spend),2026-07-27T10:08:43Z
Richard,agent-copilot-messages,0,0,0.000000,StartDate=2026-07-26 EndDate=2026-07-27 UTC (cover_days; soma dias GMT tocados pela janela ~24h — alinhamento tipico a SMS Transactions / Insights Last 24h; totalprice pode diferir do cartao Total Spend),2026-07-27T10:08:43Z
Richard,agent-copilot-participant-minutes,0,0,0.000000,StartDate=2026-07-26 EndDate=2026-07-27 UTC (cover_days; soma dias GMT tocados pela janela ~24h — alinhamento tipico a SMS Transactions / Insights Last 24h; totalprice pode diferir do cartao Total Spend),2026-07-27T10:08:43Z
Richard,ai-assistants,0,0,0.000000,StartDate=2026-07-26 EndDate=2026-07-27 UTC (cover_days; soma dias GMT tocados pela janela ~24h — alinhamento tipico a SMS Transactions / Insights Last 24h; totalprice pode diferir do cartao Total Spend),2026-07-27T10:08:43Z
Richard,ai-assistants-voice,0,0,0.000000,StartDate=2026-07-26 EndDate=2026-07-27 UTC (cover_days; soma dias GMT tocados pela janela ~24h — alinhamento tipico a SMS Transactions / Insights Last 24h; totalprice pode diferir do cartao Total Spend),2026-07-27T10:08:43Z
Richard,answering-machine-detection,0,0,0.000000,StartDate=2026-07-26 EndDate=2026-07-27 UTC (cover_days; soma dias GMT tocados pela janela ~24h — alinhamento tipico a SMS Transactions / Insights Last 24h; totalprice pode diferir do cartao Total Spend),2026-07-27T10:08:43Z
Richard,assets,0,0,0.000000,StartDate=2026-07-26 EndDate=2026-07-27 UTC (cover_days; soma dias GMT tocados pela janela ~24h — alinhamento tipico a SMS Transactions / Insights Last 24h; totalprice pode diferir do cartao Total Spend),2026-07-27T10:08:43Z
Richard,audience-minutes,0,0,0.000000,StartDate=2026-07-26 EndDate=2026-07-27 UTC (cover_days; soma dias GMT tocados pela janela ~24h — alinhamento tipico a SMS Transactions / Insights Last 24h; totalprice pode diferir do cartao Total Spend),2026-07-27T10:08:43Z
Richard,audience-minutes-audio,0,0,0.000000,StartDate=2026-07-26 EndDate=2026-07-27 UTC (cover_days; soma dias GMT tocados pela janela ~24h — alinhamento tipico a SMS Transactions / Insights Last 24h; totalprice pode diferir do cartao Total Spend),2026-07-27T10:08:43Z
Richard,authy-authentications,0,0,0.000000,StartDate=2026-07-26 EndDate=2026-07-27 UTC (cover_days; soma dias GMT tocados pela janela ~24h — alinhamento tipico a SMS Transactions / Insights Last 24h; totalprice pode diferir do cartao Total Spend),2026-07-27T10:08:43Z
Richard,authy-calls-outbound,0,0,0.000000,StartDate=2026-07-26 EndDate=2026-07-27 UTC (cover_days; soma dias GMT tocados pela janela ~24h — alinhamento tipico a SMS Transactions / Insights Last 24h; totalprice pode diferir do cartao Total Spend),2026-07-27T10:08:43Z
Richard,authy-email-authentications,0,0,0.000000,StartDate=2026-07-26 EndDate=2026-07-27 UTC (cover_days; soma dias GMT tocados pela janela ~24h — alinhamento tipico a SMS Transactions / Insights Last 24h; totalprice pode diferir do cartao Total Spend),2026-07-27T10:08:43Z
Richard,authy-monthly-fees,0,0,0.000000,StartDate=2026-07-26 EndDate=2026-07-27 UTC (cover_days; soma dias GMT tocados pela janela ~24h — alinhamento tipico a SMS Transactions / Insights Last 24h; totalprice pode diferir do cartao Total Spend),2026-07-27T10:08:43Z
Richard,authy-outbound-email,0,0,0.000000,StartDate=2026-07-26 EndDate=2026-07-27 UTC (cover_days; soma dias GMT tocados pela janela ~24h — alinhamento tipico a SMS Transactions / Insights Last 24h; totalprice pode diferir do cartao Total Spend),2026-07-27T10:08:43Z
Richard,authy-phone-intelligence,0,0,0.000000,StartDate=2026-07-26 EndDate=2026-07-27 UTC (cover_days; soma dias GMT tocados pela janela ~24h — alinhamento tipico a SMS Transactions / Insights Last 24h; totalprice pode diferir do cartao Total Spend),2026-07-27T10:08:43Z
Richard,authy-phone-verifications,0,0,0.000000,StartDate=2026-07-26 EndDate=2026-07-27 UTC (cover_days; soma dias GMT tocados pela janela ~24h — alinhamento tipico a SMS Transactions / Insights Last 24h; totalprice pode diferir do cartao Total Spend),2026-07-27T10:08:43Z
Richard,authy-sms-outbound,0,0,0.000000,StartDate=2026-07-26 EndDate=2026-07-27 UTC (cover_days; soma dias GMT tocados pela janela ~24h — alinhamento tipico a SMS Transactions / Insights Last 24h; totalprice pode diferir do cartao Total Spend),2026-07-27T10:08:43Z
Richard,authy-verify-email-verifications,0,0,0.000000,StartDate=2026-07-26 EndDate=2026-07-27 UTC (cover_days; soma dias GMT tocados pela janela ~24h — alinhamento tipico a SMS Transactions / Insights Last 24h; totalprice pode diferir do cartao Total Spend),2026-07-27T10:08:43Z
Richard,authy-verify-outbound-email,0,0,0.000000,StartDate=2026-07-26 EndDate=2026-07-27 UTC (cover_days; soma dias GMT tocados pela janela ~24h — alinhamento tipico a SMS Transactions / Insights Last 24h; totalprice pode diferir do cartao Total Spend),2026-07-27T10:08:43Z
Richard,autopilot,0,0,0.000000,StartDate=2026-07-26 EndDate=2026-07-27 UTC (cover_days; soma dias GMT tocados pela janela ~24h — alinhamento tipico a SMS Transactions / Insights Last 24h; totalprice pode diferir do cartao Total Spend),2026-07-27T10:08:43Z
Richard,autopilot-home-assistants,0,0,0.000000,StartDate=2026-07-26 EndDate=2026-07-27 UTC (cover_days; soma dias GMT tocados pela janela ~24h — alinhamento tipico a SMS Transactions / Insights Last 24h; totalprice pode diferir do cartao Total Spend),2026-07-27T10:08:43Z
Richard,autopilot-messaging,0,0,0.000000,StartDate=2026-07-26 EndDate=2026-07-27 UTC (cover_days; soma dias GMT tocados pela janela ~24h — alinhamento tipico a SMS Transactions / Insights Last 24h; totalprice pode diferir do cartao Total Spend),2026-07-27T10:08:43Z
Richard,autopilot-other,0,0,0.000000,StartDate=2026-07-26 EndDate=2026-07-27 UTC (cover_days; soma dias GMT tocados pela janela ~24h — alinhamento tipico a SMS Transactions / Insights Last 24h; totalprice pode diferir do cartao Total Spend),2026-07-27T10:08:43Z
Richard,autopilot-voice,0,0,0.000000,StartDate=2026-07-26 EndDate=2026-07-27 UTC (cover_days; soma dias GMT tocados pela janela ~24h — alinhamento tipico a SMS Transactions / Insights Last 24h; totalprice pode diferir do cartao Total Spend),2026-07-27T10:08:43Z
Richard,basic-peer-to-peer-rooms-participant-minutes,0,0,0.000000,StartDate=2026-07-26 EndDate=2026-07-27 UTC (cover_days; soma dias GMT tocados pela janela ~24h — alinhamento tipico a SMS Transactions / Insights Last 24h; totalprice pode diferir do cartao Total Spend),2026-07-27T10:08:43Z
Richard,branded-calling,0,0,0.000000,StartDate=2026-07-26 EndDate=2026-07-27 UTC (cover_days; soma dias GMT tocados pela janela ~24h — alinhamento tipico a SMS Transactions / Insights Last 24h; totalprice pode diferir do cartao Total Spend),2026-07-27T10:08:43Z
Richard,bundle-subscription-fees,0,0,0.000000,StartDate=2026-07-26 EndDate=2026-07-27 UTC (cover_days; soma dias GMT tocados pela janela ~24h — alinhamento tipico a SMS Transactions / Insights Last 24h; totalprice pode diferir do cartao Total Spend),2026-07-27T10:08:43Z
Richard,call-forwarding-lookups,0,0,0.000000,StartDate=2026-07-26 EndDate=2026-07-27 UTC (cover_days; soma dias GMT tocados pela janela ~24h — alinhamento tipico a SMS Transactions / Insights Last 24h; totalprice pode diferir do cartao Total Spend),2026-07-27T10:08:43Z
Richard,call-progess-events,0,0,0.000000,StartDate=2026-07-26 EndDate=2026-07-27 UTC (cover_days; soma dias GMT tocados pela janela ~24h — alinhamento tipico a SMS Transactions / Insights Last 24h; totalprice pode diferir do cartao Total Spend),2026-07-27T10:08:43Z
Richard,calleridlookups,0,0,0.000000,StartDate=2026-07-26 EndDate=2026-07-27 UTC (cover_days; soma dias GMT tocados pela janela ~24h — alinhamento tipico a SMS Transactions / Insights Last 24h; totalprice pode diferir do cartao Total Spend),2026-07-27T10:08:43Z
Richard,calls-client,0,0,0.000000,StartDate=2026-07-26 EndDate=2026-07-27 UTC (cover_days; soma dias GMT tocados pela janela ~24h — alinhamento tipico a SMS Transactions / Insights Last 24h; totalprice pode diferir do cartao Total Spend),2026-07-27T10:08:43Z
Richard,calls-emergency,0,0,0.000000,StartDate=2026-07-26 EndDate=2026-07-27 UTC (cover_days; soma dias GMT tocados pela janela ~24h — alinhamento tipico a SMS Transactions / Insights Last 24h; totalprice pode diferir do cartao Total Spend),2026-07-27T10:08:43Z
Richard,calls-globalconference,0,0,0.000000,StartDate=2026-07-26 EndDate=2026-07-27 UTC (cover_days; soma dias GMT tocados pela janela ~24h — alinhamento tipico a SMS Transactions / Insights Last 24h; totalprice pode diferir do cartao Total Spend),2026-07-27T10:08:43Z
Richard,calls-inbound-local,0,0,0.000000,StartDate=2026-07-26 EndDate=2026-07-27 UTC (cover_days; soma dias GMT tocados pela janela ~24h — alinhamento tipico a SMS Transactions / Insights Last 24h; totalprice pode diferir do cartao Total Spend),2026-07-27T10:08:43Z
Richard,calls-inbound-mobile,0,0,0.000000,StartDate=2026-07-26 EndDate=2026-07-27 UTC (cover_days; soma dias GMT tocados pela janela ~24h — alinhamento tipico a SMS Transactions / Insights Last 24h; totalprice pode diferir do cartao Total Spend),2026-07-27T10:08:43Z
Richard,calls-inbound-tollfree-local,0,0,0.000000,StartDate=2026-07-26 EndDate=2026-07-27 UTC (cover_days; soma dias GMT tocados pela janela ~24h — alinhamento tipico a SMS Transactions / Insights Last 24h; totalprice pode diferir do cartao Total Spend),2026-07-27T10:08:43Z
Richard,calls-inbound-tollfree-mobile,0,0,0.000000,StartDate=2026-07-26 EndDate=2026-07-27 UTC (cover_days; soma dias GMT tocados pela janela ~24h — alinhamento tipico a SMS Transactions / Insights Last 24h; totalprice pode diferir do cartao Total Spend),2026-07-27T10:08:43Z
Richard,calls-media-stream-minutes,0,0,0.000000,StartDate=2026-07-26 EndDate=2026-07-27 UTC (cover_days; soma dias GMT tocados pela janela ~24h — alinhamento tipico a SMS Transactions / Insights Last 24h; totalprice pode diferir do cartao Total Spend),2026-07-27T10:08:43Z
Richard,calls-outbound,0,0,0.000000,StartDate=2026-07-26 EndDate=2026-07-27 UTC (cover_days; soma dias GMT tocados pela janela ~24h — alinhamento tipico a SMS Transactions / Insights Last 24h; totalprice pode diferir do cartao Total Spend),2026-07-27T10:08:43Z
Richard,calls-pay-verb-transactions,0,0,0.000000,StartDate=2026-07-26 EndDate=2026-07-27 UTC (cover_days; soma dias GMT tocados pela janela ~24h — alinhamento tipico a SMS Transactions / Insights Last 24h; totalprice pode diferir do cartao Total Spend),2026-07-27T10:08:43Z
Richard,calls-recordings,0,0,0.000000,StartDate=2026-07-26 EndDate=2026-07-27 UTC (cover_days; soma dias GMT tocados pela janela ~24h — alinhamento tipico a SMS Transactions / Insights Last 24h; totalprice pode diferir do cartao Total Spend),2026-07-27T10:08:43Z
Richard,calls-sip,0,0,0.000000,StartDate=2026-07-26 EndDate=2026-07-27 UTC (cover_days; soma dias GMT tocados pela janela ~24h — alinhamento tipico a SMS Transactions / Insights Last 24h; totalprice pode diferir do cartao Total Spend),2026-07-27T10:08:43Z
Richard,calls-sip-inbound,0,0,0.000000,StartDate=2026-07-26 EndDate=2026-07-27 UTC (cover_days; soma dias GMT tocados pela janela ~24h — alinhamento tipico a SMS Transactions / Insights Last 24h; totalprice pode diferir do cartao Total Spend),2026-07-27T10:08:43Z
Richard,calls-sip-outbound,0,0,0.000000,StartDate=2026-07-26 EndDate=2026-07-27 UTC (cover_days; soma dias GMT tocados pela janela ~24h — alinhamento tipico a SMS Transactions / Insights Last 24h; totalprice pode diferir do cartao Total Spend),2026-07-27T10:08:43Z
Richard,calls-text-to-speech,0,0,0.000000,StartDate=2026-07-26 EndDate=2026-07-27 UTC (cover_days; soma dias GMT tocados pela janela ~24h — alinhamento tipico a SMS Transactions / Insights Last 24h; totalprice pode diferir do cartao Total Spend),2026-07-27T10:08:43Z
Richard,calls-transfers,0,0,0.000000,StartDate=2026-07-26 EndDate=2026-07-27 UTC (cover_days; soma dias GMT tocados pela janela ~24h — alinhamento tipico a SMS Transactions / Insights Last 24h; totalprice pode diferir do cartao Total Spend),2026-07-27T10:08:43Z
Richard,carrier-lookups,0,0,0.000000,StartDate=2026-07-26 EndDate=2026-07-27 UTC (cover_days; soma dias GMT tocados pela janela ~24h — alinhamento tipico a SMS Transactions / Insights Last 24h; totalprice pode diferir do cartao Total Spend),2026-07-27T10:08:43Z
Richard,category,0,0,0.000000,StartDate=2026-07-26 EndDate=2026-07-27 UTC (cover_days; soma dias GMT tocados pela janela ~24h — alinhamento tipico a SMS Transactions / Insights Last 24h; totalprice pode diferir do cartao Total Spend),2026-07-27T10:08:43Z
Richard,channels-messaging,0,0,0.000000,StartDate=2026-07-26 EndDate=2026-07-27 UTC (cover_days; soma dias GMT tocados pela janela ~24h — alinhamento tipico a SMS Transactions / Insights Last 24h; totalprice pode diferir do cartao Total Spend),2026-07-27T10:08:43Z
Richard,channels-messaging-inbound,0,0,0.000000,StartDate=2026-07-26 EndDate=2026-07-27 UTC (cover_days; soma dias GMT tocados pela janela ~24h — alinhamento tipico a SMS Transactions / Insights Last 24h; totalprice pode diferir do cartao Total Spend),2026-07-27T10:08:43Z
Richard,channels-messaging-outbound,0,0,0.000000,StartDate=2026-07-26 EndDate=2026-07-27 UTC (cover_days; soma dias GMT tocados pela janela ~24h — alinhamento tipico a SMS Transactions / Insights Last 24h; totalprice pode diferir do cartao Total Spend),2026-07-27T10:08:43Z
Richard,channels-whatsapp,0,0,0.000000,StartDate=2026-07-26 EndDate=2026-07-27 UTC (cover_days; soma dias GMT tocados pela janela ~24h — alinhamento tipico a SMS Transactions / Insights Last 24h; totalprice pode diferir do cartao Total Spend),2026-07-27T10:08:43Z
Richard,channels-whatsapp-conversation-authentication,0,0,0.000000,StartDate=2026-07-26 EndDate=2026-07-27 UTC (cover_days; soma dias GMT tocados pela janela ~24h — alinhamento tipico a SMS Transactions / Insights Last 24h; totalprice pode diferir do cartao Total Spend),2026-07-27T10:08:43Z
Richard,channels-whatsapp-conversation-free,0,0,0.000000,StartDate=2026-07-26 EndDate=2026-07-27 UTC (cover_days; soma dias GMT tocados pela janela ~24h — alinhamento tipico a SMS Transactions / Insights Last 24h; totalprice pode diferir do cartao Total Spend),2026-07-27T10:08:43Z
Richard,channels-whatsapp-conversation-marketing,0,0,0.000000,StartDate=2026-07-26 EndDate=2026-07-27 UTC (cover_days; soma dias GMT tocados pela janela ~24h — alinhamento tipico a SMS Transactions / Insights Last 24h; totalprice pode diferir do cartao Total Spend),2026-07-27T10:08:43Z
Richard,channels-whatsapp-conversation-service,0,0,0.000000,StartDate=2026-07-26 EndDate=2026-07-27 UTC (cover_days; soma dias GMT tocados pela janela ~24h — alinhamento tipico a SMS Transactions / Insights Last 24h; totalprice pode diferir do cartao Total Spend),2026-07-27T10:08:43Z
Richard,channels-whatsapp-conversation-utility,0,0,0.000000,StartDate=2026-07-26 EndDate=2026-07-27 UTC (cover_days; soma dias GMT tocados pela janela ~24h — alinhamento tipico a SMS Transactions / Insights Last 24h; totalprice pode diferir do cartao Total Spend),2026-07-27T10:08:43Z
Richard,channels-whatsapp-inbound,0,0,0.000000,StartDate=2026-07-26 EndDate=2026-07-27 UTC (cover_days; soma dias GMT tocados pela janela ~24h — alinhamento tipico a SMS Transactions / Insights Last 24h; totalprice pode diferir do cartao Total Spend),2026-07-27T10:08:43Z
Richard,channels-whatsapp-outbound,0,0,0.000000,StartDate=2026-07-26 EndDate=2026-07-27 UTC (cover_days; soma dias GMT tocados pela janela ~24h — alinhamento tipico a SMS Transactions / Insights Last 24h; totalprice pode diferir do cartao Total Spend),2026-07-27T10:08:43Z
Richard,channels-whatsapp-template-authentication,0,0,0.000000,StartDate=2026-07-26 EndDate=2026-07-27 UTC (cover_days; soma dias GMT tocados pela janela ~24h — alinhamento tipico a SMS Transactions / Insights Last 24h; totalprice pode diferir do cartao Total Spend),2026-07-27T10:08:43Z
Richard,channels-whatsapp-template-marketing,0,0,0.000000,StartDate=2026-07-26 EndDate=2026-07-27 UTC (cover_days; soma dias GMT tocados pela janela ~24h — alinhamento tipico a SMS Transactions / Insights Last 24h; totalprice pode diferir do cartao Total Spend),2026-07-27T10:08:43Z
Richard,channels-whatsapp-template-service,0,0,0.000000,StartDate=2026-07-26 EndDate=2026-07-27 UTC (cover_days; soma dias GMT tocados pela janela ~24h — alinhamento tipico a SMS Transactions / Insights Last 24h; totalprice pode diferir do cartao Total Spend),2026-07-27T10:08:43Z
Richard,channels-whatsapp-template-utility,0,0,0.000000,StartDate=2026-07-26 EndDate=2026-07-27 UTC (cover_days; soma dias GMT tocados pela janela ~24h — alinhamento tipico a SMS Transactions / Insights Last 24h; totalprice pode diferir do cartao Total Spend),2026-07-27T10:08:43Z
Richard,chat-virtual-agent,0,0,0.000000,StartDate=2026-07-26 EndDate=2026-07-27 UTC (cover_days; soma dias GMT tocados pela janela ~24h — alinhamento tipico a SMS Transactions / Insights Last 24h; totalprice pode diferir do cartao Total Spend),2026-07-27T10:08:43Z
Richard,conversation-ingestion,0,0,0.000000,StartDate=2026-07-26 EndDate=2026-07-27 UTC (cover_days; soma dias GMT tocados pela janela ~24h — alinhamento tipico a SMS Transactions / Insights Last 24h; totalprice pode diferir do cartao Total Spend),2026-07-27T10:08:43Z
Richard,conversation-intelligence,0,0,0.000000,StartDate=2026-07-26 EndDate=2026-07-27 UTC (cover_days; soma dias GMT tocados pela janela ~24h — alinhamento tipico a SMS Transactions / Insights Last 24h; totalprice pode diferir do cartao Total Spend),2026-07-27T10:08:43Z
Richard,conversation-memory,0,0,0.000000,StartDate=2026-07-26 EndDate=2026-07-27 UTC (cover_days; soma dias GMT tocados pela janela ~24h — alinhamento tipico a SMS Transactions / Insights Last 24h; totalprice pode diferir do cartao Total Spend),2026-07-27T10:08:43Z
Richard,conversation-orchestrator,0,0,0.000000,StartDate=2026-07-26 EndDate=2026-07-27 UTC (cover_days; soma dias GMT tocados pela janela ~24h — alinhamento tipico a SMS Transactions / Insights Last 24h; totalprice pode diferir do cartao Total Spend),2026-07-27T10:08:43Z
Richard,conversation-relay,0,0,0.000000,StartDate=2026-07-26 EndDate=2026-07-27 UTC (cover_days; soma dias GMT tocados pela janela ~24h — alinhamento tipico a SMS Transactions / Insights Last 24h; totalprice pode diferir do cartao Total Spend),2026-07-27T10:08:43Z
Richard,conversations,0,0,0.000000,StartDate=2026-07-26 EndDate=2026-07-27 UTC (cover_days; soma dias GMT tocados pela janela ~24h — alinhamento tipico a SMS Transactions / Insights Last 24h; totalprice pode diferir do cartao Total Spend),2026-07-27T10:08:43Z
Richard,conversations-api-requests,0,0,0.000000,StartDate=2026-07-26 EndDate=2026-07-27 UTC (cover_days; soma dias GMT tocados pela janela ~24h — alinhamento tipico a SMS Transactions / Insights Last 24h; totalprice pode diferir do cartao Total Spend),2026-07-27T10:08:43Z
Richard,conversations-conversation-events,0,0,0.000000,StartDate=2026-07-26 EndDate=2026-07-27 UTC (cover_days; soma dias GMT tocados pela janela ~24h — alinhamento tipico a SMS Transactions / Insights Last 24h; totalprice pode diferir do cartao Total Spend),2026-07-27T10:08:43Z
Richard,conversations-endpoint-connectivity,0,0,0.000000,StartDate=2026-07-26 EndDate=2026-07-27 UTC (cover_days; soma dias GMT tocados pela janela ~24h — alinhamento tipico a SMS Transactions / Insights Last 24h; totalprice pode diferir do cartao Total Spend),2026-07-27T10:08:43Z
Richard,conversations-events,0,0,0.000000,StartDate=2026-07-26 EndDate=2026-07-27 UTC (cover_days; soma dias GMT tocados pela janela ~24h — alinhamento tipico a SMS Transactions / Insights Last 24h; totalprice pode diferir do cartao Total Spend),2026-07-27T10:08:43Z
Richard,conversations-participant-events,0,0,0.000000,StartDate=2026-07-26 EndDate=2026-07-27 UTC (cover_days; soma dias GMT tocados pela janela ~24h — alinhamento tipico a SMS Transactions / Insights Last 24h; totalprice pode diferir do cartao Total Spend),2026-07-27T10:08:43Z
Richard,conversations-participants,0,0,0.000000,StartDate=2026-07-26 EndDate=2026-07-27 UTC (cover_days; soma dias GMT tocados pela janela ~24h — alinhamento tipico a SMS Transactions / Insights Last 24h; totalprice pode diferir do cartao Total Spend),2026-07-27T10:08:43Z
Richard,cps,0,0,0.000000,StartDate=2026-07-26 EndDate=2026-07-27 UTC (cover_days; soma dias GMT tocados pela janela ~24h — alinhamento tipico a SMS Transactions / Insights Last 24h; totalprice pode diferir do cartao Total Spend),2026-07-27T10:08:43Z
Richard,credit-transfer,0,0,0.000000,StartDate=2026-07-26 EndDate=2026-07-27 UTC (cover_days; soma dias GMT tocados pela janela ~24h — alinhamento tipico a SMS Transactions / Insights Last 24h; totalprice pode diferir do cartao Total Spend),2026-07-27T10:08:43Z
Richard,custom-language-operators-speed-input,0,0,0.000000,StartDate=2026-07-26 EndDate=2026-07-27 UTC (cover_days; soma dias GMT tocados pela janela ~24h — alinhamento tipico a SMS Transactions / Insights Last 24h; totalprice pode diferir do cartao Total Spend),2026-07-27T10:08:43Z
Richard,custom-language-operators-speed-output,0,0,0.000000,StartDate=2026-07-26 EndDate=2026-07-27 UTC (cover_days; soma dias GMT tocados pela janela ~24h — alinhamento tipico a SMS Transactions / Insights Last 24h; totalprice pode diferir do cartao Total Spend),2026-07-27T10:08:43Z
Richard,custom-number-services,0,0,0.000000,StartDate=2026-07-26 EndDate=2026-07-27 UTC (cover_days; soma dias GMT tocados pela janela ~24h — alinhamento tipico a SMS Transactions / Insights Last 24h; totalprice pode diferir do cartao Total Spend),2026-07-27T10:08:43Z
Richard,email,0,0,0.000000,StartDate=2026-07-26 EndDate=2026-07-27 UTC (cover_days; soma dias GMT tocados pela janela ~24h — alinhamento tipico a SMS Transactions / Insights Last 24h; totalprice pode diferir do cartao Total Spend),2026-07-27T10:08:43Z
Richard,email-sends,0,0,0.000000,StartDate=2026-07-26 EndDate=2026-07-27 UTC (cover_days; soma dias GMT tocados pela janela ~24h — alinhamento tipico a SMS Transactions / Insights Last 24h; totalprice pode diferir do cartao Total Spend),2026-07-27T10:08:43Z
Richard,emerging-tech,0,0,0.000000,StartDate=2026-07-26 EndDate=2026-07-27 UTC (cover_days; soma dias GMT tocados pela janela ~24h — alinhamento tipico a SMS Transactions / Insights Last 24h; totalprice pode diferir do cartao Total Spend),2026-07-27T10:08:43Z
Richard,engagement-suite-packaged-plans,0,0,0.000000,StartDate=2026-07-26 EndDate=2026-07-27 UTC (cover_days; soma dias GMT tocados pela janela ~24h — alinhamento tipico a SMS Transactions / Insights Last 24h; totalprice pode diferir do cartao Total Spend),2026-07-27T10:08:43Z
Richard,enhanced-line-type-lookups,0,0,0.000000,StartDate=2026-07-26 EndDate=2026-07-27 UTC (cover_days; soma dias GMT tocados pela janela ~24h — alinhamento tipico a SMS Transactions / Insights Last 24h; totalprice pode diferir do cartao Total Spend),2026-07-27T10:08:43Z
Richard,enterprise,0,0,0.000000,StartDate=2026-07-26 EndDate=2026-07-27 UTC (cover_days; soma dias GMT tocados pela janela ~24h — alinhamento tipico a SMS Transactions / Insights Last 24h; totalprice pode diferir do cartao Total Spend),2026-07-27T10:08:43Z
Richard,enterprise-knowledge,0,0,0.000000,StartDate=2026-07-26 EndDate=2026-07-27 UTC (cover_days; soma dias GMT tocados pela janela ~24h — alinhamento tipico a SMS Transactions / Insights Last 24h; totalprice pode diferir do cartao Total Spend),2026-07-27T10:08:43Z
Richard,events,0,0,0.000000,StartDate=2026-07-26 EndDate=2026-07-27 UTC (cover_days; soma dias GMT tocados pela janela ~24h — alinhamento tipico a SMS Transactions / Insights Last 24h; totalprice pode diferir do cartao Total Spend),2026-07-27T10:08:43Z
Richard,experiment-france-sms,0,0,0.000000,StartDate=2026-07-26 EndDate=2026-07-27 UTC (cover_days; soma dias GMT tocados pela janela ~24h — alinhamento tipico a SMS Transactions / Insights Last 24h; totalprice pode diferir do cartao Total Spend),2026-07-27T10:08:43Z
Richard,experiment-india-sms,0,0,0.000000,StartDate=2026-07-26 EndDate=2026-07-27 UTC (cover_days; soma dias GMT tocados pela janela ~24h — alinhamento tipico a SMS Transactions / Insights Last 24h; totalprice pode diferir do cartao Total Spend),2026-07-27T10:08:43Z
Richard,experiment-uk-sms,0,0,0.000000,StartDate=2026-07-26 EndDate=2026-07-27 UTC (cover_days; soma dias GMT tocados pela janela ~24h — alinhamento tipico a SMS Transactions / Insights Last 24h; totalprice pode diferir do cartao Total Spend),2026-07-27T10:08:43Z
Richard,flex,0,0,0.000000,StartDate=2026-07-26 EndDate=2026-07-27 UTC (cover_days; soma dias GMT tocados pela janela ~24h — alinhamento tipico a SMS Transactions / Insights Last 24h; totalprice pode diferir do cartao Total Spend),2026-07-27T10:08:43Z
Richard,flex-active-user-hours,0,0,0.000000,StartDate=2026-07-26 EndDate=2026-07-27 UTC (cover_days; soma dias GMT tocados pela janela ~24h — alinhamento tipico a SMS Transactions / Insights Last 24h; totalprice pode diferir do cartao Total Spend),2026-07-27T10:08:43Z
Richard,flex-concurrent-users,0,0,0.000000,StartDate=2026-07-26 EndDate=2026-07-27 UTC (cover_days; soma dias GMT tocados pela janela ~24h — alinhamento tipico a SMS Transactions / Insights Last 24h; totalprice pode diferir do cartao Total Spend),2026-07-27T10:08:43Z
Richard,flex-connectivity,0,0,0.000000,StartDate=2026-07-26 EndDate=2026-07-27 UTC (cover_days; soma dias GMT tocados pela janela ~24h — alinhamento tipico a SMS Transactions / Insights Last 24h; totalprice pode diferir do cartao Total Spend),2026-07-27T10:08:43Z
Richard,flex-conversational-insights,0,0,0.000000,StartDate=2026-07-26 EndDate=2026-07-27 UTC (cover_days; soma dias GMT tocados pela janela ~24h — alinhamento tipico a SMS Transactions / Insights Last 24h; totalprice pode diferir do cartao Total Spend),2026-07-27T10:08:43Z
Richard,flex-conversational-insights-messages,0,0,0.000000,StartDate=2026-07-26 EndDate=2026-07-27 UTC (cover_days; soma dias GMT tocados pela janela ~24h — alinhamento tipico a SMS Transactions / Insights Last 24h; totalprice pode diferir do cartao Total Spend),2026-07-27T10:08:43Z
Richard,flex-conversational-insights-voice-minutes,0,0,0.000000,StartDate=2026-07-26 EndDate=2026-07-27 UTC (cover_days; soma dias GMT tocados pela janela ~24h — alinhamento tipico a SMS Transactions / Insights Last 24h; totalprice pode diferir do cartao Total Spend),2026-07-27T10:08:43Z
Richard,flex-email-usage,0,0,0.000000,StartDate=2026-07-26 EndDate=2026-07-27 UTC (cover_days; soma dias GMT tocados pela janela ~24h — alinhamento tipico a SMS Transactions / Insights Last 24h; totalprice pode diferir do cartao Total Spend),2026-07-27T10:08:43Z
Richard,flex-messaging-usage,0,0,0.000000,StartDate=2026-07-26 EndDate=2026-07-27 UTC (cover_days; soma dias GMT tocados pela janela ~24h — alinhamento tipico a SMS Transactions / Insights Last 24h; totalprice pode diferir do cartao Total Spend),2026-07-27T10:08:43Z
Richard,flex-partner-spinsci,0,0,0.000000,StartDate=2026-07-26 EndDate=2026-07-27 UTC (cover_days; soma dias GMT tocados pela janela ~24h — alinhamento tipico a SMS Transactions / Insights Last 24h; totalprice pode diferir do cartao Total Spend),2026-07-27T10:08:43Z
Richard,flex-partner-xcelerate,0,0,0.000000,StartDate=2026-07-26 EndDate=2026-07-27 UTC (cover_days; soma dias GMT tocados pela janela ~24h — alinhamento tipico a SMS Transactions / Insights Last 24h; totalprice pode diferir do cartao Total Spend),2026-07-27T10:08:43Z
Richard,flex-reseller-ecosystem,0,0,0.000000,StartDate=2026-07-26 EndDate=2026-07-27 UTC (cover_days; soma dias GMT tocados pela janela ~24h — alinhamento tipico a SMS Transactions / Insights Last 24h; totalprice pode diferir do cartao Total Spend),2026-07-27T10:08:43Z
Richard,flex-unique-user,0,0,0.000000,StartDate=2026-07-26 EndDate=2026-07-27 UTC (cover_days; soma dias GMT tocados pela janela ~24h — alinhamento tipico a SMS Transactions / Insights Last 24h; totalprice pode diferir do cartao Total Spend),2026-07-27T10:08:43Z
Richard,flex-usage,0,0,0.000000,StartDate=2026-07-26 EndDate=2026-07-27 UTC (cover_days; soma dias GMT tocados pela janela ~24h — alinhamento tipico a SMS Transactions / Insights Last 24h; totalprice pode diferir do cartao Total Spend),2026-07-27T10:08:43Z
Richard,flex-users,0,0,0.000000,StartDate=2026-07-26 EndDate=2026-07-27 UTC (cover_days; soma dias GMT tocados pela janela ~24h — alinhamento tipico a SMS Transactions / Insights Last 24h; totalprice pode diferir do cartao Total Spend),2026-07-27T10:08:43Z
Richard,flex-voice-minute,0,0,0.000000,StartDate=2026-07-26 EndDate=2026-07-27 UTC (cover_days; soma dias GMT tocados pela janela ~24h — alinhamento tipico a SMS Transactions / Insights Last 24h; totalprice pode diferir do cartao Total Spend),2026-07-27T10:08:43Z
Richard,flex-ytica,0,0,0.000000,StartDate=2026-07-26 EndDate=2026-07-27 UTC (cover_days; soma dias GMT tocados pela janela ~24h — alinhamento tipico a SMS Transactions / Insights Last 24h; totalprice pode diferir do cartao Total Spend),2026-07-27T10:08:43Z
Richard,fraud-lookups,0,0,0.000000,StartDate=2026-07-26 EndDate=2026-07-27 UTC (cover_days; soma dias GMT tocados pela janela ~24h — alinhamento tipico a SMS Transactions / Insights Last 24h; totalprice pode diferir do cartao Total Spend),2026-07-27T10:08:43Z
Richard,frontline,0,0,0.000000,StartDate=2026-07-26 EndDate=2026-07-27 UTC (cover_days; soma dias GMT tocados pela janela ~24h — alinhamento tipico a SMS Transactions / Insights Last 24h; totalprice pode diferir do cartao Total Spend),2026-07-27T10:08:43Z
Richard,frontline-users,0,0,0.000000,StartDate=2026-07-26 EndDate=2026-07-27 UTC (cover_days; soma dias GMT tocados pela janela ~24h — alinhamento tipico a SMS Transactions / Insights Last 24h; totalprice pode diferir do cartao Total Spend),2026-07-27T10:08:43Z
Richard,functions,0,0,0.000000,StartDate=2026-07-26 EndDate=2026-07-27 UTC (cover_days; soma dias GMT tocados pela janela ~24h — alinhamento tipico a SMS Transactions / Insights Last 24h; totalprice pode diferir do cartao Total Spend),2026-07-27T10:08:43Z
Richard,generic-pay-transactions,0,0,0.000000,StartDate=2026-07-26 EndDate=2026-07-27 UTC (cover_days; soma dias GMT tocados pela janela ~24h — alinhamento tipico a SMS Transactions / Insights Last 24h; totalprice pode diferir do cartao Total Spend),2026-07-27T10:08:43Z
Richard,group-rooms,0,0,0.000000,StartDate=2026-07-26 EndDate=2026-07-27 UTC (cover_days; soma dias GMT tocados pela janela ~24h — alinhamento tipico a SMS Transactions / Insights Last 24h; totalprice pode diferir do cartao Total Spend),2026-07-27T10:08:43Z
Richard,group-rooms-data-track,0,0,0.000000,StartDate=2026-07-26 EndDate=2026-07-27 UTC (cover_days; soma dias GMT tocados pela janela ~24h — alinhamento tipico a SMS Transactions / Insights Last 24h; totalprice pode diferir do cartao Total Spend),2026-07-27T10:08:43Z
Richard,group-rooms-encrypted-media-recorded,0,0,0.000000,StartDate=2026-07-26 EndDate=2026-07-27 UTC (cover_days; soma dias GMT tocados pela janela ~24h — alinhamento tipico a SMS Transactions / Insights Last 24h; totalprice pode diferir do cartao Total Spend),2026-07-27T10:08:43Z
Richard,group-rooms-media-downloaded,0,0,0.000000,StartDate=2026-07-26 EndDate=2026-07-27 UTC (cover_days; soma dias GMT tocados pela janela ~24h — alinhamento tipico a SMS Transactions / Insights Last 24h; totalprice pode diferir do cartao Total Spend),2026-07-27T10:08:43Z
Richard,group-rooms-media-recorded,0,0,0.000000,StartDate=2026-07-26 EndDate=2026-07-27 UTC (cover_days; soma dias GMT tocados pela janela ~24h — alinhamento tipico a SMS Transactions / Insights Last 24h; totalprice pode diferir do cartao Total Spend),2026-07-27T10:08:43Z
Richard,group-rooms-media-routed,0,0,0.000000,StartDate=2026-07-26 EndDate=2026-07-27 UTC (cover_days; soma dias GMT tocados pela janela ~24h — alinhamento tipico a SMS Transactions / Insights Last 24h; totalprice pode diferir do cartao Total Spend),2026-07-27T10:08:43Z
Richard,group-rooms-media-stored,0,0,0.000000,StartDate=2026-07-26 EndDate=2026-07-27 UTC (cover_days; soma dias GMT tocados pela janela ~24h — alinhamento tipico a SMS Transactions / Insights Last 24h; totalprice pode diferir do cartao Total Spend),2026-07-27T10:08:43Z
Richard,group-rooms-participant-minutes,0,0,0.000000,StartDate=2026-07-26 EndDate=2026-07-27 UTC (cover_days; soma dias GMT tocados pela janela ~24h — alinhamento tipico a SMS Transactions / Insights Last 24h; totalprice pode diferir do cartao Total Spend),2026-07-27T10:08:43Z
Richard,group-rooms-recorded-minutes,0,0,0.000000,StartDate=2026-07-26 EndDate=2026-07-27 UTC (cover_days; soma dias GMT tocados pela janela ~24h — alinhamento tipico a SMS Transactions / Insights Last 24h; totalprice pode diferir do cartao Total Spend),2026-07-27T10:08:43Z
Richard,ip-messaging,0,0,0.000000,StartDate=2026-07-26 EndDate=2026-07-27 UTC (cover_days; soma dias GMT tocados pela janela ~24h — alinhamento tipico a SMS Transactions / Insights Last 24h; totalprice pode diferir do cartao Total Spend),2026-07-27T10:08:43Z
Richard,ip-messaging-commands,0,0,0.000000,StartDate=2026-07-26 EndDate=2026-07-27 UTC (cover_days; soma dias GMT tocados pela janela ~24h — alinhamento tipico a SMS Transactions / Insights Last 24h; totalprice pode diferir do cartao Total Spend),2026-07-27T10:08:43Z
Richard,ip-messaging-data-storage,0,0,0.000000,StartDate=2026-07-26 EndDate=2026-07-27 UTC (cover_days; soma dias GMT tocados pela janela ~24h — alinhamento tipico a SMS Transactions / Insights Last 24h; totalprice pode diferir do cartao Total Spend),2026-07-27T10:08:43Z
Richard,ip-messaging-data-transfer,0,0,0.000000,StartDate=2026-07-26 EndDate=2026-07-27 UTC (cover_days; soma dias GMT tocados pela janela ~24h — alinhamento tipico a SMS Transactions / Insights Last 24h; totalprice pode diferir do cartao Total Spend),2026-07-27T10:08:43Z
Richard,ip-messaging-endpoint-connectivity,0,0,0.000000,StartDate=2026-07-26 EndDate=2026-07-27 UTC (cover_days; soma dias GMT tocados pela janela ~24h — alinhamento tipico a SMS Transactions / Insights Last 24h; totalprice pode diferir do cartao Total Spend),2026-07-27T10:08:43Z
Richard,ivr-virtual-agent-custom-voices,0,0,0.000000,StartDate=2026-07-26 EndDate=2026-07-27 UTC (cover_days; soma dias GMT tocados pela janela ~24h — alinhamento tipico a SMS Transactions / Insights Last 24h; totalprice pode diferir do cartao Total Spend),2026-07-27T10:08:43Z
Richard,ivr-virtual-agent-genai,0,0,0.000000,StartDate=2026-07-26 EndDate=2026-07-27 UTC (cover_days; soma dias GMT tocados pela janela ~24h — alinhamento tipico a SMS Transactions / Insights Last 24h; totalprice pode diferir do cartao Total Spend),2026-07-27T10:08:43Z
Richard,knowledge-retrieval,0,0,0.000000,StartDate=2026-07-26 EndDate=2026-07-27 UTC (cover_days; soma dias GMT tocados pela janela ~24h — alinhamento tipico a SMS Transactions / Insights Last 24h; totalprice pode diferir do cartao Total Spend),2026-07-27T10:08:43Z
Richard,knowledge-storage,0,0,0.000000,StartDate=2026-07-26 EndDate=2026-07-27 UTC (cover_days; soma dias GMT tocados pela janela ~24h — alinhamento tipico a SMS Transactions / Insights Last 24h; totalprice pode diferir do cartao Total Spend),2026-07-27T10:08:43Z
Richard,line-status-lookups,0,0,0.000000,StartDate=2026-07-26 EndDate=2026-07-27 UTC (cover_days; soma dias GMT tocados pela janela ~24h — alinhamento tipico a SMS Transactions / Insights Last 24h; totalprice pode diferir do cartao Total Spend),2026-07-27T10:08:43Z
Richard,live-activity-lookups,0,0,0.000000,StartDate=2026-07-26 EndDate=2026-07-27 UTC (cover_days; soma dias GMT tocados pela janela ~24h — alinhamento tipico a SMS Transactions / Insights Last 24h; totalprice pode diferir do cartao Total Spend),2026-07-27T10:08:43Z
Richard,lookup-bucket-adjustment,0,0,0.000000,StartDate=2026-07-26 EndDate=2026-07-27 UTC (cover_days; soma dias GMT tocados pela janela ~24h — alinhamento tipico a SMS Transactions / Insights Last 24h; totalprice pode diferir do cartao Total Spend),2026-07-27T10:08:43Z
Richard,lookup-identity-match,0,0,0.000000,StartDate=2026-07-26 EndDate=2026-07-27 UTC (cover_days; soma dias GMT tocados pela janela ~24h — alinhamento tipico a SMS Transactions / Insights Last 24h; totalprice pode diferir do cartao Total Spend),2026-07-27T10:08:43Z
Richard,lookups,0,0,0.000000,StartDate=2026-07-26 EndDate=2026-07-27 UTC (cover_days; soma dias GMT tocados pela janela ~24h — alinhamento tipico a SMS Transactions / Insights Last 24h; totalprice pode diferir do cartao Total Spend),2026-07-27T10:08:43Z
Richard,marketplace,0,0,0.000000,StartDate=2026-07-26 EndDate=2026-07-27 UTC (cover_days; soma dias GMT tocados pela janela ~24h — alinhamento tipico a SMS Transactions / Insights Last 24h; totalprice pode diferir do cartao Total Spend),2026-07-27T10:08:43Z
Richard,marketplace-algorithmia-named-entity-recognition,0,0,0.000000,StartDate=2026-07-26 EndDate=2026-07-27 UTC (cover_days; soma dias GMT tocados pela janela ~24h — alinhamento tipico a SMS Transactions / Insights Last 24h; totalprice pode diferir do cartao Total Spend),2026-07-27T10:08:43Z
Richard,marketplace-bot-msg.ai-deliveryaware,0,0,0.000000,StartDate=2026-07-26 EndDate=2026-07-27 UTC (cover_days; soma dias GMT tocados pela janela ~24h — alinhamento tipico a SMS Transactions / Insights Last 24h; totalprice pode diferir do cartao Total Spend),2026-07-27T10:08:43Z
Richard,marketplace-cadence-transcription,0,0,0.000000,StartDate=2026-07-26 EndDate=2026-07-27 UTC (cover_days; soma dias GMT tocados pela janela ~24h — alinhamento tipico a SMS Transactions / Insights Last 24h; totalprice pode diferir do cartao Total Spend),2026-07-27T10:08:43Z
Richard,marketplace-cadence-translation,0,0,0.000000,StartDate=2026-07-26 EndDate=2026-07-27 UTC (cover_days; soma dias GMT tocados pela janela ~24h — alinhamento tipico a SMS Transactions / Insights Last 24h; totalprice pode diferir do cartao Total Spend),2026-07-27T10:08:43Z
Richard,marketplace-capio-speech-to-text,0,0,0.000000,StartDate=2026-07-26 EndDate=2026-07-27 UTC (cover_days; soma dias GMT tocados pela janela ~24h — alinhamento tipico a SMS Transactions / Insights Last 24h; totalprice pode diferir do cartao Total Spend),2026-07-27T10:08:43Z
Richard,marketplace-convriza-ababa,0,0,0.000000,StartDate=2026-07-26 EndDate=2026-07-27 UTC (cover_days; soma dias GMT tocados pela janela ~24h — alinhamento tipico a SMS Transactions / Insights Last 24h; totalprice pode diferir do cartao Total Spend),2026-07-27T10:08:43Z
Richard,marketplace-deepgram-phrase-detector,0,0,0.000000,StartDate=2026-07-26 EndDate=2026-07-27 UTC (cover_days; soma dias GMT tocados pela janela ~24h — alinhamento tipico a SMS Transactions / Insights Last 24h; totalprice pode diferir do cartao Total Spend),2026-07-27T10:08:43Z
Richard,marketplace-deepgram-transcription,0,0,0.000000,StartDate=2026-07-26 EndDate=2026-07-27 UTC (cover_days; soma dias GMT tocados pela janela ~24h — alinhamento tipico a SMS Transactions / Insights Last 24h; totalprice pode diferir do cartao Total Spend),2026-07-27T10:08:43Z
Richard,marketplace-deepgram-transcription-base,0,0,0.000000,StartDate=2026-07-26 EndDate=2026-07-27 UTC (cover_days; soma dias GMT tocados pela janela ~24h — alinhamento tipico a SMS Transactions / Insights Last 24h; totalprice pode diferir do cartao Total Spend),2026-07-27T10:08:43Z
Richard,marketplace-deepgram-transscription-enhanced,0,0,0.000000,StartDate=2026-07-26 EndDate=2026-07-27 UTC (cover_days; soma dias GMT tocados pela janela ~24h — alinhamento tipico a SMS Transactions / Insights Last 24h; totalprice pode diferir do cartao Total Spend),2026-07-27T10:08:43Z
Richard,marketplace-digital-segment-business-info,0,0,0.000000,StartDate=2026-07-26 EndDate=2026-07-27 UTC (cover_days; soma dias GMT tocados pela janela ~24h — alinhamento tipico a SMS Transactions / Insights Last 24h; totalprice pode diferir do cartao Total Spend),2026-07-27T10:08:43Z
Richard,marketplace-facebook-offline-conversions,0,0,0.000000,StartDate=2026-07-26 EndDate=2026-07-27 UTC (cover_days; soma dias GMT tocados pela janela ~24h — alinhamento tipico a SMS Transactions / Insights Last 24h; totalprice pode diferir do cartao Total Spend),2026-07-27T10:08:43Z
Richard,marketplace-google-speech-to-text,0,0,0.000000,StartDate=2026-07-26 EndDate=2026-07-27 UTC (cover_days; soma dias GMT tocados pela janela ~24h — alinhamento tipico a SMS Transactions / Insights Last 24h; totalprice pode diferir do cartao Total Spend),2026-07-27T10:08:43Z
Richard,marketplace-ibm-watson-message-insights,0,0,0.000000,StartDate=2026-07-26 EndDate=2026-07-27 UTC (cover_days; soma dias GMT tocados pela janela ~24h — alinhamento tipico a SMS Transactions / Insights Last 24h; totalprice pode diferir do cartao Total Spend),2026-07-27T10:08:43Z
Richard,marketplace-ibm-watson-message-sentiment,0,0,0.000000,StartDate=2026-07-26 EndDate=2026-07-27 UTC (cover_days; soma dias GMT tocados pela janela ~24h — alinhamento tipico a SMS Transactions / Insights Last 24h; totalprice pode diferir do cartao Total Spend),2026-07-27T10:08:43Z
Richard,marketplace-ibm-watson-recording-analysis,0,0,0.000000,StartDate=2026-07-26 EndDate=2026-07-27 UTC (cover_days; soma dias GMT tocados pela janela ~24h — alinhamento tipico a SMS Transactions / Insights Last 24h; totalprice pode diferir do cartao Total Spend),2026-07-27T10:08:43Z
Richard,marketplace-ibm-watson-tone-analyzer,0,0,0.000000,StartDate=2026-07-26 EndDate=2026-07-27 UTC (cover_days; soma dias GMT tocados pela janela ~24h — alinhamento tipico a SMS Transactions / Insights Last 24h; totalprice pode diferir do cartao Total Spend),2026-07-27T10:08:43Z
Richard,marketplace-icehook-systems-scout,0,0,0.000000,StartDate=2026-07-26 EndDate=2026-07-27 UTC (cover_days; soma dias GMT tocados pela janela ~24h — alinhamento tipico a SMS Transactions / Insights Last 24h; totalprice pode diferir do cartao Total Spend),2026-07-27T10:08:43Z
Richard,marketplace-infogroup-dataaxle-bizinfo,0,0,0.000000,StartDate=2026-07-26 EndDate=2026-07-27 UTC (cover_days; soma dias GMT tocados pela janela ~24h — alinhamento tipico a SMS Transactions / Insights Last 24h; totalprice pode diferir do cartao Total Spend),2026-07-27T10:08:43Z
Richard,marketplace-keen-io-contact-center-analytics,0,0,0.000000,StartDate=2026-07-26 EndDate=2026-07-27 UTC (cover_days; soma dias GMT tocados pela janela ~24h — alinhamento tipico a SMS Transactions / Insights Last 24h; totalprice pode diferir do cartao Total Spend),2026-07-27T10:08:43Z
Richard,marketplace-marchex-cleancall,0,0,0.000000,StartDate=2026-07-26 EndDate=2026-07-27 UTC (cover_days; soma dias GMT tocados pela janela ~24h — alinhamento tipico a SMS Transactions / Insights Last 24h; totalprice pode diferir do cartao Total Spend),2026-07-27T10:08:43Z
Richard,marketplace-marchex-recording-analysis,0,0,0.000000,StartDate=2026-07-26 EndDate=2026-07-27 UTC (cover_days; soma dias GMT tocados pela janela ~24h — alinhamento tipico a SMS Transactions / Insights Last 24h; totalprice pode diferir do cartao Total Spend),2026-07-27T10:08:43Z
Richard,marketplace-marchex-sentiment-analysis-for-sms,0,0,0.000000,StartDate=2026-07-26 EndDate=2026-07-27 UTC (cover_days; soma dias GMT tocados pela janela ~24h — alinhamento tipico a SMS Transactions / Insights Last 24h; totalprice pode diferir do cartao Total Spend),2026-07-27T10:08:43Z
Richard,marketplace-marketplace-nextcaller-social-id,0,0,0.000000,StartDate=2026-07-26 EndDate=2026-07-27 UTC (cover_days; soma dias GMT tocados pela janela ~24h — alinhamento tipico a SMS Transactions / Insights Last 24h; totalprice pode diferir do cartao Total Spend),2026-07-27T10:08:43Z
Richard,marketplace-mobile-commons-opt-out-classifier,0,0,0.000000,StartDate=2026-07-26 EndDate=2026-07-27 UTC (cover_days; soma dias GMT tocados pela janela ~24h — alinhamento tipico a SMS Transactions / Insights Last 24h; totalprice pode diferir do cartao Total Spend),2026-07-27T10:08:43Z
Richard,marketplace-msg.ai-deliveryaware,0,0,0.000000,StartDate=2026-07-26 EndDate=2026-07-27 UTC (cover_days; soma dias GMT tocados pela janela ~24h — alinhamento tipico a SMS Transactions / Insights Last 24h; totalprice pode diferir do cartao Total Spend),2026-07-27T10:08:43Z
Richard,marketplace-nexiwave-voicemail-to-text,0,0,0.000000,StartDate=2026-07-26 EndDate=2026-07-27 UTC (cover_days; soma dias GMT tocados pela janela ~24h — alinhamento tipico a SMS Transactions / Insights Last 24h; totalprice pode diferir do cartao Total Spend),2026-07-27T10:08:43Z
Richard,marketplace-nextcaller-advanced-caller-identification,0,0,0.000000,StartDate=2026-07-26 EndDate=2026-07-27 UTC (cover_days; soma dias GMT tocados pela janela ~24h — alinhamento tipico a SMS Transactions / Insights Last 24h; totalprice pode diferir do cartao Total Spend),2026-07-27T10:08:43Z
Richard,marketplace-nomorobo-spam-score,0,0,0.000000,StartDate=2026-07-26 EndDate=2026-07-27 UTC (cover_days; soma dias GMT tocados pela janela ~24h — alinhamento tipico a SMS Transactions / Insights Last 24h; totalprice pode diferir do cartao Total Spend),2026-07-27T10:08:43Z
Richard,marketplace-pay-addons,0,0,0.000000,StartDate=2026-07-26 EndDate=2026-07-27 UTC (cover_days; soma dias GMT tocados pela janela ~24h — alinhamento tipico a SMS Transactions / Insights Last 24h; totalprice pode diferir do cartao Total Spend),2026-07-27T10:08:43Z
Richard,marketplace-pay-addons-basecommerce-pay-connector,0,0,0.000000,StartDate=2026-07-26 EndDate=2026-07-27 UTC (cover_days; soma dias GMT tocados pela janela ~24h — alinhamento tipico a SMS Transactions / Insights Last 24h; totalprice pode diferir do cartao Total Spend),2026-07-27T10:08:43Z
Richard,marketplace-pay-addons-braintree-pay-connector,0,0,0.000000,StartDate=2026-07-26 EndDate=2026-07-27 UTC (cover_days; soma dias GMT tocados pela janela ~24h — alinhamento tipico a SMS Transactions / Insights Last 24h; totalprice pode diferir do cartao Total Spend),2026-07-27T10:08:43Z
Richard,marketplace-pay-addons-cardconnect-pay-connector,0,0,0.000000,StartDate=2026-07-26 EndDate=2026-07-27 UTC (cover_days; soma dias GMT tocados pela janela ~24h — alinhamento tipico a SMS Transactions / Insights Last 24h; totalprice pode diferir do cartao Total Spend),2026-07-27T10:08:43Z
Richard,marketplace-pay-addons-chase-pay-connector,0,0,0.000000,StartDate=2026-07-26 EndDate=2026-07-27 UTC (cover_days; soma dias GMT tocados pela janela ~24h — alinhamento tipico a SMS Transactions / Insights Last 24h; totalprice pode diferir do cartao Total Spend),2026-07-27T10:08:43Z
Richard,marketplace-pay-addons-shuttle-pay-connector,0,0,0.000000,StartDate=2026-07-26 EndDate=2026-07-27 UTC (cover_days; soma dias GMT tocados pela janela ~24h — alinhamento tipico a SMS Transactions / Insights Last 24h; totalprice pode diferir do cartao Total Spend),2026-07-27T10:08:43Z
Richard,marketplace-pay-addons-stripe-pay-connector,0,0,0.000000,StartDate=2026-07-26 EndDate=2026-07-27 UTC (cover_days; soma dias GMT tocados pela janela ~24h — alinhamento tipico a SMS Transactions / Insights Last 24h; totalprice pode diferir do cartao Total Spend),2026-07-27T10:08:43Z
Richard,marketplace-payfone-tcpa-compliance,0,0,0.000000,StartDate=2026-07-26 EndDate=2026-07-27 UTC (cover_days; soma dias GMT tocados pela janela ~24h — alinhamento tipico a SMS Transactions / Insights Last 24h; totalprice pode diferir do cartao Total Spend),2026-07-27T10:08:43Z
Richard,marketplace-poly-ai-connector,0,0,0.000000,StartDate=2026-07-26 EndDate=2026-07-27 UTC (cover_days; soma dias GMT tocados pela janela ~24h — alinhamento tipico a SMS Transactions / Insights Last 24h; totalprice pode diferir do cartao Total Spend),2026-07-27T10:08:43Z
Richard,marketplace-realphonevalidation,0,0,0.000000,StartDate=2026-07-26 EndDate=2026-07-27 UTC (cover_days; soma dias GMT tocados pela janela ~24h — alinhamento tipico a SMS Transactions / Insights Last 24h; totalprice pode diferir do cartao Total Spend),2026-07-27T10:08:43Z
Richard,marketplace-remeeting-automatic-speech-recognition,0,0,0.000000,StartDate=2026-07-26 EndDate=2026-07-27 UTC (cover_days; soma dias GMT tocados pela janela ~24h — alinhamento tipico a SMS Transactions / Insights Last 24h; totalprice pode diferir do cartao Total Spend),2026-07-27T10:08:43Z
Richard,marketplace-spoke-phone-license-pro,0,0,0.000000,StartDate=2026-07-26 EndDate=2026-07-27 UTC (cover_days; soma dias GMT tocados pela janela ~24h — alinhamento tipico a SMS Transactions / Insights Last 24h; totalprice pode diferir do cartao Total Spend),2026-07-27T10:08:43Z
Richard,marketplace-spoke-phone-license-standard,0,0,0.000000,StartDate=2026-07-26 EndDate=2026-07-27 UTC (cover_days; soma dias GMT tocados pela janela ~24h — alinhamento tipico a SMS Transactions / Insights Last 24h; totalprice pode diferir do cartao Total Spend),2026-07-27T10:08:43Z
Richard,marketplace-tcpa-defense-solutions-blacklist-feed,0,0,0.000000,StartDate=2026-07-26 EndDate=2026-07-27 UTC (cover_days; soma dias GMT tocados pela janela ~24h — alinhamento tipico a SMS Transactions / Insights Last 24h; totalprice pode diferir do cartao Total Spend),2026-07-27T10:08:43Z
Richard,marketplace-telo-opencnam,0,0,0.000000,StartDate=2026-07-26 EndDate=2026-07-27 UTC (cover_days; soma dias GMT tocados pela janela ~24h — alinhamento tipico a SMS Transactions / Insights Last 24h; totalprice pode diferir do cartao Total Spend),2026-07-27T10:08:43Z
Richard,marketplace-trestle-solutions-caller-identification,0,0,0.000000,StartDate=2026-07-26 EndDate=2026-07-27 UTC (cover_days; soma dias GMT tocados pela janela ~24h — alinhamento tipico a SMS Transactions / Insights Last 24h; totalprice pode diferir do cartao Total Spend),2026-07-27T10:08:43Z
Richard,marketplace-truecnam-true-spam,0,0,0.000000,StartDate=2026-07-26 EndDate=2026-07-27 UTC (cover_days; soma dias GMT tocados pela janela ~24h — alinhamento tipico a SMS Transactions / Insights Last 24h; totalprice pode diferir do cartao Total Spend),2026-07-27T10:08:43Z
Richard,marketplace-twilio-caller-name-lookup-us,0,0,0.000000,StartDate=2026-07-26 EndDate=2026-07-27 UTC (cover_days; soma dias GMT tocados pela janela ~24h — alinhamento tipico a SMS Transactions / Insights Last 24h; totalprice pode diferir do cartao Total Spend),2026-07-27T10:08:43Z
Richard,marketplace-twilio-carrier-information-lookup,0,0,0.000000,StartDate=2026-07-26 EndDate=2026-07-27 UTC (cover_days; soma dias GMT tocados pela janela ~24h — alinhamento tipico a SMS Transactions / Insights Last 24h; totalprice pode diferir do cartao Total Spend),2026-07-27T10:08:43Z
Richard,marketplace-voicebase-pci,0,0,0.000000,StartDate=2026-07-26 EndDate=2026-07-27 UTC (cover_days; soma dias GMT tocados pela janela ~24h — alinhamento tipico a SMS Transactions / Insights Last 24h; totalprice pode diferir do cartao Total Spend),2026-07-27T10:08:43Z
Richard,marketplace-voicebase-transcription,0,0,0.000000,StartDate=2026-07-26 EndDate=2026-07-27 UTC (cover_days; soma dias GMT tocados pela janela ~24h — alinhamento tipico a SMS Transactions / Insights Last 24h; totalprice pode diferir do cartao Total Spend),2026-07-27T10:08:43Z
Richard,marketplace-voicebase-transcription-custom-vocabulary,0,0,0.000000,StartDate=2026-07-26 EndDate=2026-07-27 UTC (cover_days; soma dias GMT tocados pela janela ~24h — alinhamento tipico a SMS Transactions / Insights Last 24h; totalprice pode diferir do cartao Total Spend),2026-07-27T10:08:43Z
Richard,marketplace-web-purify-profanity-filter,0,0,0.000000,StartDate=2026-07-26 EndDate=2026-07-27 UTC (cover_days; soma dias GMT tocados pela janela ~24h — alinhamento tipico a SMS Transactions / Insights Last 24h; totalprice pode diferir do cartao Total Spend),2026-07-27T10:08:43Z
Richard,marketplace-whitepages-pro-caller-identification,0,0,0.000000,StartDate=2026-07-26 EndDate=2026-07-27 UTC (cover_days; soma dias GMT tocados pela janela ~24h — alinhamento tipico a SMS Transactions / Insights Last 24h; totalprice pode diferir do cartao Total Spend),2026-07-27T10:08:43Z
Richard,marketplace-whitepages-pro-phone-intelligence,0,0,0.000000,StartDate=2026-07-26 EndDate=2026-07-27 UTC (cover_days; soma dias GMT tocados pela janela ~24h — alinhamento tipico a SMS Transactions / Insights Last 24h; totalprice pode diferir do cartao Total Spend),2026-07-27T10:08:43Z
Richard,marketplace-whitepages-pro-phone-reputation,0,0,0.000000,StartDate=2026-07-26 EndDate=2026-07-27 UTC (cover_days; soma dias GMT tocados pela janela ~24h — alinhamento tipico a SMS Transactions / Insights Last 24h; totalprice pode diferir do cartao Total Spend),2026-07-27T10:08:43Z
Richard,marketplace-wolfarm-spoken-results,0,0,0.000000,StartDate=2026-07-26 EndDate=2026-07-27 UTC (cover_days; soma dias GMT tocados pela janela ~24h — alinhamento tipico a SMS Transactions / Insights Last 24h; totalprice pode diferir do cartao Total Spend),2026-07-27T10:08:43Z
Richard,marketplace-wolfram-short-answer,0,0,0.000000,StartDate=2026-07-26 EndDate=2026-07-27 UTC (cover_days; soma dias GMT tocados pela janela ~24h — alinhamento tipico a SMS Transactions / Insights Last 24h; totalprice pode diferir do cartao Total Spend),2026-07-27T10:08:43Z
Richard,marketplace-ytica-contact-center-reporting-analytics,0,0,0.000000,StartDate=2026-07-26 EndDate=2026-07-27 UTC (cover_days; soma dias GMT tocados pela janela ~24h — alinhamento tipico a SMS Transactions / Insights Last 24h; totalprice pode diferir do cartao Total Spend),2026-07-27T10:08:43Z
Richard,marketplay-pay-addons-shuttle-pay-connector,0,0,0.000000,StartDate=2026-07-26 EndDate=2026-07-27 UTC (cover_days; soma dias GMT tocados pela janela ~24h — alinhamento tipico a SMS Transactions / Insights Last 24h; totalprice pode diferir do cartao Total Spend),2026-07-27T10:08:43Z
Richard,media-composer-minutes,0,0,0.000000,StartDate=2026-07-26 EndDate=2026-07-27 UTC (cover_days; soma dias GMT tocados pela janela ~24h — alinhamento tipico a SMS Transactions / Insights Last 24h; totalprice pode diferir do cartao Total Spend),2026-07-27T10:08:43Z
Richard,mediastorage,0,0,0.000000,StartDate=2026-07-26 EndDate=2026-07-27 UTC (cover_days; soma dias GMT tocados pela janela ~24h — alinhamento tipico a SMS Transactions / Insights Last 24h; totalprice pode diferir do cartao Total Spend),2026-07-27T10:08:43Z
Richard,memories,0,0,0.000000,StartDate=2026-07-26 EndDate=2026-07-27 UTC (cover_days; soma dias GMT tocados pela janela ~24h — alinhamento tipico a SMS Transactions / Insights Last 24h; totalprice pode diferir do cartao Total Spend),2026-07-27T10:08:43Z
Richard,memories-memory-generation-input-output,0,0,0.000000,StartDate=2026-07-26 EndDate=2026-07-27 UTC (cover_days; soma dias GMT tocados pela janela ~24h — alinhamento tipico a SMS Transactions / Insights Last 24h; totalprice pode diferir do cartao Total Spend),2026-07-27T10:08:43Z
Richard,memories-memory-recall,0,0,0.000000,StartDate=2026-07-26 EndDate=2026-07-27 UTC (cover_days; soma dias GMT tocados pela janela ~24h — alinhamento tipico a SMS Transactions / Insights Last 24h; totalprice pode diferir do cartao Total Spend),2026-07-27T10:08:43Z
Richard,min-spend-adjustments,0,0,0.000000,StartDate=2026-07-26 EndDate=2026-07-27 UTC (cover_days; soma dias GMT tocados pela janela ~24h — alinhamento tipico a SMS Transactions / Insights Last 24h; totalprice pode diferir do cartao Total Spend),2026-07-27T10:08:43Z
Richard,mms-inbound-longcode,0,0,0.000000,StartDate=2026-07-26 EndDate=2026-07-27 UTC (cover_days; soma dias GMT tocados pela janela ~24h — alinhamento tipico a SMS Transactions / Insights Last 24h; totalprice pode diferir do cartao Total Spend),2026-07-27T10:08:43Z
Richard,mms-inbound-shortcode,0,0,0.000000,StartDate=2026-07-26 EndDate=2026-07-27 UTC (cover_days; soma dias GMT tocados pela janela ~24h — alinhamento tipico a SMS Transactions / Insights Last 24h; totalprice pode diferir do cartao Total Spend),2026-07-27T10:08:43Z
Richard,mms-outbound,0,0,0.000000,StartDate=2026-07-26 EndDate=2026-07-27 UTC (cover_days; soma dias GMT tocados pela janela ~24h — alinhamento tipico a SMS Transactions / Insights Last 24h; totalprice pode diferir do cartao Total Spend),2026-07-27T10:08:43Z
Richard,mms-outbound-longcode,0,0,0.000000,StartDate=2026-07-26 EndDate=2026-07-27 UTC (cover_days; soma dias GMT tocados pela janela ~24h — alinhamento tipico a SMS Transactions / Insights Last 24h; totalprice pode diferir do cartao Total Spend),2026-07-27T10:08:43Z
Richard,mms-outbound-shortcode,0,0,0.000000,StartDate=2026-07-26 EndDate=2026-07-27 UTC (cover_days; soma dias GMT tocados pela janela ~24h — alinhamento tipico a SMS Transactions / Insights Last 24h; totalprice pode diferir do cartao Total Spend),2026-07-27T10:08:43Z
Richard,mms-outbound-tollfree,0,0,0.000000,StartDate=2026-07-26 EndDate=2026-07-27 UTC (cover_days; soma dias GMT tocados pela janela ~24h — alinhamento tipico a SMS Transactions / Insights Last 24h; totalprice pode diferir do cartao Total Spend),2026-07-27T10:08:43Z
Richard,monitor,0,0,0.000000,StartDate=2026-07-26 EndDate=2026-07-27 UTC (cover_days; soma dias GMT tocados pela janela ~24h — alinhamento tipico a SMS Transactions / Insights Last 24h; totalprice pode diferir do cartao Total Spend),2026-07-27T10:08:43Z
Richard,monitor-reads,0,0,0.000000,StartDate=2026-07-26 EndDate=2026-07-27 UTC (cover_days; soma dias GMT tocados pela janela ~24h — alinhamento tipico a SMS Transactions / Insights Last 24h; totalprice pode diferir do cartao Total Spend),2026-07-27T10:08:43Z
Richard,monitor-storage,0,0,0.000000,StartDate=2026-07-26 EndDate=2026-07-27 UTC (cover_days; soma dias GMT tocados pela janela ~24h — alinhamento tipico a SMS Transactions / Insights Last 24h; totalprice pode diferir do cartao Total Spend),2026-07-27T10:08:43Z
Richard,monitor-writes,0,0,0.000000,StartDate=2026-07-26 EndDate=2026-07-27 UTC (cover_days; soma dias GMT tocados pela janela ~24h — alinhamento tipico a SMS Transactions / Insights Last 24h; totalprice pode diferir do cartao Total Spend),2026-07-27T10:08:43Z
Richard,notify,0,0,0.000000,StartDate=2026-07-26 EndDate=2026-07-27 UTC (cover_days; soma dias GMT tocados pela janela ~24h — alinhamento tipico a SMS Transactions / Insights Last 24h; totalprice pode diferir do cartao Total Spend),2026-07-27T10:08:43Z
Richard,notify-actions-attempts,0,0,0.000000,StartDate=2026-07-26 EndDate=2026-07-27 UTC (cover_days; soma dias GMT tocados pela janela ~24h — alinhamento tipico a SMS Transactions / Insights Last 24h; totalprice pode diferir do cartao Total Spend),2026-07-27T10:08:43Z
Richard,notify-channels,0,0,0.000000,StartDate=2026-07-26 EndDate=2026-07-27 UTC (cover_days; soma dias GMT tocados pela janela ~24h — alinhamento tipico a SMS Transactions / Insights Last 24h; totalprice pode diferir do cartao Total Spend),2026-07-27T10:08:43Z
Richard,number-format-lookups,0,0,0.000000,StartDate=2026-07-26 EndDate=2026-07-27 UTC (cover_days; soma dias GMT tocados pela janela ~24h — alinhamento tipico a SMS Transactions / Insights Last 24h; totalprice pode diferir do cartao Total Spend),2026-07-27T10:08:43Z
Richard,pchat,0,0,0.000000,StartDate=2026-07-26 EndDate=2026-07-27 UTC (cover_days; soma dias GMT tocados pela janela ~24h — alinhamento tipico a SMS Transactions / Insights Last 24h; totalprice pode diferir do cartao Total Spend),2026-07-27T10:08:43Z
Richard,pchat-actions,0,0,0.000000,StartDate=2026-07-26 EndDate=2026-07-27 UTC (cover_days; soma dias GMT tocados pela janela ~24h — alinhamento tipico a SMS Transactions / Insights Last 24h; totalprice pode diferir do cartao Total Spend),2026-07-27T10:08:43Z
Richard,pchat-aps,0,0,0.000000,StartDate=2026-07-26 EndDate=2026-07-27 UTC (cover_days; soma dias GMT tocados pela janela ~24h — alinhamento tipico a SMS Transactions / Insights Last 24h; totalprice pode diferir do cartao Total Spend),2026-07-27T10:08:43Z
Richard,pchat-conv-med-storage,0,0,0.000000,StartDate=2026-07-26 EndDate=2026-07-27 UTC (cover_days; soma dias GMT tocados pela janela ~24h — alinhamento tipico a SMS Transactions / Insights Last 24h; totalprice pode diferir do cartao Total Spend),2026-07-27T10:08:43Z
Richard,pchat-messages,0,0,0.000000,StartDate=2026-07-26 EndDate=2026-07-27 UTC (cover_days; soma dias GMT tocados pela janela ~24h — alinhamento tipico a SMS Transactions / Insights Last 24h; totalprice pode diferir do cartao Total Spend),2026-07-27T10:08:43Z
Richard,pchat-notifications,0,0,0.000000,StartDate=2026-07-26 EndDate=2026-07-27 UTC (cover_days; soma dias GMT tocados pela janela ~24h — alinhamento tipico a SMS Transactions / Insights Last 24h; totalprice pode diferir do cartao Total Spend),2026-07-27T10:08:43Z
Richard,pchat-reads,0,0,0.000000,StartDate=2026-07-26 EndDate=2026-07-27 UTC (cover_days; soma dias GMT tocados pela janela ~24h — alinhamento tipico a SMS Transactions / Insights Last 24h; totalprice pode diferir do cartao Total Spend),2026-07-27T10:08:43Z
Richard,pchat-users,0,0,0.000000,StartDate=2026-07-26 EndDate=2026-07-27 UTC (cover_days; soma dias GMT tocados pela janela ~24h — alinhamento tipico a SMS Transactions / Insights Last 24h; totalprice pode diferir do cartao Total Spend),2026-07-27T10:08:43Z
Richard,peer-to-peer-rooms-participant-minutes,0,0,0.000000,StartDate=2026-07-26 EndDate=2026-07-27 UTC (cover_days; soma dias GMT tocados pela janela ~24h — alinhamento tipico a SMS Transactions / Insights Last 24h; totalprice pode diferir do cartao Total Spend),2026-07-27T10:08:43Z
Richard,pfax,0,0,0.000000,StartDate=2026-07-26 EndDate=2026-07-27 UTC (cover_days; soma dias GMT tocados pela janela ~24h — alinhamento tipico a SMS Transactions / Insights Last 24h; totalprice pode diferir do cartao Total Spend),2026-07-27T10:08:43Z
Richard,pfax-minutes,0,0,0.000000,StartDate=2026-07-26 EndDate=2026-07-27 UTC (cover_days; soma dias GMT tocados pela janela ~24h — alinhamento tipico a SMS Transactions / Insights Last 24h; totalprice pode diferir do cartao Total Spend),2026-07-27T10:08:43Z
Richard,pfax-minutes-inbound,0,0,0.000000,StartDate=2026-07-26 EndDate=2026-07-27 UTC (cover_days; soma dias GMT tocados pela janela ~24h — alinhamento tipico a SMS Transactions / Insights Last 24h; totalprice pode diferir do cartao Total Spend),2026-07-27T10:08:43Z
Richard,pfax-minutes-outbound,0,0,0.000000,StartDate=2026-07-26 EndDate=2026-07-27 UTC (cover_days; soma dias GMT tocados pela janela ~24h — alinhamento tipico a SMS Transactions / Insights Last 24h; totalprice pode diferir do cartao Total Spend),2026-07-27T10:08:43Z
Richard,pfax-pages,0,0,0.000000,StartDate=2026-07-26 EndDate=2026-07-27 UTC (cover_days; soma dias GMT tocados pela janela ~24h — alinhamento tipico a SMS Transactions / Insights Last 24h; totalprice pode diferir do cartao Total Spend),2026-07-27T10:08:43Z
Richard,phone-quality-score-lookups,0,0,0.000000,StartDate=2026-07-26 EndDate=2026-07-27 UTC (cover_days; soma dias GMT tocados pela janela ~24h — alinhamento tipico a SMS Transactions / Insights Last 24h; totalprice pode diferir do cartao Total Spend),2026-07-27T10:08:43Z
Richard,phonenumbers,0,0,0.000000,StartDate=2026-07-26 EndDate=2026-07-27 UTC (cover_days; soma dias GMT tocados pela janela ~24h — alinhamento tipico a SMS Transactions / Insights Last 24h; totalprice pode diferir do cartao Total Spend),2026-07-27T10:08:43Z
Richard,phonenumbers-cps,0,0,0.000000,StartDate=2026-07-26 EndDate=2026-07-27 UTC (cover_days; soma dias GMT tocados pela janela ~24h — alinhamento tipico a SMS Transactions / Insights Last 24h; totalprice pode diferir do cartao Total Spend),2026-07-27T10:08:43Z
Richard,phonenumbers-emergency,0,0,0.000000,StartDate=2026-07-26 EndDate=2026-07-27 UTC (cover_days; soma dias GMT tocados pela janela ~24h — alinhamento tipico a SMS Transactions / Insights Last 24h; totalprice pode diferir do cartao Total Spend),2026-07-27T10:08:43Z
Richard,phonenumbers-local,0,0,0.000000,StartDate=2026-07-26 EndDate=2026-07-27 UTC (cover_days; soma dias GMT tocados pela janela ~24h — alinhamento tipico a SMS Transactions / Insights Last 24h; totalprice pode diferir do cartao Total Spend),2026-07-27T10:08:43Z
Richard,phonenumbers-mobile,0,0,0.000000,StartDate=2026-07-26 EndDate=2026-07-27 UTC (cover_days; soma dias GMT tocados pela janela ~24h — alinhamento tipico a SMS Transactions / Insights Last 24h; totalprice pode diferir do cartao Total Spend),2026-07-27T10:08:43Z
Richard,phonenumbers-porting,0,0,0.000000,StartDate=2026-07-26 EndDate=2026-07-27 UTC (cover_days; soma dias GMT tocados pela janela ~24h — alinhamento tipico a SMS Transactions / Insights Last 24h; totalprice pode diferir do cartao Total Spend),2026-07-27T10:08:43Z
Richard,phonenumbers-setups,0,0,0.000000,StartDate=2026-07-26 EndDate=2026-07-27 UTC (cover_days; soma dias GMT tocados pela janela ~24h — alinhamento tipico a SMS Transactions / Insights Last 24h; totalprice pode diferir do cartao Total Spend),2026-07-27T10:08:43Z
Richard,phonenumbers-tollfree,0,0,0.000000,StartDate=2026-07-26 EndDate=2026-07-27 UTC (cover_days; soma dias GMT tocados pela janela ~24h — alinhamento tipico a SMS Transactions / Insights Last 24h; totalprice pode diferir do cartao Total Spend),2026-07-27T10:08:43Z
Richard,premiumsupport,0,0,0.000000,StartDate=2026-07-26 EndDate=2026-07-27 UTC (cover_days; soma dias GMT tocados pela janela ~24h — alinhamento tipico a SMS Transactions / Insights Last 24h; totalprice pode diferir do cartao Total Spend),2026-07-27T10:08:43Z
Richard,premiumsupport-percentage-spend,0,0,0.000000,StartDate=2026-07-26 EndDate=2026-07-27 UTC (cover_days; soma dias GMT tocados pela janela ~24h — alinhamento tipico a SMS Transactions / Insights Last 24h; totalprice pode diferir do cartao Total Spend),2026-07-27T10:08:43Z
Richard,profiles,0,0,0.000000,StartDate=2026-07-26 EndDate=2026-07-27 UTC (cover_days; soma dias GMT tocados pela janela ~24h — alinhamento tipico a SMS Transactions / Insights Last 24h; totalprice pode diferir do cartao Total Spend),2026-07-27T10:08:43Z
Richard,profiles-customer-profile-operations,0,0,0.000000,StartDate=2026-07-26 EndDate=2026-07-27 UTC (cover_days; soma dias GMT tocados pela janela ~24h — alinhamento tipico a SMS Transactions / Insights Last 24h; totalprice pode diferir do cartao Total Spend),2026-07-27T10:08:43Z
Richard,profiles-daily-utilized-profiles,0,0,0.000000,StartDate=2026-07-26 EndDate=2026-07-27 UTC (cover_days; soma dias GMT tocados pela janela ~24h — alinhamento tipico a SMS Transactions / Insights Last 24h; totalprice pode diferir do cartao Total Spend),2026-07-27T10:08:43Z
Richard,programmable-microsoft-operator-connect,0,0,0.000000,StartDate=2026-07-26 EndDate=2026-07-27 UTC (cover_days; soma dias GMT tocados pela janela ~24h — alinhamento tipico a SMS Transactions / Insights Last 24h; totalprice pode diferir do cartao Total Spend),2026-07-27T10:08:43Z
Richard,programmable-microsoft-operator-connect-inbound,0,0,0.000000,StartDate=2026-07-26 EndDate=2026-07-27 UTC (cover_days; soma dias GMT tocados pela janela ~24h — alinhamento tipico a SMS Transactions / Insights Last 24h; totalprice pode diferir do cartao Total Spend),2026-07-27T10:08:43Z
Richard,programmable-microsoft-operator-connect-outbound,0,0,0.000000,StartDate=2026-07-26 EndDate=2026-07-27 UTC (cover_days; soma dias GMT tocados pela janela ~24h — alinhamento tipico a SMS Transactions / Insights Last 24h; totalprice pode diferir do cartao Total Spend),2026-07-27T10:08:43Z
Richard,programmablevoice-platform,0,0,0.000000,StartDate=2026-07-26 EndDate=2026-07-27 UTC (cover_days; soma dias GMT tocados pela janela ~24h — alinhamento tipico a SMS Transactions / Insights Last 24h; totalprice pode diferir do cartao Total Spend),2026-07-27T10:08:43Z
Richard,programmablevoiceconn-clientsdk,0,0,0.000000,StartDate=2026-07-26 EndDate=2026-07-27 UTC (cover_days; soma dias GMT tocados pela janela ~24h — alinhamento tipico a SMS Transactions / Insights Last 24h; totalprice pode diferir do cartao Total Spend),2026-07-27T10:08:43Z
Richard,programmablevoiceconn-clientsdk-inbound,0,0,0.000000,StartDate=2026-07-26 EndDate=2026-07-27 UTC (cover_days; soma dias GMT tocados pela janela ~24h — alinhamento tipico a SMS Transactions / Insights Last 24h; totalprice pode diferir do cartao Total Spend),2026-07-27T10:08:43Z
Richard,programmablevoiceconn-clientsdk-outbound,0,0,0.000000,StartDate=2026-07-26 EndDate=2026-07-27 UTC (cover_days; soma dias GMT tocados pela janela ~24h — alinhamento tipico a SMS Transactions / Insights Last 24h; totalprice pode diferir do cartao Total Spend),2026-07-27T10:08:43Z
Richard,programmablevoiceconn-onnet,0,0,0.000000,StartDate=2026-07-26 EndDate=2026-07-27 UTC (cover_days; soma dias GMT tocados pela janela ~24h — alinhamento tipico a SMS Transactions / Insights Last 24h; totalprice pode diferir do cartao Total Spend),2026-07-27T10:08:43Z
Richard,programmablevoiceconn-onnet-inbound,0,0,0.000000,StartDate=2026-07-26 EndDate=2026-07-27 UTC (cover_days; soma dias GMT tocados pela janela ~24h — alinhamento tipico a SMS Transactions / Insights Last 24h; totalprice pode diferir do cartao Total Spend),2026-07-27T10:08:43Z
Richard,programmablevoiceconn-onnet-outbound,0,0,0.000000,StartDate=2026-07-26 EndDate=2026-07-27 UTC (cover_days; soma dias GMT tocados pela janela ~24h — alinhamento tipico a SMS Transactions / Insights Last 24h; totalprice pode diferir do cartao Total Spend),2026-07-27T10:08:43Z
Richard,programmablevoiceconn-sip,0,0,0.000000,StartDate=2026-07-26 EndDate=2026-07-27 UTC (cover_days; soma dias GMT tocados pela janela ~24h — alinhamento tipico a SMS Transactions / Insights Last 24h; totalprice pode diferir do cartao Total Spend),2026-07-27T10:08:43Z
Richard,programmablevoiceconn-sip-inbound,0,0,0.000000,StartDate=2026-07-26 EndDate=2026-07-27 UTC (cover_days; soma dias GMT tocados pela janela ~24h — alinhamento tipico a SMS Transactions / Insights Last 24h; totalprice pode diferir do cartao Total Spend),2026-07-27T10:08:43Z
Richard,programmablevoiceconn-sip-outbound,0,0,0.000000,StartDate=2026-07-26 EndDate=2026-07-27 UTC (cover_days; soma dias GMT tocados pela janela ~24h — alinhamento tipico a SMS Transactions / Insights Last 24h; totalprice pode diferir do cartao Total Spend),2026-07-27T10:08:43Z
Richard,programmablevoiceconnectivity,0,0,0.000000,StartDate=2026-07-26 EndDate=2026-07-27 UTC (cover_days; soma dias GMT tocados pela janela ~24h — alinhamento tipico a SMS Transactions / Insights Last 24h; totalprice pode diferir do cartao Total Spend),2026-07-27T10:08:43Z
Richard,programmablevoiceconnectivity-byoc,0,0,0.000000,StartDate=2026-07-26 EndDate=2026-07-27 UTC (cover_days; soma dias GMT tocados pela janela ~24h — alinhamento tipico a SMS Transactions / Insights Last 24h; totalprice pode diferir do cartao Total Spend),2026-07-27T10:08:43Z
Richard,proxy,0,0,0.000000,StartDate=2026-07-26 EndDate=2026-07-27 UTC (cover_days; soma dias GMT tocados pela janela ~24h — alinhamento tipico a SMS Transactions / Insights Last 24h; totalprice pode diferir do cartao Total Spend),2026-07-27T10:08:43Z
Richard,proxy-active-sessions,0,0,0.000000,StartDate=2026-07-26 EndDate=2026-07-27 UTC (cover_days; soma dias GMT tocados pela janela ~24h — alinhamento tipico a SMS Transactions / Insights Last 24h; totalprice pode diferir do cartao Total Spend),2026-07-27T10:08:43Z
Richard,proxy-bucket-adjustment,0,0,0.000000,StartDate=2026-07-26 EndDate=2026-07-27 UTC (cover_days; soma dias GMT tocados pela janela ~24h — alinhamento tipico a SMS Transactions / Insights Last 24h; totalprice pode diferir do cartao Total Spend),2026-07-27T10:08:43Z
Richard,proxy-licenses,0,0,0.000000,StartDate=2026-07-26 EndDate=2026-07-27 UTC (cover_days; soma dias GMT tocados pela janela ~24h — alinhamento tipico a SMS Transactions / Insights Last 24h; totalprice pode diferir do cartao Total Spend),2026-07-27T10:08:43Z
Richard,pstnconnectivity,0,0,0.000000,StartDate=2026-07-26 EndDate=2026-07-27 UTC (cover_days; soma dias GMT tocados pela janela ~24h — alinhamento tipico a SMS Transactions / Insights Last 24h; totalprice pode diferir do cartao Total Spend),2026-07-27T10:08:43Z
Richard,pstnconnectivity-inbound,0,0,0.000000,StartDate=2026-07-26 EndDate=2026-07-27 UTC (cover_days; soma dias GMT tocados pela janela ~24h — alinhamento tipico a SMS Transactions / Insights Last 24h; totalprice pode diferir do cartao Total Spend),2026-07-27T10:08:43Z
Richard,pstnconnectivity-outbound,0,0,0.000000,StartDate=2026-07-26 EndDate=2026-07-27 UTC (cover_days; soma dias GMT tocados pela janela ~24h — alinhamento tipico a SMS Transactions / Insights Last 24h; totalprice pode diferir do cartao Total Spend),2026-07-27T10:08:43Z
Richard,pv,0,0,0.000000,StartDate=2026-07-26 EndDate=2026-07-27 UTC (cover_days; soma dias GMT tocados pela janela ~24h — alinhamento tipico a SMS Transactions / Insights Last 24h; totalprice pode diferir do cartao Total Spend),2026-07-27T10:08:43Z
Richard,pv-basic-rooms,0,0,0.000000,StartDate=2026-07-26 EndDate=2026-07-27 UTC (cover_days; soma dias GMT tocados pela janela ~24h — alinhamento tipico a SMS Transactions / Insights Last 24h; totalprice pode diferir do cartao Total Spend),2026-07-27T10:08:43Z
Richard,pv-composition-media-downloaded,0,0,0.000000,StartDate=2026-07-26 EndDate=2026-07-27 UTC (cover_days; soma dias GMT tocados pela janela ~24h — alinhamento tipico a SMS Transactions / Insights Last 24h; totalprice pode diferir do cartao Total Spend),2026-07-27T10:08:43Z
Richard,pv-composition-media-encrypted,0,0,0.000000,StartDate=2026-07-26 EndDate=2026-07-27 UTC (cover_days; soma dias GMT tocados pela janela ~24h — alinhamento tipico a SMS Transactions / Insights Last 24h; totalprice pode diferir do cartao Total Spend),2026-07-27T10:08:43Z
Richard,pv-composition-media-stored,0,0,0.000000,StartDate=2026-07-26 EndDate=2026-07-27 UTC (cover_days; soma dias GMT tocados pela janela ~24h — alinhamento tipico a SMS Transactions / Insights Last 24h; totalprice pode diferir do cartao Total Spend),2026-07-27T10:08:43Z
Richard,pv-composition-minutes,0,0,0.000000,StartDate=2026-07-26 EndDate=2026-07-27 UTC (cover_days; soma dias GMT tocados pela janela ~24h — alinhamento tipico a SMS Transactions / Insights Last 24h; totalprice pode diferir do cartao Total Spend),2026-07-27T10:08:43Z
Richard,pv-recording-compositions,0,0,0.000000,StartDate=2026-07-26 EndDate=2026-07-27 UTC (cover_days; soma dias GMT tocados pela janela ~24h — alinhamento tipico a SMS Transactions / Insights Last 24h; totalprice pode diferir do cartao Total Spend),2026-07-27T10:08:43Z
Richard,pv-room-participants,0,0,0.000000,StartDate=2026-07-26 EndDate=2026-07-27 UTC (cover_days; soma dias GMT tocados pela janela ~24h — alinhamento tipico a SMS Transactions / Insights Last 24h; totalprice pode diferir do cartao Total Spend),2026-07-27T10:08:43Z
Richard,pv-room-participants-au1,0,0,0.000000,StartDate=2026-07-26 EndDate=2026-07-27 UTC (cover_days; soma dias GMT tocados pela janela ~24h — alinhamento tipico a SMS Transactions / Insights Last 24h; totalprice pode diferir do cartao Total Spend),2026-07-27T10:08:43Z
Richard,pv-room-participants-br1,0,0,0.000000,StartDate=2026-07-26 EndDate=2026-07-27 UTC (cover_days; soma dias GMT tocados pela janela ~24h — alinhamento tipico a SMS Transactions / Insights Last 24h; totalprice pode diferir do cartao Total Spend),2026-07-27T10:08:43Z
Richard,pv-room-participants-ie1,0,0,0.000000,StartDate=2026-07-26 EndDate=2026-07-27 UTC (cover_days; soma dias GMT tocados pela janela ~24h — alinhamento tipico a SMS Transactions / Insights Last 24h; totalprice pode diferir do cartao Total Spend),2026-07-27T10:08:43Z
Richard,pv-room-participants-jp1,0,0,0.000000,StartDate=2026-07-26 EndDate=2026-07-27 UTC (cover_days; soma dias GMT tocados pela janela ~24h — alinhamento tipico a SMS Transactions / Insights Last 24h; totalprice pode diferir do cartao Total Spend),2026-07-27T10:08:43Z
Richard,pv-room-participants-sg1,0,0,0.000000,StartDate=2026-07-26 EndDate=2026-07-27 UTC (cover_days; soma dias GMT tocados pela janela ~24h — alinhamento tipico a SMS Transactions / Insights Last 24h; totalprice pode diferir do cartao Total Spend),2026-07-27T10:08:43Z
Richard,pv-room-participants-us1,0,0,0.000000,StartDate=2026-07-26 EndDate=2026-07-27 UTC (cover_days; soma dias GMT tocados pela janela ~24h — alinhamento tipico a SMS Transactions / Insights Last 24h; totalprice pode diferir do cartao Total Spend),2026-07-27T10:08:43Z
Richard,pv-room-participants-us2,0,0,0.000000,StartDate=2026-07-26 EndDate=2026-07-27 UTC (cover_days; soma dias GMT tocados pela janela ~24h — alinhamento tipico a SMS Transactions / Insights Last 24h; totalprice pode diferir do cartao Total Spend),2026-07-27T10:08:43Z
Richard,pv-rooms,0,0,0.000000,StartDate=2026-07-26 EndDate=2026-07-27 UTC (cover_days; soma dias GMT tocados pela janela ~24h — alinhamento tipico a SMS Transactions / Insights Last 24h; totalprice pode diferir do cartao Total Spend),2026-07-27T10:08:43Z
Richard,pv-sip-endpoint-registrations,0,0,0.000000,StartDate=2026-07-26 EndDate=2026-07-27 UTC (cover_days; soma dias GMT tocados pela janela ~24h — alinhamento tipico a SMS Transactions / Insights Last 24h; totalprice pode diferir do cartao Total Spend),2026-07-27T10:08:43Z
Richard,rcs-messages,0,0,0.000000,StartDate=2026-07-26 EndDate=2026-07-27 UTC (cover_days; soma dias GMT tocados pela janela ~24h — alinhamento tipico a SMS Transactions / Insights Last 24h; totalprice pode diferir do cartao Total Spend),2026-07-27T10:08:43Z
Richard,reassigned-number,0,0,0.000000,StartDate=2026-07-26 EndDate=2026-07-27 UTC (cover_days; soma dias GMT tocados pela janela ~24h — alinhamento tipico a SMS Transactions / Insights Last 24h; totalprice pode diferir do cartao Total Spend),2026-07-27T10:08:43Z
Richard,recordings,0,0,0.000000,StartDate=2026-07-26 EndDate=2026-07-27 UTC (cover_days; soma dias GMT tocados pela janela ~24h — alinhamento tipico a SMS Transactions / Insights Last 24h; totalprice pode diferir do cartao Total Spend),2026-07-27T10:08:43Z
Richard,shortcodes,0,0,0.000000,StartDate=2026-07-26 EndDate=2026-07-27 UTC (cover_days; soma dias GMT tocados pela janela ~24h — alinhamento tipico a SMS Transactions / Insights Last 24h; totalprice pode diferir do cartao Total Spend),2026-07-27T10:08:43Z
Richard,shortcodes-customerowned,0,0,0.000000,StartDate=2026-07-26 EndDate=2026-07-27 UTC (cover_days; soma dias GMT tocados pela janela ~24h — alinhamento tipico a SMS Transactions / Insights Last 24h; totalprice pode diferir do cartao Total Spend),2026-07-27T10:08:43Z
Richard,shortcodes-mms-enablement,0,0,0.000000,StartDate=2026-07-26 EndDate=2026-07-27 UTC (cover_days; soma dias GMT tocados pela janela ~24h — alinhamento tipico a SMS Transactions / Insights Last 24h; totalprice pode diferir do cartao Total Spend),2026-07-27T10:08:43Z
Richard,shortcodes-mps,0,0,0.000000,StartDate=2026-07-26 EndDate=2026-07-27 UTC (cover_days; soma dias GMT tocados pela janela ~24h — alinhamento tipico a SMS Transactions / Insights Last 24h; totalprice pode diferir do cartao Total Spend),2026-07-27T10:08:43Z
Richard,shortcodes-random,0,0,0.000000,StartDate=2026-07-26 EndDate=2026-07-27 UTC (cover_days; soma dias GMT tocados pela janela ~24h — alinhamento tipico a SMS Transactions / Insights Last 24h; totalprice pode diferir do cartao Total Spend),2026-07-27T10:08:43Z
Richard,shortcodes-setup-fees,0,0,0.000000,StartDate=2026-07-26 EndDate=2026-07-27 UTC (cover_days; soma dias GMT tocados pela janela ~24h — alinhamento tipico a SMS Transactions / Insights Last 24h; totalprice pode diferir do cartao Total Spend),2026-07-27T10:08:43Z
Richard,shortcodes-uk,0,0,0.000000,StartDate=2026-07-26 EndDate=2026-07-27 UTC (cover_days; soma dias GMT tocados pela janela ~24h — alinhamento tipico a SMS Transactions / Insights Last 24h; totalprice pode diferir do cartao Total Spend),2026-07-27T10:08:43Z
Richard,shortcodes-vanity,0,0,0.000000,StartDate=2026-07-26 EndDate=2026-07-27 UTC (cover_days; soma dias GMT tocados pela janela ~24h — alinhamento tipico a SMS Transactions / Insights Last 24h; totalprice pode diferir do cartao Total Spend),2026-07-27T10:08:43Z
Richard,sim-swap-lookups,0,0,0.000000,StartDate=2026-07-26 EndDate=2026-07-27 UTC (cover_days; soma dias GMT tocados pela janela ~24h — alinhamento tipico a SMS Transactions / Insights Last 24h; totalprice pode diferir do cartao Total Spend),2026-07-27T10:08:43Z
Richard,sip-secure-media,0,0,0.000000,StartDate=2026-07-26 EndDate=2026-07-27 UTC (cover_days; soma dias GMT tocados pela janela ~24h — alinhamento tipico a SMS Transactions / Insights Last 24h; totalprice pode diferir do cartao Total Spend),2026-07-27T10:08:43Z
Richard,small-group-rooms,0,0,0.000000,StartDate=2026-07-26 EndDate=2026-07-27 UTC (cover_days; soma dias GMT tocados pela janela ~24h — alinhamento tipico a SMS Transactions / Insights Last 24h; totalprice pode diferir do cartao Total Spend),2026-07-27T10:08:43Z
Richard,small-group-rooms-data-track,0,0,0.000000,StartDate=2026-07-26 EndDate=2026-07-27 UTC (cover_days; soma dias GMT tocados pela janela ~24h — alinhamento tipico a SMS Transactions / Insights Last 24h; totalprice pode diferir do cartao Total Spend),2026-07-27T10:08:43Z
Richard,small-group-rooms-participant-minutes,0,0,0.000000,StartDate=2026-07-26 EndDate=2026-07-27 UTC (cover_days; soma dias GMT tocados pela janela ~24h — alinhamento tipico a SMS Transactions / Insights Last 24h; totalprice pode diferir do cartao Total Spend),2026-07-27T10:08:43Z
Richard,sms-inbound-longcode,0,0,0.000000,StartDate=2026-07-26 EndDate=2026-07-27 UTC (cover_days; soma dias GMT tocados pela janela ~24h — alinhamento tipico a SMS Transactions / Insights Last 24h; totalprice pode diferir do cartao Total Spend),2026-07-27T10:08:43Z
Richard,sms-inbound-shortcode,0,0,0.000000,StartDate=2026-07-26 EndDate=2026-07-27 UTC (cover_days; soma dias GMT tocados pela janela ~24h — alinhamento tipico a SMS Transactions / Insights Last 24h; totalprice pode diferir do cartao Total Spend),2026-07-27T10:08:43Z
Richard,sms-messages-features,0,0,0.000000,StartDate=2026-07-26 EndDate=2026-07-27 UTC (cover_days; soma dias GMT tocados pela janela ~24h — alinhamento tipico a SMS Transactions / Insights Last 24h; totalprice pode diferir do cartao Total Spend),2026-07-27T10:08:43Z
Richard,sms-messages-features-engagement-suite,0,0,0.000000,StartDate=2026-07-26 EndDate=2026-07-27 UTC (cover_days; soma dias GMT tocados pela janela ~24h — alinhamento tipico a SMS Transactions / Insights Last 24h; totalprice pode diferir do cartao Total Spend),2026-07-27T10:08:43Z
Richard,sms-messages-features-message-redaction,0,0,0.000000,StartDate=2026-07-26 EndDate=2026-07-27 UTC (cover_days; soma dias GMT tocados pela janela ~24h — alinhamento tipico a SMS Transactions / Insights Last 24h; totalprice pode diferir do cartao Total Spend),2026-07-27T10:08:43Z
Richard,sms-messages-features-senderid,0,0,0.000000,StartDate=2026-07-26 EndDate=2026-07-27 UTC (cover_days; soma dias GMT tocados pela janela ~24h — alinhamento tipico a SMS Transactions / Insights Last 24h; totalprice pode diferir do cartao Total Spend),2026-07-27T10:08:43Z
Richard,sms-mps,0,0,0.000000,StartDate=2026-07-26 EndDate=2026-07-27 UTC (cover_days; soma dias GMT tocados pela janela ~24h — alinhamento tipico a SMS Transactions / Insights Last 24h; totalprice pode diferir do cartao Total Spend),2026-07-27T10:08:43Z
Richard,sms-mps-shortcode,0,0,0.000000,StartDate=2026-07-26 EndDate=2026-07-27 UTC (cover_days; soma dias GMT tocados pela janela ~24h — alinhamento tipico a SMS Transactions / Insights Last 24h; totalprice pode diferir do cartao Total Spend),2026-07-27T10:08:43Z
Richard,sms-mps-tollfree,0,0,0.000000,StartDate=2026-07-26 EndDate=2026-07-27 UTC (cover_days; soma dias GMT tocados pela janela ~24h — alinhamento tipico a SMS Transactions / Insights Last 24h; totalprice pode diferir do cartao Total Spend),2026-07-27T10:08:43Z
Richard,sms-mps-tollfree-setup,0,0,0.000000,StartDate=2026-07-26 EndDate=2026-07-27 UTC (cover_days; soma dias GMT tocados pela janela ~24h — alinhamento tipico a SMS Transactions / Insights Last 24h; totalprice pode diferir do cartao Total Spend),2026-07-27T10:08:43Z
Richard,sms-national-regulatory-protection,0,0,0.000000,StartDate=2026-07-26 EndDate=2026-07-27 UTC (cover_days; soma dias GMT tocados pela janela ~24h — alinhamento tipico a SMS Transactions / Insights Last 24h; totalprice pode diferir do cartao Total Spend),2026-07-27T10:08:43Z
Richard,sms-outbound-content-inspection,0,0,0.000000,StartDate=2026-07-26 EndDate=2026-07-27 UTC (cover_days; soma dias GMT tocados pela janela ~24h — alinhamento tipico a SMS Transactions / Insights Last 24h; totalprice pode diferir do cartao Total Spend),2026-07-27T10:08:43Z
Richard,sms-outbound-shortcode,0,0,0.000000,StartDate=2026-07-26 EndDate=2026-07-27 UTC (cover_days; soma dias GMT tocados pela janela ~24h — alinhamento tipico a SMS Transactions / Insights Last 24h; totalprice pode diferir do cartao Total Spend),2026-07-27T10:08:43Z
Richard,sms-pumping-protection,0,0,0.000000,StartDate=2026-07-26 EndDate=2026-07-27 UTC (cover_days; soma dias GMT tocados pela janela ~24h — alinhamento tipico a SMS Transactions / Insights Last 24h; totalprice pode diferir do cartao Total Spend),2026-07-27T10:08:43Z
Richard,sms-pumping-risk,0,0,0.000000,StartDate=2026-07-26 EndDate=2026-07-27 UTC (cover_days; soma dias GMT tocados pela janela ~24h — alinhamento tipico a SMS Transactions / Insights Last 24h; totalprice pode diferir do cartao Total Spend),2026-07-27T10:08:43Z
Richard,smsmessages-bucket-adjustments,0,0,0.000000,StartDate=2026-07-26 EndDate=2026-07-27 UTC (cover_days; soma dias GMT tocados pela janela ~24h — alinhamento tipico a SMS Transactions / Insights Last 24h; totalprice pode diferir do cartao Total Spend),2026-07-27T10:08:43Z
Richard,smsmessages-outbound-domestic,0,0,0.000000,StartDate=2026-07-26 EndDate=2026-07-27 UTC (cover_days; soma dias GMT tocados pela janela ~24h — alinhamento tipico a SMS Transactions / Insights Last 24h; totalprice pode diferir do cartao Total Spend),2026-07-27T10:08:43Z
Richard,speech-recognition,0,0,0.000000,StartDate=2026-07-26 EndDate=2026-07-27 UTC (cover_days; soma dias GMT tocados pela janela ~24h — alinhamento tipico a SMS Transactions / Insights Last 24h; totalprice pode diferir do cartao Total Spend),2026-07-27T10:08:43Z
Richard,studio-engagements,0,0,0.000000,StartDate=2026-07-26 EndDate=2026-07-27 UTC (cover_days; soma dias GMT tocados pela janela ~24h — alinhamento tipico a SMS Transactions / Insights Last 24h; totalprice pode diferir do cartao Total Spend),2026-07-27T10:08:43Z
Richard,sync,0,0,0.000000,StartDate=2026-07-26 EndDate=2026-07-27 UTC (cover_days; soma dias GMT tocados pela janela ~24h — alinhamento tipico a SMS Transactions / Insights Last 24h; totalprice pode diferir do cartao Total Spend),2026-07-27T10:08:43Z
Richard,sync-actions,0,0,0.000000,StartDate=2026-07-26 EndDate=2026-07-27 UTC (cover_days; soma dias GMT tocados pela janela ~24h — alinhamento tipico a SMS Transactions / Insights Last 24h; totalprice pode diferir do cartao Total Spend),2026-07-27T10:08:43Z
Richard,sync-endpoint-hours,0,0,0.000000,StartDate=2026-07-26 EndDate=2026-07-27 UTC (cover_days; soma dias GMT tocados pela janela ~24h — alinhamento tipico a SMS Transactions / Insights Last 24h; totalprice pode diferir do cartao Total Spend),2026-07-27T10:08:43Z
Richard,sync-endpoint-hours-above-daily-cap,0,0,0.000000,StartDate=2026-07-26 EndDate=2026-07-27 UTC (cover_days; soma dias GMT tocados pela janela ~24h — alinhamento tipico a SMS Transactions / Insights Last 24h; totalprice pode diferir do cartao Total Spend),2026-07-27T10:08:43Z
Richard,taskrouter-tasks,0,0,0.000000,StartDate=2026-07-26 EndDate=2026-07-27 UTC (cover_days; soma dias GMT tocados pela janela ~24h — alinhamento tipico a SMS Transactions / Insights Last 24h; totalprice pode diferir do cartao Total Spend),2026-07-27T10:08:43Z
Richard,transcriptions,0,0,0.000000,StartDate=2026-07-26 EndDate=2026-07-27 UTC (cover_days; soma dias GMT tocados pela janela ~24h — alinhamento tipico a SMS Transactions / Insights Last 24h; totalprice pode diferir do cartao Total Spend),2026-07-27T10:08:43Z
Richard,trunking-cps,0,0,0.000000,StartDate=2026-07-26 EndDate=2026-07-27 UTC (cover_days; soma dias GMT tocados pela janela ~24h — alinhamento tipico a SMS Transactions / Insights Last 24h; totalprice pode diferir do cartao Total Spend),2026-07-27T10:08:43Z
Richard,trunking-emergency-calls,0,0,0.000000,StartDate=2026-07-26 EndDate=2026-07-27 UTC (cover_days; soma dias GMT tocados pela janela ~24h — alinhamento tipico a SMS Transactions / Insights Last 24h; totalprice pode diferir do cartao Total Spend),2026-07-27T10:08:43Z
Richard,trunking-origination,0,0,0.000000,StartDate=2026-07-26 EndDate=2026-07-27 UTC (cover_days; soma dias GMT tocados pela janela ~24h — alinhamento tipico a SMS Transactions / Insights Last 24h; totalprice pode diferir do cartao Total Spend),2026-07-27T10:08:43Z
Richard,trunking-origination-local,0,0,0.000000,StartDate=2026-07-26 EndDate=2026-07-27 UTC (cover_days; soma dias GMT tocados pela janela ~24h — alinhamento tipico a SMS Transactions / Insights Last 24h; totalprice pode diferir do cartao Total Spend),2026-07-27T10:08:43Z
Richard,trunking-origination-mobile,0,0,0.000000,StartDate=2026-07-26 EndDate=2026-07-27 UTC (cover_days; soma dias GMT tocados pela janela ~24h — alinhamento tipico a SMS Transactions / Insights Last 24h; totalprice pode diferir do cartao Total Spend),2026-07-27T10:08:43Z
Richard,trunking-origination-tollfree,0,0,0.000000,StartDate=2026-07-26 EndDate=2026-07-27 UTC (cover_days; soma dias GMT tocados pela janela ~24h — alinhamento tipico a SMS Transactions / Insights Last 24h; totalprice pode diferir do cartao Total Spend),2026-07-27T10:08:43Z
Richard,trunking-recordings,0,0,0.000000,StartDate=2026-07-26 EndDate=2026-07-27 UTC (cover_days; soma dias GMT tocados pela janela ~24h — alinhamento tipico a SMS Transactions / Insights Last 24h; totalprice pode diferir do cartao Total Spend),2026-07-27T10:08:43Z
Richard,trunking-secure,0,0,0.000000,StartDate=2026-07-26 EndDate=2026-07-27 UTC (cover_days; soma dias GMT tocados pela janela ~24h — alinhamento tipico a SMS Transactions / Insights Last 24h; totalprice pode diferir do cartao Total Spend),2026-07-27T10:08:43Z
Richard,trunking-termination,0,0,0.000000,StartDate=2026-07-26 EndDate=2026-07-27 UTC (cover_days; soma dias GMT tocados pela janela ~24h — alinhamento tipico a SMS Transactions / Insights Last 24h; totalprice pode diferir do cartao Total Spend),2026-07-27T10:08:43Z
Richard,tts-google,0,0,0.000000,StartDate=2026-07-26 EndDate=2026-07-27 UTC (cover_days; soma dias GMT tocados pela janela ~24h — alinhamento tipico a SMS Transactions / Insights Last 24h; totalprice pode diferir do cartao Total Spend),2026-07-27T10:08:43Z
Richard,turnmegabytes,0,0,0.000000,StartDate=2026-07-26 EndDate=2026-07-27 UTC (cover_days; soma dias GMT tocados pela janela ~24h — alinhamento tipico a SMS Transactions / Insights Last 24h; totalprice pode diferir do cartao Total Spend),2026-07-27T10:08:43Z
Richard,turnmegabytes-australia,0,0,0.000000,StartDate=2026-07-26 EndDate=2026-07-27 UTC (cover_days; soma dias GMT tocados pela janela ~24h — alinhamento tipico a SMS Transactions / Insights Last 24h; totalprice pode diferir do cartao Total Spend),2026-07-27T10:08:43Z
Richard,turnmegabytes-brasil,0,0,0.000000,StartDate=2026-07-26 EndDate=2026-07-27 UTC (cover_days; soma dias GMT tocados pela janela ~24h — alinhamento tipico a SMS Transactions / Insights Last 24h; totalprice pode diferir do cartao Total Spend),2026-07-27T10:08:43Z
Richard,turnmegabytes-germany,0,0,0.000000,StartDate=2026-07-26 EndDate=2026-07-27 UTC (cover_days; soma dias GMT tocados pela janela ~24h — alinhamento tipico a SMS Transactions / Insights Last 24h; totalprice pode diferir do cartao Total Spend),2026-07-27T10:08:43Z
Richard,turnmegabytes-india,0,0,0.000000,StartDate=2026-07-26 EndDate=2026-07-27 UTC (cover_days; soma dias GMT tocados pela janela ~24h — alinhamento tipico a SMS Transactions / Insights Last 24h; totalprice pode diferir do cartao Total Spend),2026-07-27T10:08:43Z
Richard,turnmegabytes-ireland,0,0,0.000000,StartDate=2026-07-26 EndDate=2026-07-27 UTC (cover_days; soma dias GMT tocados pela janela ~24h — alinhamento tipico a SMS Transactions / Insights Last 24h; totalprice pode diferir do cartao Total Spend),2026-07-27T10:08:43Z
Richard,turnmegabytes-japan,0,0,0.000000,StartDate=2026-07-26 EndDate=2026-07-27 UTC (cover_days; soma dias GMT tocados pela janela ~24h — alinhamento tipico a SMS Transactions / Insights Last 24h; totalprice pode diferir do cartao Total Spend),2026-07-27T10:08:43Z
Richard,turnmegabytes-singapore,0,0,0.000000,StartDate=2026-07-26 EndDate=2026-07-27 UTC (cover_days; soma dias GMT tocados pela janela ~24h — alinhamento tipico a SMS Transactions / Insights Last 24h; totalprice pode diferir do cartao Total Spend),2026-07-27T10:08:43Z
Richard,turnmegabytes-useast,0,0,0.000000,StartDate=2026-07-26 EndDate=2026-07-27 UTC (cover_days; soma dias GMT tocados pela janela ~24h — alinhamento tipico a SMS Transactions / Insights Last 24h; totalprice pode diferir do cartao Total Spend),2026-07-27T10:08:43Z
Richard,turnmegabytes-uswest,0,0,0.000000,StartDate=2026-07-26 EndDate=2026-07-27 UTC (cover_days; soma dias GMT tocados pela janela ~24h — alinhamento tipico a SMS Transactions / Insights Last 24h; totalprice pode diferir do cartao Total Spend),2026-07-27T10:08:43Z
Richard,twilio-authored-language-operators-input-output,0,0,0.000000,StartDate=2026-07-26 EndDate=2026-07-27 UTC (cover_days; soma dias GMT tocados pela janela ~24h — alinhamento tipico a SMS Transactions / Insights Last 24h; totalprice pode diferir do cartao Total Spend),2026-07-27T10:08:43Z
Richard,twilio-for-salesforce,0,0,0.000000,StartDate=2026-07-26 EndDate=2026-07-27 UTC (cover_days; soma dias GMT tocados pela janela ~24h — alinhamento tipico a SMS Transactions / Insights Last 24h; totalprice pode diferir do cartao Total Spend),2026-07-27T10:08:43Z
Richard,twilio-for-salesforce-licenses,0,0,0.000000,StartDate=2026-07-26 EndDate=2026-07-27 UTC (cover_days; soma dias GMT tocados pela janela ~24h — alinhamento tipico a SMS Transactions / Insights Last 24h; totalprice pode diferir do cartao Total Spend),2026-07-27T10:08:43Z
Richard,twilio-interconnect,0,0,0.000000,StartDate=2026-07-26 EndDate=2026-07-27 UTC (cover_days; soma dias GMT tocados pela janela ~24h — alinhamento tipico a SMS Transactions / Insights Last 24h; totalprice pode diferir do cartao Total Spend),2026-07-27T10:08:43Z
Richard,twiml,0,0,0.000000,StartDate=2026-07-26 EndDate=2026-07-27 UTC (cover_days; soma dias GMT tocados pela janela ~24h — alinhamento tipico a SMS Transactions / Insights Last 24h; totalprice pode diferir do cartao Total Spend),2026-07-27T10:08:43Z
Richard,usage-flex-video,0,0,0.000000,StartDate=2026-07-26 EndDate=2026-07-27 UTC (cover_days; soma dias GMT tocados pela janela ~24h — alinhamento tipico a SMS Transactions / Insights Last 24h; totalprice pode diferir do cartao Total Spend),2026-07-27T10:08:43Z
Richard,usage-functions,0,0,0.000000,StartDate=2026-07-26 EndDate=2026-07-27 UTC (cover_days; soma dias GMT tocados pela janela ~24h — alinhamento tipico a SMS Transactions / Insights Last 24h; totalprice pode diferir do cartao Total Spend),2026-07-27T10:08:43Z
Richard,usage-rcs-basic-messages-outbound,0,0,0.000000,StartDate=2026-07-26 EndDate=2026-07-27 UTC (cover_days; soma dias GMT tocados pela janela ~24h — alinhamento tipico a SMS Transactions / Insights Last 24h; totalprice pode diferir do cartao Total Spend),2026-07-27T10:08:43Z
Richard,usage-rcs-messages,0,0,0.000000,StartDate=2026-07-26 EndDate=2026-07-27 UTC (cover_days; soma dias GMT tocados pela janela ~24h — alinhamento tipico a SMS Transactions / Insights Last 24h; totalprice pode diferir do cartao Total Spend),2026-07-27T10:08:43Z
Richard,usage-rcs-messages-inbound,0,0,0.000000,StartDate=2026-07-26 EndDate=2026-07-27 UTC (cover_days; soma dias GMT tocados pela janela ~24h — alinhamento tipico a SMS Transactions / Insights Last 24h; totalprice pode diferir do cartao Total Spend),2026-07-27T10:08:43Z
Richard,usage-rcs-messaging-carrier-fees,0,0,0.000000,StartDate=2026-07-26 EndDate=2026-07-27 UTC (cover_days; soma dias GMT tocados pela janela ~24h — alinhamento tipico a SMS Transactions / Insights Last 24h; totalprice pode diferir do cartao Total Spend),2026-07-27T10:08:43Z
Richard,usage-rcs-rich-media-messages-inbound,0,0,0.000000,StartDate=2026-07-26 EndDate=2026-07-27 UTC (cover_days; soma dias GMT tocados pela janela ~24h — alinhamento tipico a SMS Transactions / Insights Last 24h; totalprice pode diferir do cartao Total Spend),2026-07-27T10:08:43Z
Richard,usage-rcs-rich-media-messages-outbound,0,0,0.000000,StartDate=2026-07-26 EndDate=2026-07-27 UTC (cover_days; soma dias GMT tocados pela janela ~24h — alinhamento tipico a SMS Transactions / Insights Last 24h; totalprice pode diferir do cartao Total Spend),2026-07-27T10:08:43Z
Richard,usage-rcs-rich-messages-inbound,0,0,0.000000,StartDate=2026-07-26 EndDate=2026-07-27 UTC (cover_days; soma dias GMT tocados pela janela ~24h — alinhamento tipico a SMS Transactions / Insights Last 24h; totalprice pode diferir do cartao Total Spend),2026-07-27T10:08:43Z
Richard,usage-rcs-rich-messages-outbound,0,0,0.000000,StartDate=2026-07-26 EndDate=2026-07-27 UTC (cover_days; soma dias GMT tocados pela janela ~24h — alinhamento tipico a SMS Transactions / Insights Last 24h; totalprice pode diferir do cartao Total Spend),2026-07-27T10:08:43Z
Richard,usage-rcs-single-messages-outbound,0,0,0.000000,StartDate=2026-07-26 EndDate=2026-07-27 UTC (cover_days; soma dias GMT tocados pela janela ~24h — alinhamento tipico a SMS Transactions / Insights Last 24h; totalprice pode diferir do cartao Total Spend),2026-07-27T10:08:43Z
Richard,verify-package-plans,0,0,0.000000,StartDate=2026-07-26 EndDate=2026-07-27 UTC (cover_days; soma dias GMT tocados pela janela ~24h — alinhamento tipico a SMS Transactions / Insights Last 24h; totalprice pode diferir do cartao Total Spend),2026-07-27T10:08:43Z
Richard,verify-push,0,0,0.000000,StartDate=2026-07-26 EndDate=2026-07-27 UTC (cover_days; soma dias GMT tocados pela janela ~24h — alinhamento tipico a SMS Transactions / Insights Last 24h; totalprice pode diferir do cartao Total Spend),2026-07-27T10:08:43Z
Richard,verify-sna,0,0,0.000000,StartDate=2026-07-26 EndDate=2026-07-27 UTC (cover_days; soma dias GMT tocados pela janela ~24h — alinhamento tipico a SMS Transactions / Insights Last 24h; totalprice pode diferir do cartao Total Spend),2026-07-27T10:08:43Z
Richard,verify-totp,0,0,0.000000,StartDate=2026-07-26 EndDate=2026-07-27 UTC (cover_days; soma dias GMT tocados pela janela ~24h — alinhamento tipico a SMS Transactions / Insights Last 24h; totalprice pode diferir do cartao Total Spend),2026-07-27T10:08:43Z
Richard,verify-voice-sms,0,0,0.000000,StartDate=2026-07-26 EndDate=2026-07-27 UTC (cover_days; soma dias GMT tocados pela janela ~24h — alinhamento tipico a SMS Transactions / Insights Last 24h; totalprice pode diferir do cartao Total Spend),2026-07-27T10:08:43Z
Richard,verify-whatsapp-conversations-business-initiated,0,0,0.000000,StartDate=2026-07-26 EndDate=2026-07-27 UTC (cover_days; soma dias GMT tocados pela janela ~24h — alinhamento tipico a SMS Transactions / Insights Last 24h; totalprice pode diferir do cartao Total Spend),2026-07-27T10:08:43Z
Richard,verify-whatsapp-template-business-initiated,0,0,0.000000,StartDate=2026-07-26 EndDate=2026-07-27 UTC (cover_days; soma dias GMT tocados pela janela ~24h — alinhamento tipico a SMS Transactions / Insights Last 24h; totalprice pode diferir do cartao Total Spend),2026-07-27T10:08:43Z
Richard,video-recordings,0,0,0.000000,StartDate=2026-07-26 EndDate=2026-07-27 UTC (cover_days; soma dias GMT tocados pela janela ~24h — alinhamento tipico a SMS Transactions / Insights Last 24h; totalprice pode diferir do cartao Total Spend),2026-07-27T10:08:43Z
Richard,video-rooms-turn-megabytes,0,0,0.000000,StartDate=2026-07-26 EndDate=2026-07-27 UTC (cover_days; soma dias GMT tocados pela janela ~24h — alinhamento tipico a SMS Transactions / Insights Last 24h; totalprice pode diferir do cartao Total Spend),2026-07-27T10:08:43Z
Richard,virtual-agent,0,0,0.000000,StartDate=2026-07-26 EndDate=2026-07-27 UTC (cover_days; soma dias GMT tocados pela janela ~24h — alinhamento tipico a SMS Transactions / Insights Last 24h; totalprice pode diferir do cartao Total Spend),2026-07-27T10:08:43Z
Richard,voice,0,0,0.000000,StartDate=2026-07-26 EndDate=2026-07-27 UTC (cover_days; soma dias GMT tocados pela janela ~24h — alinhamento tipico a SMS Transactions / Insights Last 24h; totalprice pode diferir do cartao Total Spend),2026-07-27T10:08:43Z
Richard,voice-connectivity,0,0,0.000000,StartDate=2026-07-26 EndDate=2026-07-27 UTC (cover_days; soma dias GMT tocados pela janela ~24h — alinhamento tipico a SMS Transactions / Insights Last 24h; totalprice pode diferir do cartao Total Spend),2026-07-27T10:08:43Z
Richard,voice-connectivity-features,0,0,0.000000,StartDate=2026-07-26 EndDate=2026-07-27 UTC (cover_days; soma dias GMT tocados pela janela ~24h — alinhamento tipico a SMS Transactions / Insights Last 24h; totalprice pode diferir do cartao Total Spend),2026-07-27T10:08:43Z
Richard,voice-insights,0,0,0.000000,StartDate=2026-07-26 EndDate=2026-07-27 UTC (cover_days; soma dias GMT tocados pela janela ~24h — alinhamento tipico a SMS Transactions / Insights Last 24h; totalprice pode diferir do cartao Total Spend),2026-07-27T10:08:43Z
Richard,voice-insights-client-insights-on-demand-minute,0,0,0.000000,StartDate=2026-07-26 EndDate=2026-07-27 UTC (cover_days; soma dias GMT tocados pela janela ~24h — alinhamento tipico a SMS Transactions / Insights Last 24h; totalprice pode diferir do cartao Total Spend),2026-07-27T10:08:43Z
Richard,voice-insights-ptsn-insights-on-demand-minute,0,0,0.000000,StartDate=2026-07-26 EndDate=2026-07-27 UTC (cover_days; soma dias GMT tocados pela janela ~24h — alinhamento tipico a SMS Transactions / Insights Last 24h; totalprice pode diferir do cartao Total Spend),2026-07-27T10:08:43Z
Richard,voice-insights-sip-interface-insights-on-demand-minute,0,0,0.000000,StartDate=2026-07-26 EndDate=2026-07-27 UTC (cover_days; soma dias GMT tocados pela janela ~24h — alinhamento tipico a SMS Transactions / Insights Last 24h; totalprice pode diferir do cartao Total Spend),2026-07-27T10:08:43Z
Richard,voice-insights-sip-trunking-insights-on-demand-minute,0,0,0.000000,StartDate=2026-07-26 EndDate=2026-07-27 UTC (cover_days; soma dias GMT tocados pela janela ~24h — alinhamento tipico a SMS Transactions / Insights Last 24h; totalprice pode diferir do cartao Total Spend),2026-07-27T10:08:43Z
Richard,voice-intelligence,0,0,0.000000,StartDate=2026-07-26 EndDate=2026-07-27 UTC (cover_days; soma dias GMT tocados pela janela ~24h — alinhamento tipico a SMS Transactions / Insights Last 24h; totalprice pode diferir do cartao Total Spend),2026-07-27T10:08:43Z
Richard,voice-intelligence-eip-operators,0,0,0.000000,StartDate=2026-07-26 EndDate=2026-07-27 UTC (cover_days; soma dias GMT tocados pela janela ~24h — alinhamento tipico a SMS Transactions / Insights Last 24h; totalprice pode diferir do cartao Total Spend),2026-07-27T10:08:43Z
Richard,voice-intelligence-operators,0,0,0.000000,StartDate=2026-07-26 EndDate=2026-07-27 UTC (cover_days; soma dias GMT tocados pela janela ~24h — alinhamento tipico a SMS Transactions / Insights Last 24h; totalprice pode diferir do cartao Total Spend),2026-07-27T10:08:43Z
Richard,voice-intelligence-transcription,0,0,0.000000,StartDate=2026-07-26 EndDate=2026-07-27 UTC (cover_days; soma dias GMT tocados pela janela ~24h — alinhamento tipico a SMS Transactions / Insights Last 24h; totalprice pode diferir do cartao Total Spend),2026-07-27T10:08:43Z
Richard,voice-intelligence-video-transcription,0,0,0.000000,StartDate=2026-07-26 EndDate=2026-07-27 UTC (cover_days; soma dias GMT tocados pela janela ~24h — alinhamento tipico a SMS Transactions / Insights Last 24h; totalprice pode diferir do cartao Total Spend),2026-07-27T10:08:43Z
Richard,wds,0,0,0.000000,StartDate=2026-07-26 EndDate=2026-07-27 UTC (cover_days; soma dias GMT tocados pela janela ~24h — alinhamento tipico a SMS Transactions / Insights Last 24h; totalprice pode diferir do cartao Total Spend),2026-07-27T10:08:43Z
Richard,wireless,0,0,0.000000,StartDate=2026-07-26 EndDate=2026-07-27 UTC (cover_days; soma dias GMT tocados pela janela ~24h — alinhamento tipico a SMS Transactions / Insights Last 24h; totalprice pode diferir do cartao Total Spend),2026-07-27T10:08:43Z
Richard,wireless-data,0,0,0.000000,StartDate=2026-07-26 EndDate=2026-07-27 UTC (cover_days; soma dias GMT tocados pela janela ~24h — alinhamento tipico a SMS Transactions / Insights Last 24h; totalprice pode diferir do cartao Total Spend),2026-07-27T10:08:43Z
Richard,wireless-data-payg,0,0,0.000000,StartDate=2026-07-26 EndDate=2026-07-27 UTC (cover_days; soma dias GMT tocados pela janela ~24h — alinhamento tipico a SMS Transactions / Insights Last 24h; totalprice pode diferir do cartao Total Spend),2026-07-27T10:08:43Z
Richard,wireless-data-payg-africa,0,0,0.000000,StartDate=2026-07-26 EndDate=2026-07-27 UTC (cover_days; soma dias GMT tocados pela janela ~24h — alinhamento tipico a SMS Transactions / Insights Last 24h; totalprice pode diferir do cartao Total Spend),2026-07-27T10:08:43Z
Richard,wireless-data-payg-asia,0,0,0.000000,StartDate=2026-07-26 EndDate=2026-07-27 UTC (cover_days; soma dias GMT tocados pela janela ~24h — alinhamento tipico a SMS Transactions / Insights Last 24h; totalprice pode diferir do cartao Total Spend),2026-07-27T10:08:43Z
Richard,wireless-data-payg-centralandsouthamerica,0,0,0.000000,StartDate=2026-07-26 EndDate=2026-07-27 UTC (cover_days; soma dias GMT tocados pela janela ~24h — alinhamento tipico a SMS Transactions / Insights Last 24h; totalprice pode diferir do cartao Total Spend),2026-07-27T10:08:43Z
Richard,wireless-data-payg-europe,0,0,0.000000,StartDate=2026-07-26 EndDate=2026-07-27 UTC (cover_days; soma dias GMT tocados pela janela ~24h — alinhamento tipico a SMS Transactions / Insights Last 24h; totalprice pode diferir do cartao Total Spend),2026-07-27T10:08:43Z
Richard,wireless-data-payg-northamerica,0,0,0.000000,StartDate=2026-07-26 EndDate=2026-07-27 UTC (cover_days; soma dias GMT tocados pela janela ~24h — alinhamento tipico a SMS Transactions / Insights Last 24h; totalprice pode diferir do cartao Total Spend),2026-07-27T10:08:43Z
Richard,wireless-data-payg-oceania,0,0,0.000000,StartDate=2026-07-26 EndDate=2026-07-27 UTC (cover_days; soma dias GMT tocados pela janela ~24h — alinhamento tipico a SMS Transactions / Insights Last 24h; totalprice pode diferir do cartao Total Spend),2026-07-27T10:08:43Z
Richard,wireless-data-quota1,0,0,0.000000,StartDate=2026-07-26 EndDate=2026-07-27 UTC (cover_days; soma dias GMT tocados pela janela ~24h — alinhamento tipico a SMS Transactions / Insights Last 24h; totalprice pode diferir do cartao Total Spend),2026-07-27T10:08:43Z
Richard,wireless-data-quota1-africa,0,0,0.000000,StartDate=2026-07-26 EndDate=2026-07-27 UTC (cover_days; soma dias GMT tocados pela janela ~24h — alinhamento tipico a SMS Transactions / Insights Last 24h; totalprice pode diferir do cartao Total Spend),2026-07-27T10:08:43Z
Richard,wireless-data-quota1-asia,0,0,0.000000,StartDate=2026-07-26 EndDate=2026-07-27 UTC (cover_days; soma dias GMT tocados pela janela ~24h — alinhamento tipico a SMS Transactions / Insights Last 24h; totalprice pode diferir do cartao Total Spend),2026-07-27T10:08:43Z
Richard,wireless-data-quota1-centralandsouthamerica,0,0,0.000000,StartDate=2026-07-26 EndDate=2026-07-27 UTC (cover_days; soma dias GMT tocados pela janela ~24h — alinhamento tipico a SMS Transactions / Insights Last 24h; totalprice pode diferir do cartao Total Spend),2026-07-27T10:08:43Z
Richard,wireless-data-quota1-europe,0,0,0.000000,StartDate=2026-07-26 EndDate=2026-07-27 UTC (cover_days; soma dias GMT tocados pela janela ~24h — alinhamento tipico a SMS Transactions / Insights Last 24h; totalprice pode diferir do cartao Total Spend),2026-07-27T10:08:43Z
Richard,wireless-data-quota1-northamerica,0,0,0.000000,StartDate=2026-07-26 EndDate=2026-07-27 UTC (cover_days; soma dias GMT tocados pela janela ~24h — alinhamento tipico a SMS Transactions / Insights Last 24h; totalprice pode diferir do cartao Total Spend),2026-07-27T10:08:43Z
Richard,wireless-data-quota1-oceania,0,0,0.000000,StartDate=2026-07-26 EndDate=2026-07-27 UTC (cover_days; soma dias GMT tocados pela janela ~24h — alinhamento tipico a SMS Transactions / Insights Last 24h; totalprice pode diferir do cartao Total Spend),2026-07-27T10:08:43Z
Richard,wireless-data-quota10,0,0,0.000000,StartDate=2026-07-26 EndDate=2026-07-27 UTC (cover_days; soma dias GMT tocados pela janela ~24h — alinhamento tipico a SMS Transactions / Insights Last 24h; totalprice pode diferir do cartao Total Spend),2026-07-27T10:08:43Z
Richard,wireless-data-quota10-africa,0,0,0.000000,StartDate=2026-07-26 EndDate=2026-07-27 UTC (cover_days; soma dias GMT tocados pela janela ~24h — alinhamento tipico a SMS Transactions / Insights Last 24h; totalprice pode diferir do cartao Total Spend),2026-07-27T10:08:43Z
Richard,wireless-data-quota10-asia,0,0,0.000000,StartDate=2026-07-26 EndDate=2026-07-27 UTC (cover_days; soma dias GMT tocados pela janela ~24h — alinhamento tipico a SMS Transactions / Insights Last 24h; totalprice pode diferir do cartao Total Spend),2026-07-27T10:08:43Z
Richard,wireless-data-quota10-centralandsouthamerica,0,0,0.000000,StartDate=2026-07-26 EndDate=2026-07-27 UTC (cover_days; soma dias GMT tocados pela janela ~24h — alinhamento tipico a SMS Transactions / Insights Last 24h; totalprice pode diferir do cartao Total Spend),2026-07-27T10:08:43Z
Richard,wireless-data-quota10-europe,0,0,0.000000,StartDate=2026-07-26 EndDate=2026-07-27 UTC (cover_days; soma dias GMT tocados pela janela ~24h — alinhamento tipico a SMS Transactions / Insights Last 24h; totalprice pode diferir do cartao Total Spend),2026-07-27T10:08:43Z
Richard,wireless-data-quota10-northamerica,0,0,0.000000,StartDate=2026-07-26 EndDate=2026-07-27 UTC (cover_days; soma dias GMT tocados pela janela ~24h — alinhamento tipico a SMS Transactions / Insights Last 24h; totalprice pode diferir do cartao Total Spend),2026-07-27T10:08:43Z
Richard,wireless-data-quota10-oceania,0,0,0.000000,StartDate=2026-07-26 EndDate=2026-07-27 UTC (cover_days; soma dias GMT tocados pela janela ~24h — alinhamento tipico a SMS Transactions / Insights Last 24h; totalprice pode diferir do cartao Total Spend),2026-07-27T10:08:43Z
Richard,wireless-data-quota50,0,0,0.000000,StartDate=2026-07-26 EndDate=2026-07-27 UTC (cover_days; soma dias GMT tocados pela janela ~24h — alinhamento tipico a SMS Transactions / Insights Last 24h; totalprice pode diferir do cartao Total Spend),2026-07-27T10:08:43Z
Richard,wireless-data-quota50-africa,0,0,0.000000,StartDate=2026-07-26 EndDate=2026-07-27 UTC (cover_days; soma dias GMT tocados pela janela ~24h — alinhamento tipico a SMS Transactions / Insights Last 24h; totalprice pode diferir do cartao Total Spend),2026-07-27T10:08:43Z
Richard,wireless-data-quota50-asia,0,0,0.000000,StartDate=2026-07-26 EndDate=2026-07-27 UTC (cover_days; soma dias GMT tocados pela janela ~24h — alinhamento tipico a SMS Transactions / Insights Last 24h; totalprice pode diferir do cartao Total Spend),2026-07-27T10:08:43Z
Richard,wireless-data-quota50-centralandsouthamerica,0,0,0.000000,StartDate=2026-07-26 EndDate=2026-07-27 UTC (cover_days; soma dias GMT tocados pela janela ~24h — alinhamento tipico a SMS Transactions / Insights Last 24h; totalprice pode diferir do cartao Total Spend),2026-07-27T10:08:43Z
Richard,wireless-data-quota50-europe,0,0,0.000000,StartDate=2026-07-26 EndDate=2026-07-27 UTC (cover_days; soma dias GMT tocados pela janela ~24h — alinhamento tipico a SMS Transactions / Insights Last 24h; totalprice pode diferir do cartao Total Spend),2026-07-27T10:08:43Z
Richard,wireless-data-quota50-northamerica,0,0,0.000000,StartDate=2026-07-26 EndDate=2026-07-27 UTC (cover_days; soma dias GMT tocados pela janela ~24h — alinhamento tipico a SMS Transactions / Insights Last 24h; totalprice pode diferir do cartao Total Spend),2026-07-27T10:08:43Z
Richard,wireless-data-quota50-oceania,0,0,0.000000,StartDate=2026-07-26 EndDate=2026-07-27 UTC (cover_days; soma dias GMT tocados pela janela ~24h — alinhamento tipico a SMS Transactions / Insights Last 24h; totalprice pode diferir do cartao Total Spend),2026-07-27T10:08:43Z
Richard,wireless-data-quotacustom,0,0,0.000000,StartDate=2026-07-26 EndDate=2026-07-27 UTC (cover_days; soma dias GMT tocados pela janela ~24h — alinhamento tipico a SMS Transactions / Insights Last 24h; totalprice pode diferir do cartao Total Spend),2026-07-27T10:08:43Z
Richard,wireless-data-quotacustom-africa,0,0,0.000000,StartDate=2026-07-26 EndDate=2026-07-27 UTC (cover_days; soma dias GMT tocados pela janela ~24h — alinhamento tipico a SMS Transactions / Insights Last 24h; totalprice pode diferir do cartao Total Spend),2026-07-27T10:08:43Z
Richard,wireless-data-quotacustom-asia,0,0,0.000000,StartDate=2026-07-26 EndDate=2026-07-27 UTC (cover_days; soma dias GMT tocados pela janela ~24h — alinhamento tipico a SMS Transactions / Insights Last 24h; totalprice pode diferir do cartao Total Spend),2026-07-27T10:08:43Z
Richard,wireless-data-quotacustom-centralandsouthamerica,0,0,0.000000,StartDate=2026-07-26 EndDate=2026-07-27 UTC (cover_days; soma dias GMT tocados pela janela ~24h — alinhamento tipico a SMS Transactions / Insights Last 24h; totalprice pode diferir do cartao Total Spend),2026-07-27T10:08:43Z
Richard,wireless-data-quotacustom-europe,0,0,0.000000,StartDate=2026-07-26 EndDate=2026-07-27 UTC (cover_days; soma dias GMT tocados pela janela ~24h — alinhamento tipico a SMS Transactions / Insights Last 24h; totalprice pode diferir do cartao Total Spend),2026-07-27T10:08:43Z
Richard,wireless-data-quotacustom-northamerica,0,0,0.000000,StartDate=2026-07-26 EndDate=2026-07-27 UTC (cover_days; soma dias GMT tocados pela janela ~24h — alinhamento tipico a SMS Transactions / Insights Last 24h; totalprice pode diferir do cartao Total Spend),2026-07-27T10:08:43Z
Richard,wireless-data-quotacustom-oceania,0,0,0.000000,StartDate=2026-07-26 EndDate=2026-07-27 UTC (cover_days; soma dias GMT tocados pela janela ~24h — alinhamento tipico a SMS Transactions / Insights Last 24h; totalprice pode diferir do cartao Total Spend),2026-07-27T10:08:43Z
Richard,wireless-mrc-payg,0,0,0.000000,StartDate=2026-07-26 EndDate=2026-07-27 UTC (cover_days; soma dias GMT tocados pela janela ~24h — alinhamento tipico a SMS Transactions / Insights Last 24h; totalprice pode diferir do cartao Total Spend),2026-07-27T10:08:43Z
Richard,wireless-mrc-quota1,0,0,0.000000,StartDate=2026-07-26 EndDate=2026-07-27 UTC (cover_days; soma dias GMT tocados pela janela ~24h — alinhamento tipico a SMS Transactions / Insights Last 24h; totalprice pode diferir do cartao Total Spend),2026-07-27T10:08:43Z
Richard,wireless-mrc-quota10,0,0,0.000000,StartDate=2026-07-26 EndDate=2026-07-27 UTC (cover_days; soma dias GMT tocados pela janela ~24h — alinhamento tipico a SMS Transactions / Insights Last 24h; totalprice pode diferir do cartao Total Spend),2026-07-27T10:08:43Z
Richard,wireless-mrc-quota50,0,0,0.000000,StartDate=2026-07-26 EndDate=2026-07-27 UTC (cover_days; soma dias GMT tocados pela janela ~24h — alinhamento tipico a SMS Transactions / Insights Last 24h; totalprice pode diferir do cartao Total Spend),2026-07-27T10:08:43Z
Richard,wireless-mrc-quotacustom,0,0,0.000000,StartDate=2026-07-26 EndDate=2026-07-27 UTC (cover_days; soma dias GMT tocados pela janela ~24h — alinhamento tipico a SMS Transactions / Insights Last 24h; totalprice pode diferir do cartao Total Spend),2026-07-27T10:08:43Z
Richard,wireless-orders,0,0,0.000000,StartDate=2026-07-26 EndDate=2026-07-27 UTC (cover_days; soma dias GMT tocados pela janela ~24h — alinhamento tipico a SMS Transactions / Insights Last 24h; totalprice pode diferir do cartao Total Spend),2026-07-27T10:08:43Z
Richard,wireless-orders-artwork,0,0,0.000000,StartDate=2026-07-26 EndDate=2026-07-27 UTC (cover_days; soma dias GMT tocados pela janela ~24h — alinhamento tipico a SMS Transactions / Insights Last 24h; totalprice pode diferir do cartao Total Spend),2026-07-27T10:08:43Z
Richard,wireless-orders-bulk,0,0,0.000000,StartDate=2026-07-26 EndDate=2026-07-27 UTC (cover_days; soma dias GMT tocados pela janela ~24h — alinhamento tipico a SMS Transactions / Insights Last 24h; totalprice pode diferir do cartao Total Spend),2026-07-27T10:08:43Z
Richard,wireless-orders-esim,0,0,0.000000,StartDate=2026-07-26 EndDate=2026-07-27 UTC (cover_days; soma dias GMT tocados pela janela ~24h — alinhamento tipico a SMS Transactions / Insights Last 24h; totalprice pode diferir do cartao Total Spend),2026-07-27T10:08:43Z
Richard,wireless-orders-starter,0,0,0.000000,StartDate=2026-07-26 EndDate=2026-07-27 UTC (cover_days; soma dias GMT tocados pela janela ~24h — alinhamento tipico a SMS Transactions / Insights Last 24h; totalprice pode diferir do cartao Total Spend),2026-07-27T10:08:43Z
Richard,wireless-quotas,0,0,0.000000,StartDate=2026-07-26 EndDate=2026-07-27 UTC (cover_days; soma dias GMT tocados pela janela ~24h — alinhamento tipico a SMS Transactions / Insights Last 24h; totalprice pode diferir do cartao Total Spend),2026-07-27T10:08:43Z
Richard,wireless-sms-africa,0,0,0.000000,StartDate=2026-07-26 EndDate=2026-07-27 UTC (cover_days; soma dias GMT tocados pela janela ~24h — alinhamento tipico a SMS Transactions / Insights Last 24h; totalprice pode diferir do cartao Total Spend),2026-07-27T10:08:43Z
Richard,wireless-sms-asia,0,0,0.000000,StartDate=2026-07-26 EndDate=2026-07-27 UTC (cover_days; soma dias GMT tocados pela janela ~24h — alinhamento tipico a SMS Transactions / Insights Last 24h; totalprice pode diferir do cartao Total Spend),2026-07-27T10:08:43Z
Richard,wireless-sms-centralandsouthamerica,0,0,0.000000,StartDate=2026-07-26 EndDate=2026-07-27 UTC (cover_days; soma dias GMT tocados pela janela ~24h — alinhamento tipico a SMS Transactions / Insights Last 24h; totalprice pode diferir do cartao Total Spend),2026-07-27T10:08:43Z
Richard,wireless-sms-europe,0,0,0.000000,StartDate=2026-07-26 EndDate=2026-07-27 UTC (cover_days; soma dias GMT tocados pela janela ~24h — alinhamento tipico a SMS Transactions / Insights Last 24h; totalprice pode diferir do cartao Total Spend),2026-07-27T10:08:43Z
Richard,wireless-sms-northamerica,0,0,0.000000,StartDate=2026-07-26 EndDate=2026-07-27 UTC (cover_days; soma dias GMT tocados pela janela ~24h — alinhamento tipico a SMS Transactions / Insights Last 24h; totalprice pode diferir do cartao Total Spend),2026-07-27T10:08:43Z
Richard,wireless-sms-oceania,0,0,0.000000,StartDate=2026-07-26 EndDate=2026-07-27 UTC (cover_days; soma dias GMT tocados pela janela ~24h — alinhamento tipico a SMS Transactions / Insights Last 24h; totalprice pode diferir do cartao Total Spend),2026-07-27T10:08:43Z
Richard,wireless-super-sim,0,0,0.000000,StartDate=2026-07-26 EndDate=2026-07-27 UTC (cover_days; soma dias GMT tocados pela janela ~24h — alinhamento tipico a SMS Transactions / Insights Last 24h; totalprice pode diferir do cartao Total Spend),2026-07-27T10:08:43Z
Richard,wireless-super-sim-data,0,0,0.000000,StartDate=2026-07-26 EndDate=2026-07-27 UTC (cover_days; soma dias GMT tocados pela janela ~24h — alinhamento tipico a SMS Transactions / Insights Last 24h; totalprice pode diferir do cartao Total Spend),2026-07-27T10:08:43Z
Richard,wireless-super-sim-data-north-america-usa,0,0,0.000000,StartDate=2026-07-26 EndDate=2026-07-27 UTC (cover_days; soma dias GMT tocados pela janela ~24h — alinhamento tipico a SMS Transactions / Insights Last 24h; totalprice pode diferir do cartao Total Spend),2026-07-27T10:08:43Z
Richard,wireless-super-sim-data-payg,0,0,0.000000,StartDate=2026-07-26 EndDate=2026-07-27 UTC (cover_days; soma dias GMT tocados pela janela ~24h — alinhamento tipico a SMS Transactions / Insights Last 24h; totalprice pode diferir do cartao Total Spend),2026-07-27T10:08:43Z
Richard,wireless-super-sim-data-payg-europe,0,0,0.000000,StartDate=2026-07-26 EndDate=2026-07-27 UTC (cover_days; soma dias GMT tocados pela janela ~24h — alinhamento tipico a SMS Transactions / Insights Last 24h; totalprice pode diferir do cartao Total Spend),2026-07-27T10:08:43Z
Richard,wireless-super-sim-data-payg-north-america,0,0,0.000000,StartDate=2026-07-26 EndDate=2026-07-27 UTC (cover_days; soma dias GMT tocados pela janela ~24h — alinhamento tipico a SMS Transactions / Insights Last 24h; totalprice pode diferir do cartao Total Spend),2026-07-27T10:08:43Z
Richard,wireless-super-sim-hardware,0,0,0.000000,StartDate=2026-07-26 EndDate=2026-07-27 UTC (cover_days; soma dias GMT tocados pela janela ~24h — alinhamento tipico a SMS Transactions / Insights Last 24h; totalprice pode diferir do cartao Total Spend),2026-07-27T10:08:43Z
Richard,wireless-super-sim-hardware-bulk,0,0,0.000000,StartDate=2026-07-26 EndDate=2026-07-27 UTC (cover_days; soma dias GMT tocados pela janela ~24h — alinhamento tipico a SMS Transactions / Insights Last 24h; totalprice pode diferir do cartao Total Spend),2026-07-27T10:08:43Z
Richard,wireless-super-sim-smscommands,0,0,0.000000,StartDate=2026-07-26 EndDate=2026-07-27 UTC (cover_days; soma dias GMT tocados pela janela ~24h — alinhamento tipico a SMS Transactions / Insights Last 24h; totalprice pode diferir do cartao Total Spend),2026-07-27T10:08:43Z
Richard,wireless-super-sim-smscommands-africa,0,0,0.000000,StartDate=2026-07-26 EndDate=2026-07-27 UTC (cover_days; soma dias GMT tocados pela janela ~24h — alinhamento tipico a SMS Transactions / Insights Last 24h; totalprice pode diferir do cartao Total Spend),2026-07-27T10:08:43Z
Richard,wireless-super-sim-smscommands-asia,0,0,0.000000,StartDate=2026-07-26 EndDate=2026-07-27 UTC (cover_days; soma dias GMT tocados pela janela ~24h — alinhamento tipico a SMS Transactions / Insights Last 24h; totalprice pode diferir do cartao Total Spend),2026-07-27T10:08:43Z
Richard,wireless-super-sim-smscommands-cent-and-south-america,0,0,0.000000,StartDate=2026-07-26 EndDate=2026-07-27 UTC (cover_days; soma dias GMT tocados pela janela ~24h — alinhamento tipico a SMS Transactions / Insights Last 24h; totalprice pode diferir do cartao Total Spend),2026-07-27T10:08:43Z
Richard,wireless-super-sim-smscommands-europe,0,0,0.000000,StartDate=2026-07-26 EndDate=2026-07-27 UTC (cover_days; soma dias GMT tocados pela janela ~24h — alinhamento tipico a SMS Transactions / Insights Last 24h; totalprice pode diferir do cartao Total Spend),2026-07-27T10:08:43Z
Richard,wireless-super-sim-smscommands-north-america,0,0,0.000000,StartDate=2026-07-26 EndDate=2026-07-27 UTC (cover_days; soma dias GMT tocados pela janela ~24h — alinhamento tipico a SMS Transactions / Insights Last 24h; totalprice pode diferir do cartao Total Spend),2026-07-27T10:08:43Z
Richard,wireless-super-sim-smscommands-oceania,0,0,0.000000,StartDate=2026-07-26 EndDate=2026-07-27 UTC (cover_days; soma dias GMT tocados pela janela ~24h — alinhamento tipico a SMS Transactions / Insights Last 24h; totalprice pode diferir do cartao Total Spend),2026-07-27T10:08:43Z
Richard,wireless-super-sim-subscription,0,0,0.000000,StartDate=2026-07-26 EndDate=2026-07-27 UTC (cover_days; soma dias GMT tocados pela janela ~24h — alinhamento tipico a SMS Transactions / Insights Last 24h; totalprice pode diferir do cartao Total Spend),2026-07-27T10:08:43Z
Richard,wireless-super-sim-subscription-payg,0,0,0.000000,StartDate=2026-07-26 EndDate=2026-07-27 UTC (cover_days; soma dias GMT tocados pela janela ~24h — alinhamento tipico a SMS Transactions / Insights Last 24h; totalprice pode diferir do cartao Total Spend),2026-07-27T10:08:43Z
Richard,wireless-usage,0,0,0.000000,StartDate=2026-07-26 EndDate=2026-07-27 UTC (cover_days; soma dias GMT tocados pela janela ~24h — alinhamento tipico a SMS Transactions / Insights Last 24h; totalprice pode diferir do cartao Total Spend),2026-07-27T10:08:43Z
Richard,wireless-usage-commands,0,0,0.000000,StartDate=2026-07-26 EndDate=2026-07-27 UTC (cover_days; soma dias GMT tocados pela janela ~24h — alinhamento tipico a SMS Transactions / Insights Last 24h; totalprice pode diferir do cartao Total Spend),2026-07-27T10:08:43Z
Richard,wireless-usage-commands-africa,0,0,0.000000,StartDate=2026-07-26 EndDate=2026-07-27 UTC (cover_days; soma dias GMT tocados pela janela ~24h — alinhamento tipico a SMS Transactions / Insights Last 24h; totalprice pode diferir do cartao Total Spend),2026-07-27T10:08:43Z
Richard,wireless-usage-commands-asia,0,0,0.000000,StartDate=2026-07-26 EndDate=2026-07-27 UTC (cover_days; soma dias GMT tocados pela janela ~24h — alinhamento tipico a SMS Transactions / Insights Last 24h; totalprice pode diferir do cartao Total Spend),2026-07-27T10:08:43Z
Richard,wireless-usage-commands-centralandsouthamerica,0,0,0.000000,StartDate=2026-07-26 EndDate=2026-07-27 UTC (cover_days; soma dias GMT tocados pela janela ~24h — alinhamento tipico a SMS Transactions / Insights Last 24h; totalprice pode diferir do cartao Total Spend),2026-07-27T10:08:43Z
Richard,wireless-usage-commands-europe,0,0,0.000000,StartDate=2026-07-26 EndDate=2026-07-27 UTC (cover_days; soma dias GMT tocados pela janela ~24h — alinhamento tipico a SMS Transactions / Insights Last 24h; totalprice pode diferir do cartao Total Spend),2026-07-27T10:08:43Z
Richard,wireless-usage-commands-home,0,0,0.000000,StartDate=2026-07-26 EndDate=2026-07-27 UTC (cover_days; soma dias GMT tocados pela janela ~24h — alinhamento tipico a SMS Transactions / Insights Last 24h; totalprice pode diferir do cartao Total Spend),2026-07-27T10:08:43Z
Richard,wireless-usage-commands-northamerica,0,0,0.000000,StartDate=2026-07-26 EndDate=2026-07-27 UTC (cover_days; soma dias GMT tocados pela janela ~24h — alinhamento tipico a SMS Transactions / Insights Last 24h; totalprice pode diferir do cartao Total Spend),2026-07-27T10:08:43Z
Richard,wireless-usage-commands-oceania,0,0,0.000000,StartDate=2026-07-26 EndDate=2026-07-27 UTC (cover_days; soma dias GMT tocados pela janela ~24h — alinhamento tipico a SMS Transactions / Insights Last 24h; totalprice pode diferir do cartao Total Spend),2026-07-27T10:08:43Z
Richard,wireless-usage-commands-roaming,0,0,0.000000,StartDate=2026-07-26 EndDate=2026-07-27 UTC (cover_days; soma dias GMT tocados pela janela ~24h — alinhamento tipico a SMS Transactions / Insights Last 24h; totalprice pode diferir do cartao Total Spend),2026-07-27T10:08:43Z
Richard,wireless-usage-data,0,0,0.000000,StartDate=2026-07-26 EndDate=2026-07-27 UTC (cover_days; soma dias GMT tocados pela janela ~24h — alinhamento tipico a SMS Transactions / Insights Last 24h; totalprice pode diferir do cartao Total Spend),2026-07-27T10:08:43Z
Richard,wireless-usage-data-africa,0,0,0.000000,StartDate=2026-07-26 EndDate=2026-07-27 UTC (cover_days; soma dias GMT tocados pela janela ~24h — alinhamento tipico a SMS Transactions / Insights Last 24h; totalprice pode diferir do cartao Total Spend),2026-07-27T10:08:43Z
Richard,wireless-usage-data-asia,0,0,0.000000,StartDate=2026-07-26 EndDate=2026-07-27 UTC (cover_days; soma dias GMT tocados pela janela ~24h — alinhamento tipico a SMS Transactions / Insights Last 24h; totalprice pode diferir do cartao Total Spend),2026-07-27T10:08:43Z
Richard,wireless-usage-data-centralandsouthamerica,0,0,0.000000,StartDate=2026-07-26 EndDate=2026-07-27 UTC (cover_days; soma dias GMT tocados pela janela ~24h — alinhamento tipico a SMS Transactions / Insights Last 24h; totalprice pode diferir do cartao Total Spend),2026-07-27T10:08:43Z
Richard,wireless-usage-data-custom-additionalmb,0,0,0.000000,StartDate=2026-07-26 EndDate=2026-07-27 UTC (cover_days; soma dias GMT tocados pela janela ~24h — alinhamento tipico a SMS Transactions / Insights Last 24h; totalprice pode diferir do cartao Total Spend),2026-07-27T10:08:43Z
Richard,wireless-usage-data-custom-first5mb,0,0,0.000000,StartDate=2026-07-26 EndDate=2026-07-27 UTC (cover_days; soma dias GMT tocados pela janela ~24h — alinhamento tipico a SMS Transactions / Insights Last 24h; totalprice pode diferir do cartao Total Spend),2026-07-27T10:08:43Z
Richard,wireless-usage-data-domestic-roaming,0,0,0.000000,StartDate=2026-07-26 EndDate=2026-07-27 UTC (cover_days; soma dias GMT tocados pela janela ~24h — alinhamento tipico a SMS Transactions / Insights Last 24h; totalprice pode diferir do cartao Total Spend),2026-07-27T10:08:43Z
Richard,wireless-usage-data-europe,0,0,0.000000,StartDate=2026-07-26 EndDate=2026-07-27 UTC (cover_days; soma dias GMT tocados pela janela ~24h — alinhamento tipico a SMS Transactions / Insights Last 24h; totalprice pode diferir do cartao Total Spend),2026-07-27T10:08:43Z
Richard,wireless-usage-data-individual-additionalgb,0,0,0.000000,StartDate=2026-07-26 EndDate=2026-07-27 UTC (cover_days; soma dias GMT tocados pela janela ~24h — alinhamento tipico a SMS Transactions / Insights Last 24h; totalprice pode diferir do cartao Total Spend),2026-07-27T10:08:43Z
Richard,wireless-usage-data-individual-firstgb,0,0,0.000000,StartDate=2026-07-26 EndDate=2026-07-27 UTC (cover_days; soma dias GMT tocados pela janela ~24h — alinhamento tipico a SMS Transactions / Insights Last 24h; totalprice pode diferir do cartao Total Spend),2026-07-27T10:08:43Z
Richard,wireless-usage-data-international-roaming-canada,0,0,0.000000,StartDate=2026-07-26 EndDate=2026-07-27 UTC (cover_days; soma dias GMT tocados pela janela ~24h — alinhamento tipico a SMS Transactions / Insights Last 24h; totalprice pode diferir do cartao Total Spend),2026-07-27T10:08:43Z
Richard,wireless-usage-data-international-roaming-india,0,0,0.000000,StartDate=2026-07-26 EndDate=2026-07-27 UTC (cover_days; soma dias GMT tocados pela janela ~24h — alinhamento tipico a SMS Transactions / Insights Last 24h; totalprice pode diferir do cartao Total Spend),2026-07-27T10:08:43Z
Richard,wireless-usage-data-international-roaming-mexico,0,0,0.000000,StartDate=2026-07-26 EndDate=2026-07-27 UTC (cover_days; soma dias GMT tocados pela janela ~24h — alinhamento tipico a SMS Transactions / Insights Last 24h; totalprice pode diferir do cartao Total Spend),2026-07-27T10:08:43Z
Richard,wireless-usage-data-northamerica,0,0,0.000000,StartDate=2026-07-26 EndDate=2026-07-27 UTC (cover_days; soma dias GMT tocados pela janela ~24h — alinhamento tipico a SMS Transactions / Insights Last 24h; totalprice pode diferir do cartao Total Spend),2026-07-27T10:08:43Z
Richard,wireless-usage-data-oceania,0,0,0.000000,StartDate=2026-07-26 EndDate=2026-07-27 UTC (cover_days; soma dias GMT tocados pela janela ~24h — alinhamento tipico a SMS Transactions / Insights Last 24h; totalprice pode diferir do cartao Total Spend),2026-07-27T10:08:43Z
Richard,wireless-usage-data-pooled,0,0,0.000000,StartDate=2026-07-26 EndDate=2026-07-27 UTC (cover_days; soma dias GMT tocados pela janela ~24h — alinhamento tipico a SMS Transactions / Insights Last 24h; totalprice pode diferir do cartao Total Spend),2026-07-27T10:08:43Z
Richard,wireless-usage-data-pooled-downlink,0,0,0.000000,StartDate=2026-07-26 EndDate=2026-07-27 UTC (cover_days; soma dias GMT tocados pela janela ~24h — alinhamento tipico a SMS Transactions / Insights Last 24h; totalprice pode diferir do cartao Total Spend),2026-07-27T10:08:43Z
Richard,wireless-usage-data-pooled-uplink,0,0,0.000000,StartDate=2026-07-26 EndDate=2026-07-27 UTC (cover_days; soma dias GMT tocados pela janela ~24h — alinhamento tipico a SMS Transactions / Insights Last 24h; totalprice pode diferir do cartao Total Spend),2026-07-27T10:08:43Z
Richard,wireless-usage-mrc,0,0,0.000000,StartDate=2026-07-26 EndDate=2026-07-27 UTC (cover_days; soma dias GMT tocados pela janela ~24h — alinhamento tipico a SMS Transactions / Insights Last 24h; totalprice pode diferir do cartao Total Spend),2026-07-27T10:08:43Z
Richard,wireless-usage-mrc-custom,0,0,0.000000,StartDate=2026-07-26 EndDate=2026-07-27 UTC (cover_days; soma dias GMT tocados pela janela ~24h — alinhamento tipico a SMS Transactions / Insights Last 24h; totalprice pode diferir do cartao Total Spend),2026-07-27T10:08:43Z
Richard,wireless-usage-mrc-individual,0,0,0.000000,StartDate=2026-07-26 EndDate=2026-07-27 UTC (cover_days; soma dias GMT tocados pela janela ~24h — alinhamento tipico a SMS Transactions / Insights Last 24h; totalprice pode diferir do cartao Total Spend),2026-07-27T10:08:43Z
Richard,wireless-usage-mrc-pooled,0,0,0.000000,StartDate=2026-07-26 EndDate=2026-07-27 UTC (cover_days; soma dias GMT tocados pela janela ~24h — alinhamento tipico a SMS Transactions / Insights Last 24h; totalprice pode diferir do cartao Total Spend),2026-07-27T10:08:43Z
Richard,wireless-usage-mrc-suspended,0,0,0.000000,StartDate=2026-07-26 EndDate=2026-07-27 UTC (cover_days; soma dias GMT tocados pela janela ~24h — alinhamento tipico a SMS Transactions / Insights Last 24h; totalprice pode diferir do cartao Total Spend),2026-07-27T10:08:43Z
Richard,wireless-usage-sms,0,0,0.000000,StartDate=2026-07-26 EndDate=2026-07-27 UTC (cover_days; soma dias GMT tocados pela janela ~24h — alinhamento tipico a SMS Transactions / Insights Last 24h; totalprice pode diferir do cartao Total Spend),2026-07-27T10:08:43Z
Richard,wireless-usage-voice,0,0,0.000000,StartDate=2026-07-26 EndDate=2026-07-27 UTC (cover_days; soma dias GMT tocados pela janela ~24h — alinhamento tipico a SMS Transactions / Insights Last 24h; totalprice pode diferir do cartao Total Spend),2026-07-27T10:08:43Z
Naturemove,totalprice,0,73.8064,73.806380,StartDate=2026-07-26 EndDate=2026-07-27 UTC (cover_days; soma dias GMT tocados pela janela ~24h — alinhamento tipico a SMS Transactions / Insights Last 24h; totalprice pode diferir do cartao Total Spend),2026-07-27T10:08:43Z
Naturemove,channels,19978,19988,71.394380,StartDate=2026-07-26 EndDate=2026-07-27 UTC (cover_days; soma dias GMT tocados pela janela ~24h — alinhamento tipico a SMS Transactions / Insights Last 24h; totalprice pode diferir do cartao Total Spend),2026-07-27T10:08:43Z
Naturemove,sms-messages-carrierfees,9901,9906,41.249200,StartDate=2026-07-26 EndDate=2026-07-27 UTC (cover_days; soma dias GMT tocados pela janela ~24h — alinhamento tipico a SMS Transactions / Insights Last 24h; totalprice pode diferir do cartao Total Spend),2026-07-27T10:08:43Z
Naturemove,sms,10077,10082,30.145180,StartDate=2026-07-26 EndDate=2026-07-27 UTC (cover_days; soma dias GMT tocados pela janela ~24h — alinhamento tipico a SMS Transactions / Insights Last 24h; totalprice pode diferir do cartao Total Spend),2026-07-27T10:08:43Z
Naturemove,sms-outbound,9728,9730,29.092700,StartDate=2026-07-26 EndDate=2026-07-27 UTC (cover_days; soma dias GMT tocados pela janela ~24h — alinhamento tipico a SMS Transactions / Insights Last 24h; totalprice pode diferir do cartao Total Spend),2026-07-27T10:08:43Z
Naturemove,sms-outbound-tollfree,9728,9730,29.092700,StartDate=2026-07-26 EndDate=2026-07-27 UTC (cover_days; soma dias GMT tocados pela janela ~24h — alinhamento tipico a SMS Transactions / Insights Last 24h; totalprice pode diferir do cartao Total Spend),2026-07-27T10:08:43Z
Naturemove,phonenumbers,1,1,2.150000,StartDate=2026-07-26 EndDate=2026-07-27 UTC (cover_days; soma dias GMT tocados pela janela ~24h — alinhamento tipico a SMS Transactions / Insights Last 24h; totalprice pode diferir do cartao Total Spend),2026-07-27T10:08:43Z
Naturemove,phonenumbers-tollfree,1,1,2.150000,StartDate=2026-07-26 EndDate=2026-07-27 UTC (cover_days; soma dias GMT tocados pela janela ~24h — alinhamento tipico a SMS Transactions / Insights Last 24h; totalprice pode diferir do cartao Total Spend),2026-07-27T10:08:43Z
Naturemove,sms-inbound,349,352,1.052480,StartDate=2026-07-26 EndDate=2026-07-27 UTC (cover_days; soma dias GMT tocados pela janela ~24h — alinhamento tipico a SMS Transactions / Insights Last 24h; totalprice pode diferir do cartao Total Spend),2026-07-27T10:08:43Z
Naturemove,sms-inbound-tollfree,348,351,1.049490,StartDate=2026-07-26 EndDate=2026-07-27 UTC (cover_days; soma dias GMT tocados pela janela ~24h — alinhamento tipico a SMS Transactions / Insights Last 24h; totalprice pode diferir do cartao Total Spend),2026-07-27T10:08:43Z
Naturemove,calls,7,7,0.154000,StartDate=2026-07-26 EndDate=2026-07-27 UTC (cover_days; soma dias GMT tocados pela janela ~24h — alinhamento tipico a SMS Transactions / Insights Last 24h; totalprice pode diferir do cartao Total Spend),2026-07-27T10:08:43Z
Naturemove,calls-inbound,7,7,0.154000,StartDate=2026-07-26 EndDate=2026-07-27 UTC (cover_days; soma dias GMT tocados pela janela ~24h — alinhamento tipico a SMS Transactions / Insights Last 24h; totalprice pode diferir do cartao Total Spend),2026-07-27T10:08:43Z
Naturemove,calls-inbound-tollfree,7,7,0.154000,StartDate=2026-07-26 EndDate=2026-07-27 UTC (cover_days; soma dias GMT tocados pela janela ~24h — alinhamento tipico a SMS Transactions / Insights Last 24h; totalprice pode diferir do cartao Total Spend),2026-07-27T10:08:43Z
Naturemove,amazon-polly,6,6,0.078000,StartDate=2026-07-26 EndDate=2026-07-27 UTC (cover_days; soma dias GMT tocados pela janela ~24h — alinhamento tipico a SMS Transactions / Insights Last 24h; totalprice pode diferir do cartao Total Spend),2026-07-27T10:08:43Z
Naturemove,mms,1,1,0.020000,StartDate=2026-07-26 EndDate=2026-07-27 UTC (cover_days; soma dias GMT tocados pela janela ~24h — alinhamento tipico a SMS Transactions / Insights Last 24h; totalprice pode diferir do cartao Total Spend),2026-07-27T10:08:43Z
Naturemove,mms-inbound,1,1,0.020000,StartDate=2026-07-26 EndDate=2026-07-27 UTC (cover_days; soma dias GMT tocados pela janela ~24h — alinhamento tipico a SMS Transactions / Insights Last 24h; totalprice pode diferir do cartao Total Spend),2026-07-27T10:08:43Z
Naturemove,mms-inbound-toll-free,1,1,0.020000,StartDate=2026-07-26 EndDate=2026-07-27 UTC (cover_days; soma dias GMT tocados pela janela ~24h — alinhamento tipico a SMS Transactions / Insights Last 24h; totalprice pode diferir do cartao Total Spend),2026-07-27T10:08:43Z
Naturemove,mms-messages-carrierfees,1,1,0.010000,StartDate=2026-07-26 EndDate=2026-07-27 UTC (cover_days; soma dias GMT tocados pela janela ~24h — alinhamento tipico a SMS Transactions / Insights Last 24h; totalprice pode diferir do cartao Total Spend),2026-07-27T10:08:43Z
Naturemove,bundle-sms-bucket,1,1,0.002990,StartDate=2026-07-26 EndDate=2026-07-27 UTC (cover_days; soma dias GMT tocados pela janela ~24h — alinhamento tipico a SMS Transactions / Insights Last 24h; totalprice pode diferir do cartao Total Spend),2026-07-27T10:08:43Z
Naturemove,sms-inbound-longcode,1,1,0.002990,StartDate=2026-07-26 EndDate=2026-07-27 UTC (cover_days; soma dias GMT tocados pela janela ~24h — alinhamento tipico a SMS Transactions / Insights Last 24h; totalprice pode diferir do cartao Total Spend),2026-07-27T10:08:43Z
Naturemove,a2p-10dlc-registrationfees-brandregistration,0,0,0.000000,StartDate=2026-07-26 EndDate=2026-07-27 UTC (cover_days; soma dias GMT tocados pela janela ~24h — alinhamento tipico a SMS Transactions / Insights Last 24h; totalprice pode diferir do cartao Total Spend),2026-07-27T10:08:43Z
Naturemove,a2p-10dlc-registrationfees-bv,0,0,0.000000,StartDate=2026-07-26 EndDate=2026-07-27 UTC (cover_days; soma dias GMT tocados pela janela ~24h — alinhamento tipico a SMS Transactions / Insights Last 24h; totalprice pode diferir do cartao Total Spend),2026-07-27T10:08:43Z
Naturemove,a2p-10dlc-registrationfees-campaigncharges,0,0,0.000000,StartDate=2026-07-26 EndDate=2026-07-27 UTC (cover_days; soma dias GMT tocados pela janela ~24h — alinhamento tipico a SMS Transactions / Insights Last 24h; totalprice pode diferir do cartao Total Spend),2026-07-27T10:08:43Z
Naturemove,a2p-10dlc-registrationfees-campaignregistration,0,0,0.000000,StartDate=2026-07-26 EndDate=2026-07-27 UTC (cover_days; soma dias GMT tocados pela janela ~24h — alinhamento tipico a SMS Transactions / Insights Last 24h; totalprice pode diferir do cartao Total Spend),2026-07-27T10:08:43Z
Naturemove,a2p-10dlc-registrationfees-campaignvetting,0,0,0.000000,StartDate=2026-07-26 EndDate=2026-07-27 UTC (cover_days; soma dias GMT tocados pela janela ~24h — alinhamento tipico a SMS Transactions / Insights Last 24h; totalprice pode diferir do cartao Total Spend),2026-07-27T10:08:43Z
Naturemove,a2p-10dlc-registrationfees-monthly,0,0,0.000000,StartDate=2026-07-26 EndDate=2026-07-27 UTC (cover_days; soma dias GMT tocados pela janela ~24h — alinhamento tipico a SMS Transactions / Insights Last 24h; totalprice pode diferir do cartao Total Spend),2026-07-27T10:08:43Z
Naturemove,a2p-10dlc-registrationfees-onetime,0,0,0.000000,StartDate=2026-07-26 EndDate=2026-07-27 UTC (cover_days; soma dias GMT tocados pela janela ~24h — alinhamento tipico a SMS Transactions / Insights Last 24h; totalprice pode diferir do cartao Total Spend),2026-07-27T10:08:43Z
Naturemove,a2p-registration-fees,0,0,0.000000,StartDate=2026-07-26 EndDate=2026-07-27 UTC (cover_days; soma dias GMT tocados pela janela ~24h — alinhamento tipico a SMS Transactions / Insights Last 24h; totalprice pode diferir do cartao Total Spend),2026-07-27T10:08:43Z
Naturemove,account-security,0,0,0.000000,StartDate=2026-07-26 EndDate=2026-07-27 UTC (cover_days; soma dias GMT tocados pela janela ~24h — alinhamento tipico a SMS Transactions / Insights Last 24h; totalprice pode diferir do cartao Total Spend),2026-07-27T10:08:43Z
Naturemove,agent-conference,0,0,0.000000,StartDate=2026-07-26 EndDate=2026-07-27 UTC (cover_days; soma dias GMT tocados pela janela ~24h — alinhamento tipico a SMS Transactions / Insights Last 24h; totalprice pode diferir do cartao Total Spend),2026-07-27T10:08:43Z
Naturemove,agent-copilot,0,0,0.000000,StartDate=2026-07-26 EndDate=2026-07-27 UTC (cover_days; soma dias GMT tocados pela janela ~24h — alinhamento tipico a SMS Transactions / Insights Last 24h; totalprice pode diferir do cartao Total Spend),2026-07-27T10:08:43Z
Naturemove,agent-copilot-messages,0,0,0.000000,StartDate=2026-07-26 EndDate=2026-07-27 UTC (cover_days; soma dias GMT tocados pela janela ~24h — alinhamento tipico a SMS Transactions / Insights Last 24h; totalprice pode diferir do cartao Total Spend),2026-07-27T10:08:43Z
Naturemove,agent-copilot-participant-minutes,0,0,0.000000,StartDate=2026-07-26 EndDate=2026-07-27 UTC (cover_days; soma dias GMT tocados pela janela ~24h — alinhamento tipico a SMS Transactions / Insights Last 24h; totalprice pode diferir do cartao Total Spend),2026-07-27T10:08:43Z
Naturemove,ai-assistants,0,0,0.000000,StartDate=2026-07-26 EndDate=2026-07-27 UTC (cover_days; soma dias GMT tocados pela janela ~24h — alinhamento tipico a SMS Transactions / Insights Last 24h; totalprice pode diferir do cartao Total Spend),2026-07-27T10:08:43Z
Naturemove,ai-assistants-voice,0,0,0.000000,StartDate=2026-07-26 EndDate=2026-07-27 UTC (cover_days; soma dias GMT tocados pela janela ~24h — alinhamento tipico a SMS Transactions / Insights Last 24h; totalprice pode diferir do cartao Total Spend),2026-07-27T10:08:43Z
Naturemove,answering-machine-detection,0,0,0.000000,StartDate=2026-07-26 EndDate=2026-07-27 UTC (cover_days; soma dias GMT tocados pela janela ~24h — alinhamento tipico a SMS Transactions / Insights Last 24h; totalprice pode diferir do cartao Total Spend),2026-07-27T10:08:43Z
Naturemove,assets,0,0,0.000000,StartDate=2026-07-26 EndDate=2026-07-27 UTC (cover_days; soma dias GMT tocados pela janela ~24h — alinhamento tipico a SMS Transactions / Insights Last 24h; totalprice pode diferir do cartao Total Spend),2026-07-27T10:08:43Z
Naturemove,audience-minutes,0,0,0.000000,StartDate=2026-07-26 EndDate=2026-07-27 UTC (cover_days; soma dias GMT tocados pela janela ~24h — alinhamento tipico a SMS Transactions / Insights Last 24h; totalprice pode diferir do cartao Total Spend),2026-07-27T10:08:43Z
Naturemove,audience-minutes-audio,0,0,0.000000,StartDate=2026-07-26 EndDate=2026-07-27 UTC (cover_days; soma dias GMT tocados pela janela ~24h — alinhamento tipico a SMS Transactions / Insights Last 24h; totalprice pode diferir do cartao Total Spend),2026-07-27T10:08:43Z
Naturemove,authy-authentications,0,0,0.000000,StartDate=2026-07-26 EndDate=2026-07-27 UTC (cover_days; soma dias GMT tocados pela janela ~24h — alinhamento tipico a SMS Transactions / Insights Last 24h; totalprice pode diferir do cartao Total Spend),2026-07-27T10:08:43Z
Naturemove,authy-calls-outbound,0,0,0.000000,StartDate=2026-07-26 EndDate=2026-07-27 UTC (cover_days; soma dias GMT tocados pela janela ~24h — alinhamento tipico a SMS Transactions / Insights Last 24h; totalprice pode diferir do cartao Total Spend),2026-07-27T10:08:43Z
Naturemove,authy-email-authentications,0,0,0.000000,StartDate=2026-07-26 EndDate=2026-07-27 UTC (cover_days; soma dias GMT tocados pela janela ~24h — alinhamento tipico a SMS Transactions / Insights Last 24h; totalprice pode diferir do cartao Total Spend),2026-07-27T10:08:43Z
Naturemove,authy-monthly-fees,0,0,0.000000,StartDate=2026-07-26 EndDate=2026-07-27 UTC (cover_days; soma dias GMT tocados pela janela ~24h — alinhamento tipico a SMS Transactions / Insights Last 24h; totalprice pode diferir do cartao Total Spend),2026-07-27T10:08:43Z
Naturemove,authy-outbound-email,0,0,0.000000,StartDate=2026-07-26 EndDate=2026-07-27 UTC (cover_days; soma dias GMT tocados pela janela ~24h — alinhamento tipico a SMS Transactions / Insights Last 24h; totalprice pode diferir do cartao Total Spend),2026-07-27T10:08:43Z
Naturemove,authy-phone-intelligence,0,0,0.000000,StartDate=2026-07-26 EndDate=2026-07-27 UTC (cover_days; soma dias GMT tocados pela janela ~24h — alinhamento tipico a SMS Transactions / Insights Last 24h; totalprice pode diferir do cartao Total Spend),2026-07-27T10:08:43Z
Naturemove,authy-phone-verifications,0,0,0.000000,StartDate=2026-07-26 EndDate=2026-07-27 UTC (cover_days; soma dias GMT tocados pela janela ~24h — alinhamento tipico a SMS Transactions / Insights Last 24h; totalprice pode diferir do cartao Total Spend),2026-07-27T10:08:43Z
Naturemove,authy-sms-outbound,0,0,0.000000,StartDate=2026-07-26 EndDate=2026-07-27 UTC (cover_days; soma dias GMT tocados pela janela ~24h — alinhamento tipico a SMS Transactions / Insights Last 24h; totalprice pode diferir do cartao Total Spend),2026-07-27T10:08:43Z
Naturemove,authy-verify-email-verifications,0,0,0.000000,StartDate=2026-07-26 EndDate=2026-07-27 UTC (cover_days; soma dias GMT tocados pela janela ~24h — alinhamento tipico a SMS Transactions / Insights Last 24h; totalprice pode diferir do cartao Total Spend),2026-07-27T10:08:43Z
Naturemove,authy-verify-outbound-email,0,0,0.000000,StartDate=2026-07-26 EndDate=2026-07-27 UTC (cover_days; soma dias GMT tocados pela janela ~24h — alinhamento tipico a SMS Transactions / Insights Last 24h; totalprice pode diferir do cartao Total Spend),2026-07-27T10:08:43Z
Naturemove,autopilot,0,0,0.000000,StartDate=2026-07-26 EndDate=2026-07-27 UTC (cover_days; soma dias GMT tocados pela janela ~24h — alinhamento tipico a SMS Transactions / Insights Last 24h; totalprice pode diferir do cartao Total Spend),2026-07-27T10:08:43Z
Naturemove,autopilot-home-assistants,0,0,0.000000,StartDate=2026-07-26 EndDate=2026-07-27 UTC (cover_days; soma dias GMT tocados pela janela ~24h — alinhamento tipico a SMS Transactions / Insights Last 24h; totalprice pode diferir do cartao Total Spend),2026-07-27T10:08:43Z
Naturemove,autopilot-messaging,0,0,0.000000,StartDate=2026-07-26 EndDate=2026-07-27 UTC (cover_days; soma dias GMT tocados pela janela ~24h — alinhamento tipico a SMS Transactions / Insights Last 24h; totalprice pode diferir do cartao Total Spend),2026-07-27T10:08:43Z
Naturemove,autopilot-other,0,0,0.000000,StartDate=2026-07-26 EndDate=2026-07-27 UTC (cover_days; soma dias GMT tocados pela janela ~24h — alinhamento tipico a SMS Transactions / Insights Last 24h; totalprice pode diferir do cartao Total Spend),2026-07-27T10:08:43Z
Naturemove,autopilot-voice,0,0,0.000000,StartDate=2026-07-26 EndDate=2026-07-27 UTC (cover_days; soma dias GMT tocados pela janela ~24h — alinhamento tipico a SMS Transactions / Insights Last 24h; totalprice pode diferir do cartao Total Spend),2026-07-27T10:08:43Z
Naturemove,basic-peer-to-peer-rooms-participant-minutes,0,0,0.000000,StartDate=2026-07-26 EndDate=2026-07-27 UTC (cover_days; soma dias GMT tocados pela janela ~24h — alinhamento tipico a SMS Transactions / Insights Last 24h; totalprice pode diferir do cartao Total Spend),2026-07-27T10:08:43Z
Naturemove,branded-calling,0,0,0.000000,StartDate=2026-07-26 EndDate=2026-07-27 UTC (cover_days; soma dias GMT tocados pela janela ~24h — alinhamento tipico a SMS Transactions / Insights Last 24h; totalprice pode diferir do cartao Total Spend),2026-07-27T10:08:43Z
Naturemove,bundle-subscription-fees,0,0,0.000000,StartDate=2026-07-26 EndDate=2026-07-27 UTC (cover_days; soma dias GMT tocados pela janela ~24h — alinhamento tipico a SMS Transactions / Insights Last 24h; totalprice pode diferir do cartao Total Spend),2026-07-27T10:08:43Z
Naturemove,call-forwarding-lookups,0,0,0.000000,StartDate=2026-07-26 EndDate=2026-07-27 UTC (cover_days; soma dias GMT tocados pela janela ~24h — alinhamento tipico a SMS Transactions / Insights Last 24h; totalprice pode diferir do cartao Total Spend),2026-07-27T10:08:43Z
Naturemove,call-progess-events,0,0,0.000000,StartDate=2026-07-26 EndDate=2026-07-27 UTC (cover_days; soma dias GMT tocados pela janela ~24h — alinhamento tipico a SMS Transactions / Insights Last 24h; totalprice pode diferir do cartao Total Spend),2026-07-27T10:08:43Z
Naturemove,calleridlookups,0,0,0.000000,StartDate=2026-07-26 EndDate=2026-07-27 UTC (cover_days; soma dias GMT tocados pela janela ~24h — alinhamento tipico a SMS Transactions / Insights Last 24h; totalprice pode diferir do cartao Total Spend),2026-07-27T10:08:43Z
Naturemove,calls-client,0,0,0.000000,StartDate=2026-07-26 EndDate=2026-07-27 UTC (cover_days; soma dias GMT tocados pela janela ~24h — alinhamento tipico a SMS Transactions / Insights Last 24h; totalprice pode diferir do cartao Total Spend),2026-07-27T10:08:43Z
Naturemove,calls-emergency,0,0,0.000000,StartDate=2026-07-26 EndDate=2026-07-27 UTC (cover_days; soma dias GMT tocados pela janela ~24h — alinhamento tipico a SMS Transactions / Insights Last 24h; totalprice pode diferir do cartao Total Spend),2026-07-27T10:08:43Z
Naturemove,calls-globalconference,0,0,0.000000,StartDate=2026-07-26 EndDate=2026-07-27 UTC (cover_days; soma dias GMT tocados pela janela ~24h — alinhamento tipico a SMS Transactions / Insights Last 24h; totalprice pode diferir do cartao Total Spend),2026-07-27T10:08:43Z
Naturemove,calls-inbound-local,0,0,0.000000,StartDate=2026-07-26 EndDate=2026-07-27 UTC (cover_days; soma dias GMT tocados pela janela ~24h — alinhamento tipico a SMS Transactions / Insights Last 24h; totalprice pode diferir do cartao Total Spend),2026-07-27T10:08:43Z
Naturemove,calls-inbound-mobile,0,0,0.000000,StartDate=2026-07-26 EndDate=2026-07-27 UTC (cover_days; soma dias GMT tocados pela janela ~24h — alinhamento tipico a SMS Transactions / Insights Last 24h; totalprice pode diferir do cartao Total Spend),2026-07-27T10:08:43Z
Naturemove,calls-inbound-tollfree-local,0,0,0.000000,StartDate=2026-07-26 EndDate=2026-07-27 UTC (cover_days; soma dias GMT tocados pela janela ~24h — alinhamento tipico a SMS Transactions / Insights Last 24h; totalprice pode diferir do cartao Total Spend),2026-07-27T10:08:43Z
Naturemove,calls-inbound-tollfree-mobile,0,0,0.000000,StartDate=2026-07-26 EndDate=2026-07-27 UTC (cover_days; soma dias GMT tocados pela janela ~24h — alinhamento tipico a SMS Transactions / Insights Last 24h; totalprice pode diferir do cartao Total Spend),2026-07-27T10:08:43Z
Naturemove,calls-media-stream-minutes,0,0,0.000000,StartDate=2026-07-26 EndDate=2026-07-27 UTC (cover_days; soma dias GMT tocados pela janela ~24h — alinhamento tipico a SMS Transactions / Insights Last 24h; totalprice pode diferir do cartao Total Spend),2026-07-27T10:08:43Z
Naturemove,calls-outbound,0,0,0.000000,StartDate=2026-07-26 EndDate=2026-07-27 UTC (cover_days; soma dias GMT tocados pela janela ~24h — alinhamento tipico a SMS Transactions / Insights Last 24h; totalprice pode diferir do cartao Total Spend),2026-07-27T10:08:43Z
Naturemove,calls-pay-verb-transactions,0,0,0.000000,StartDate=2026-07-26 EndDate=2026-07-27 UTC (cover_days; soma dias GMT tocados pela janela ~24h — alinhamento tipico a SMS Transactions / Insights Last 24h; totalprice pode diferir do cartao Total Spend),2026-07-27T10:08:43Z
Naturemove,calls-recordings,0,0,0.000000,StartDate=2026-07-26 EndDate=2026-07-27 UTC (cover_days; soma dias GMT tocados pela janela ~24h — alinhamento tipico a SMS Transactions / Insights Last 24h; totalprice pode diferir do cartao Total Spend),2026-07-27T10:08:43Z
Naturemove,calls-sip,0,0,0.000000,StartDate=2026-07-26 EndDate=2026-07-27 UTC (cover_days; soma dias GMT tocados pela janela ~24h — alinhamento tipico a SMS Transactions / Insights Last 24h; totalprice pode diferir do cartao Total Spend),2026-07-27T10:08:43Z
Naturemove,calls-sip-inbound,0,0,0.000000,StartDate=2026-07-26 EndDate=2026-07-27 UTC (cover_days; soma dias GMT tocados pela janela ~24h — alinhamento tipico a SMS Transactions / Insights Last 24h; totalprice pode diferir do cartao Total Spend),2026-07-27T10:08:43Z
Naturemove,calls-sip-outbound,0,0,0.000000,StartDate=2026-07-26 EndDate=2026-07-27 UTC (cover_days; soma dias GMT tocados pela janela ~24h — alinhamento tipico a SMS Transactions / Insights Last 24h; totalprice pode diferir do cartao Total Spend),2026-07-27T10:08:43Z
Naturemove,calls-text-to-speech,0,0,0.000000,StartDate=2026-07-26 EndDate=2026-07-27 UTC (cover_days; soma dias GMT tocados pela janela ~24h — alinhamento tipico a SMS Transactions / Insights Last 24h; totalprice pode diferir do cartao Total Spend),2026-07-27T10:08:43Z
Naturemove,calls-transfers,0,0,0.000000,StartDate=2026-07-26 EndDate=2026-07-27 UTC (cover_days; soma dias GMT tocados pela janela ~24h — alinhamento tipico a SMS Transactions / Insights Last 24h; totalprice pode diferir do cartao Total Spend),2026-07-27T10:08:43Z
Naturemove,carrier-lookups,0,0,0.000000,StartDate=2026-07-26 EndDate=2026-07-27 UTC (cover_days; soma dias GMT tocados pela janela ~24h — alinhamento tipico a SMS Transactions / Insights Last 24h; totalprice pode diferir do cartao Total Spend),2026-07-27T10:08:43Z
Naturemove,category,0,0,0.000000,StartDate=2026-07-26 EndDate=2026-07-27 UTC (cover_days; soma dias GMT tocados pela janela ~24h — alinhamento tipico a SMS Transactions / Insights Last 24h; totalprice pode diferir do cartao Total Spend),2026-07-27T10:08:43Z
Naturemove,channels-messaging,0,0,0.000000,StartDate=2026-07-26 EndDate=2026-07-27 UTC (cover_days; soma dias GMT tocados pela janela ~24h — alinhamento tipico a SMS Transactions / Insights Last 24h; totalprice pode diferir do cartao Total Spend),2026-07-27T10:08:43Z
Naturemove,channels-messaging-inbound,0,0,0.000000,StartDate=2026-07-26 EndDate=2026-07-27 UTC (cover_days; soma dias GMT tocados pela janela ~24h — alinhamento tipico a SMS Transactions / Insights Last 24h; totalprice pode diferir do cartao Total Spend),2026-07-27T10:08:43Z
Naturemove,channels-messaging-outbound,0,0,0.000000,StartDate=2026-07-26 EndDate=2026-07-27 UTC (cover_days; soma dias GMT tocados pela janela ~24h — alinhamento tipico a SMS Transactions / Insights Last 24h; totalprice pode diferir do cartao Total Spend),2026-07-27T10:08:43Z
Naturemove,channels-whatsapp,0,0,0.000000,StartDate=2026-07-26 EndDate=2026-07-27 UTC (cover_days; soma dias GMT tocados pela janela ~24h — alinhamento tipico a SMS Transactions / Insights Last 24h; totalprice pode diferir do cartao Total Spend),2026-07-27T10:08:43Z
Naturemove,channels-whatsapp-conversation-authentication,0,0,0.000000,StartDate=2026-07-26 EndDate=2026-07-27 UTC (cover_days; soma dias GMT tocados pela janela ~24h — alinhamento tipico a SMS Transactions / Insights Last 24h; totalprice pode diferir do cartao Total Spend),2026-07-27T10:08:43Z
Naturemove,channels-whatsapp-conversation-free,0,0,0.000000,StartDate=2026-07-26 EndDate=2026-07-27 UTC (cover_days; soma dias GMT tocados pela janela ~24h — alinhamento tipico a SMS Transactions / Insights Last 24h; totalprice pode diferir do cartao Total Spend),2026-07-27T10:08:43Z
Naturemove,channels-whatsapp-conversation-marketing,0,0,0.000000,StartDate=2026-07-26 EndDate=2026-07-27 UTC (cover_days; soma dias GMT tocados pela janela ~24h — alinhamento tipico a SMS Transactions / Insights Last 24h; totalprice pode diferir do cartao Total Spend),2026-07-27T10:08:43Z
Naturemove,channels-whatsapp-conversation-service,0,0,0.000000,StartDate=2026-07-26 EndDate=2026-07-27 UTC (cover_days; soma dias GMT tocados pela janela ~24h — alinhamento tipico a SMS Transactions / Insights Last 24h; totalprice pode diferir do cartao Total Spend),2026-07-27T10:08:43Z
Naturemove,channels-whatsapp-conversation-utility,0,0,0.000000,StartDate=2026-07-26 EndDate=2026-07-27 UTC (cover_days; soma dias GMT tocados pela janela ~24h — alinhamento tipico a SMS Transactions / Insights Last 24h; totalprice pode diferir do cartao Total Spend),2026-07-27T10:08:43Z
Naturemove,channels-whatsapp-inbound,0,0,0.000000,StartDate=2026-07-26 EndDate=2026-07-27 UTC (cover_days; soma dias GMT tocados pela janela ~24h — alinhamento tipico a SMS Transactions / Insights Last 24h; totalprice pode diferir do cartao Total Spend),2026-07-27T10:08:43Z
Naturemove,channels-whatsapp-outbound,0,0,0.000000,StartDate=2026-07-26 EndDate=2026-07-27 UTC (cover_days; soma dias GMT tocados pela janela ~24h — alinhamento tipico a SMS Transactions / Insights Last 24h; totalprice pode diferir do cartao Total Spend),2026-07-27T10:08:43Z
Naturemove,channels-whatsapp-template-authentication,0,0,0.000000,StartDate=2026-07-26 EndDate=2026-07-27 UTC (cover_days; soma dias GMT tocados pela janela ~24h — alinhamento tipico a SMS Transactions / Insights Last 24h; totalprice pode diferir do cartao Total Spend),2026-07-27T10:08:43Z
Naturemove,channels-whatsapp-template-marketing,0,0,0.000000,StartDate=2026-07-26 EndDate=2026-07-27 UTC (cover_days; soma dias GMT tocados pela janela ~24h — alinhamento tipico a SMS Transactions / Insights Last 24h; totalprice pode diferir do cartao Total Spend),2026-07-27T10:08:43Z
Naturemove,channels-whatsapp-template-service,0,0,0.000000,StartDate=2026-07-26 EndDate=2026-07-27 UTC (cover_days; soma dias GMT tocados pela janela ~24h — alinhamento tipico a SMS Transactions / Insights Last 24h; totalprice pode diferir do cartao Total Spend),2026-07-27T10:08:43Z
Naturemove,channels-whatsapp-template-utility,0,0,0.000000,StartDate=2026-07-26 EndDate=2026-07-27 UTC (cover_days; soma dias GMT tocados pela janela ~24h — alinhamento tipico a SMS Transactions / Insights Last 24h; totalprice pode diferir do cartao Total Spend),2026-07-27T10:08:43Z
Naturemove,chat-virtual-agent,0,0,0.000000,StartDate=2026-07-26 EndDate=2026-07-27 UTC (cover_days; soma dias GMT tocados pela janela ~24h — alinhamento tipico a SMS Transactions / Insights Last 24h; totalprice pode diferir do cartao Total Spend),2026-07-27T10:08:43Z
Naturemove,conversation-ingestion,0,0,0.000000,StartDate=2026-07-26 EndDate=2026-07-27 UTC (cover_days; soma dias GMT tocados pela janela ~24h — alinhamento tipico a SMS Transactions / Insights Last 24h; totalprice pode diferir do cartao Total Spend),2026-07-27T10:08:43Z
Naturemove,conversation-intelligence,0,0,0.000000,StartDate=2026-07-26 EndDate=2026-07-27 UTC (cover_days; soma dias GMT tocados pela janela ~24h — alinhamento tipico a SMS Transactions / Insights Last 24h; totalprice pode diferir do cartao Total Spend),2026-07-27T10:08:43Z
Naturemove,conversation-memory,0,0,0.000000,StartDate=2026-07-26 EndDate=2026-07-27 UTC (cover_days; soma dias GMT tocados pela janela ~24h — alinhamento tipico a SMS Transactions / Insights Last 24h; totalprice pode diferir do cartao Total Spend),2026-07-27T10:08:43Z
Naturemove,conversation-orchestrator,0,0,0.000000,StartDate=2026-07-26 EndDate=2026-07-27 UTC (cover_days; soma dias GMT tocados pela janela ~24h — alinhamento tipico a SMS Transactions / Insights Last 24h; totalprice pode diferir do cartao Total Spend),2026-07-27T10:08:43Z
Naturemove,conversation-relay,0,0,0.000000,StartDate=2026-07-26 EndDate=2026-07-27 UTC (cover_days; soma dias GMT tocados pela janela ~24h — alinhamento tipico a SMS Transactions / Insights Last 24h; totalprice pode diferir do cartao Total Spend),2026-07-27T10:08:43Z
Naturemove,conversations,0,0,0.000000,StartDate=2026-07-26 EndDate=2026-07-27 UTC (cover_days; soma dias GMT tocados pela janela ~24h — alinhamento tipico a SMS Transactions / Insights Last 24h; totalprice pode diferir do cartao Total Spend),2026-07-27T10:08:43Z
Naturemove,conversations-api-requests,0,0,0.000000,StartDate=2026-07-26 EndDate=2026-07-27 UTC (cover_days; soma dias GMT tocados pela janela ~24h — alinhamento tipico a SMS Transactions / Insights Last 24h; totalprice pode diferir do cartao Total Spend),2026-07-27T10:08:43Z
Naturemove,conversations-conversation-events,0,0,0.000000,StartDate=2026-07-26 EndDate=2026-07-27 UTC (cover_days; soma dias GMT tocados pela janela ~24h — alinhamento tipico a SMS Transactions / Insights Last 24h; totalprice pode diferir do cartao Total Spend),2026-07-27T10:08:43Z
Naturemove,conversations-endpoint-connectivity,0,0,0.000000,StartDate=2026-07-26 EndDate=2026-07-27 UTC (cover_days; soma dias GMT tocados pela janela ~24h — alinhamento tipico a SMS Transactions / Insights Last 24h; totalprice pode diferir do cartao Total Spend),2026-07-27T10:08:43Z
Naturemove,conversations-events,0,0,0.000000,StartDate=2026-07-26 EndDate=2026-07-27 UTC (cover_days; soma dias GMT tocados pela janela ~24h — alinhamento tipico a SMS Transactions / Insights Last 24h; totalprice pode diferir do cartao Total Spend),2026-07-27T10:08:43Z
Naturemove,conversations-participant-events,0,0,0.000000,StartDate=2026-07-26 EndDate=2026-07-27 UTC (cover_days; soma dias GMT tocados pela janela ~24h — alinhamento tipico a SMS Transactions / Insights Last 24h; totalprice pode diferir do cartao Total Spend),2026-07-27T10:08:43Z
Naturemove,conversations-participants,0,0,0.000000,StartDate=2026-07-26 EndDate=2026-07-27 UTC (cover_days; soma dias GMT tocados pela janela ~24h — alinhamento tipico a SMS Transactions / Insights Last 24h; totalprice pode diferir do cartao Total Spend),2026-07-27T10:08:43Z
Naturemove,cps,0,0,0.000000,StartDate=2026-07-26 EndDate=2026-07-27 UTC (cover_days; soma dias GMT tocados pela janela ~24h — alinhamento tipico a SMS Transactions / Insights Last 24h; totalprice pode diferir do cartao Total Spend),2026-07-27T10:08:43Z
Naturemove,credit-transfer,0,0,0.000000,StartDate=2026-07-26 EndDate=2026-07-27 UTC (cover_days; soma dias GMT tocados pela janela ~24h — alinhamento tipico a SMS Transactions / Insights Last 24h; totalprice pode diferir do cartao Total Spend),2026-07-27T10:08:43Z
Naturemove,custom-language-operators-speed-input,0,0,0.000000,StartDate=2026-07-26 EndDate=2026-07-27 UTC (cover_days; soma dias GMT tocados pela janela ~24h — alinhamento tipico a SMS Transactions / Insights Last 24h; totalprice pode diferir do cartao Total Spend),2026-07-27T10:08:43Z
Naturemove,custom-language-operators-speed-output,0,0,0.000000,StartDate=2026-07-26 EndDate=2026-07-27 UTC (cover_days; soma dias GMT tocados pela janela ~24h — alinhamento tipico a SMS Transactions / Insights Last 24h; totalprice pode diferir do cartao Total Spend),2026-07-27T10:08:43Z
Naturemove,custom-number-services,0,0,0.000000,StartDate=2026-07-26 EndDate=2026-07-27 UTC (cover_days; soma dias GMT tocados pela janela ~24h — alinhamento tipico a SMS Transactions / Insights Last 24h; totalprice pode diferir do cartao Total Spend),2026-07-27T10:08:43Z
Naturemove,email,0,0,0.000000,StartDate=2026-07-26 EndDate=2026-07-27 UTC (cover_days; soma dias GMT tocados pela janela ~24h — alinhamento tipico a SMS Transactions / Insights Last 24h; totalprice pode diferir do cartao Total Spend),2026-07-27T10:08:43Z
Naturemove,email-sends,0,0,0.000000,StartDate=2026-07-26 EndDate=2026-07-27 UTC (cover_days; soma dias GMT tocados pela janela ~24h — alinhamento tipico a SMS Transactions / Insights Last 24h; totalprice pode diferir do cartao Total Spend),2026-07-27T10:08:43Z
Naturemove,emerging-tech,0,0,0.000000,StartDate=2026-07-26 EndDate=2026-07-27 UTC (cover_days; soma dias GMT tocados pela janela ~24h — alinhamento tipico a SMS Transactions / Insights Last 24h; totalprice pode diferir do cartao Total Spend),2026-07-27T10:08:43Z
Naturemove,engagement-suite-packaged-plans,0,0,0.000000,StartDate=2026-07-26 EndDate=2026-07-27 UTC (cover_days; soma dias GMT tocados pela janela ~24h — alinhamento tipico a SMS Transactions / Insights Last 24h; totalprice pode diferir do cartao Total Spend),2026-07-27T10:08:43Z
Naturemove,enhanced-line-type-lookups,0,0,0.000000,StartDate=2026-07-26 EndDate=2026-07-27 UTC (cover_days; soma dias GMT tocados pela janela ~24h — alinhamento tipico a SMS Transactions / Insights Last 24h; totalprice pode diferir do cartao Total Spend),2026-07-27T10:08:43Z
Naturemove,enterprise,0,0,0.000000,StartDate=2026-07-26 EndDate=2026-07-27 UTC (cover_days; soma dias GMT tocados pela janela ~24h — alinhamento tipico a SMS Transactions / Insights Last 24h; totalprice pode diferir do cartao Total Spend),2026-07-27T10:08:43Z
Naturemove,enterprise-knowledge,0,0,0.000000,StartDate=2026-07-26 EndDate=2026-07-27 UTC (cover_days; soma dias GMT tocados pela janela ~24h — alinhamento tipico a SMS Transactions / Insights Last 24h; totalprice pode diferir do cartao Total Spend),2026-07-27T10:08:43Z
Naturemove,events,0,0,0.000000,StartDate=2026-07-26 EndDate=2026-07-27 UTC (cover_days; soma dias GMT tocados pela janela ~24h — alinhamento tipico a SMS Transactions / Insights Last 24h; totalprice pode diferir do cartao Total Spend),2026-07-27T10:08:43Z
Naturemove,experiment-france-sms,0,0,0.000000,StartDate=2026-07-26 EndDate=2026-07-27 UTC (cover_days; soma dias GMT tocados pela janela ~24h — alinhamento tipico a SMS Transactions / Insights Last 24h; totalprice pode diferir do cartao Total Spend),2026-07-27T10:08:43Z
Naturemove,experiment-india-sms,0,0,0.000000,StartDate=2026-07-26 EndDate=2026-07-27 UTC (cover_days; soma dias GMT tocados pela janela ~24h — alinhamento tipico a SMS Transactions / Insights Last 24h; totalprice pode diferir do cartao Total Spend),2026-07-27T10:08:43Z
Naturemove,experiment-uk-sms,0,0,0.000000,StartDate=2026-07-26 EndDate=2026-07-27 UTC (cover_days; soma dias GMT tocados pela janela ~24h — alinhamento tipico a SMS Transactions / Insights Last 24h; totalprice pode diferir do cartao Total Spend),2026-07-27T10:08:43Z
Naturemove,failed-message-processing-fee,0,0,0.000000,StartDate=2026-07-26 EndDate=2026-07-27 UTC (cover_days; soma dias GMT tocados pela janela ~24h — alinhamento tipico a SMS Transactions / Insights Last 24h; totalprice pode diferir do cartao Total Spend),2026-07-27T10:08:43Z
Naturemove,flex,0,0,0.000000,StartDate=2026-07-26 EndDate=2026-07-27 UTC (cover_days; soma dias GMT tocados pela janela ~24h — alinhamento tipico a SMS Transactions / Insights Last 24h; totalprice pode diferir do cartao Total Spend),2026-07-27T10:08:43Z
Naturemove,flex-active-user-hours,0,0,0.000000,StartDate=2026-07-26 EndDate=2026-07-27 UTC (cover_days; soma dias GMT tocados pela janela ~24h — alinhamento tipico a SMS Transactions / Insights Last 24h; totalprice pode diferir do cartao Total Spend),2026-07-27T10:08:43Z
Naturemove,flex-concurrent-users,0,0,0.000000,StartDate=2026-07-26 EndDate=2026-07-27 UTC (cover_days; soma dias GMT tocados pela janela ~24h — alinhamento tipico a SMS Transactions / Insights Last 24h; totalprice pode diferir do cartao Total Spend),2026-07-27T10:08:43Z
Naturemove,flex-connectivity,0,0,0.000000,StartDate=2026-07-26 EndDate=2026-07-27 UTC (cover_days; soma dias GMT tocados pela janela ~24h — alinhamento tipico a SMS Transactions / Insights Last 24h; totalprice pode diferir do cartao Total Spend),2026-07-27T10:08:43Z
Naturemove,flex-conversational-insights,0,0,0.000000,StartDate=2026-07-26 EndDate=2026-07-27 UTC (cover_days; soma dias GMT tocados pela janela ~24h — alinhamento tipico a SMS Transactions / Insights Last 24h; totalprice pode diferir do cartao Total Spend),2026-07-27T10:08:43Z
Naturemove,flex-conversational-insights-messages,0,0,0.000000,StartDate=2026-07-26 EndDate=2026-07-27 UTC (cover_days; soma dias GMT tocados pela janela ~24h — alinhamento tipico a SMS Transactions / Insights Last 24h; totalprice pode diferir do cartao Total Spend),2026-07-27T10:08:43Z
Naturemove,flex-conversational-insights-voice-minutes,0,0,0.000000,StartDate=2026-07-26 EndDate=2026-07-27 UTC (cover_days; soma dias GMT tocados pela janela ~24h — alinhamento tipico a SMS Transactions / Insights Last 24h; totalprice pode diferir do cartao Total Spend),2026-07-27T10:08:43Z
Naturemove,flex-email-usage,0,0,0.000000,StartDate=2026-07-26 EndDate=2026-07-27 UTC (cover_days; soma dias GMT tocados pela janela ~24h — alinhamento tipico a SMS Transactions / Insights Last 24h; totalprice pode diferir do cartao Total Spend),2026-07-27T10:08:43Z
Naturemove,flex-messaging-usage,0,0,0.000000,StartDate=2026-07-26 EndDate=2026-07-27 UTC (cover_days; soma dias GMT tocados pela janela ~24h — alinhamento tipico a SMS Transactions / Insights Last 24h; totalprice pode diferir do cartao Total Spend),2026-07-27T10:08:43Z
Naturemove,flex-partner-spinsci,0,0,0.000000,StartDate=2026-07-26 EndDate=2026-07-27 UTC (cover_days; soma dias GMT tocados pela janela ~24h — alinhamento tipico a SMS Transactions / Insights Last 24h; totalprice pode diferir do cartao Total Spend),2026-07-27T10:08:43Z
Naturemove,flex-partner-xcelerate,0,0,0.000000,StartDate=2026-07-26 EndDate=2026-07-27 UTC (cover_days; soma dias GMT tocados pela janela ~24h — alinhamento tipico a SMS Transactions / Insights Last 24h; totalprice pode diferir do cartao Total Spend),2026-07-27T10:08:43Z
Naturemove,flex-reseller-ecosystem,0,0,0.000000,StartDate=2026-07-26 EndDate=2026-07-27 UTC (cover_days; soma dias GMT tocados pela janela ~24h — alinhamento tipico a SMS Transactions / Insights Last 24h; totalprice pode diferir do cartao Total Spend),2026-07-27T10:08:43Z
Naturemove,flex-unique-user,0,0,0.000000,StartDate=2026-07-26 EndDate=2026-07-27 UTC (cover_days; soma dias GMT tocados pela janela ~24h — alinhamento tipico a SMS Transactions / Insights Last 24h; totalprice pode diferir do cartao Total Spend),2026-07-27T10:08:43Z
Naturemove,flex-usage,0,0,0.000000,StartDate=2026-07-26 EndDate=2026-07-27 UTC (cover_days; soma dias GMT tocados pela janela ~24h — alinhamento tipico a SMS Transactions / Insights Last 24h; totalprice pode diferir do cartao Total Spend),2026-07-27T10:08:43Z
Naturemove,flex-users,0,0,0.000000,StartDate=2026-07-26 EndDate=2026-07-27 UTC (cover_days; soma dias GMT tocados pela janela ~24h — alinhamento tipico a SMS Transactions / Insights Last 24h; totalprice pode diferir do cartao Total Spend),2026-07-27T10:08:43Z
Naturemove,flex-voice-minute,0,0,0.000000,StartDate=2026-07-26 EndDate=2026-07-27 UTC (cover_days; soma dias GMT tocados pela janela ~24h — alinhamento tipico a SMS Transactions / Insights Last 24h; totalprice pode diferir do cartao Total Spend),2026-07-27T10:08:43Z
Naturemove,flex-ytica,0,0,0.000000,StartDate=2026-07-26 EndDate=2026-07-27 UTC (cover_days; soma dias GMT tocados pela janela ~24h — alinhamento tipico a SMS Transactions / Insights Last 24h; totalprice pode diferir do cartao Total Spend),2026-07-27T10:08:43Z
Naturemove,fraud-lookups,0,0,0.000000,StartDate=2026-07-26 EndDate=2026-07-27 UTC (cover_days; soma dias GMT tocados pela janela ~24h — alinhamento tipico a SMS Transactions / Insights Last 24h; totalprice pode diferir do cartao Total Spend),2026-07-27T10:08:43Z
Naturemove,frontline,0,0,0.000000,StartDate=2026-07-26 EndDate=2026-07-27 UTC (cover_days; soma dias GMT tocados pela janela ~24h — alinhamento tipico a SMS Transactions / Insights Last 24h; totalprice pode diferir do cartao Total Spend),2026-07-27T10:08:43Z
Naturemove,frontline-users,0,0,0.000000,StartDate=2026-07-26 EndDate=2026-07-27 UTC (cover_days; soma dias GMT tocados pela janela ~24h — alinhamento tipico a SMS Transactions / Insights Last 24h; totalprice pode diferir do cartao Total Spend),2026-07-27T10:08:43Z
Naturemove,functions,0,0,0.000000,StartDate=2026-07-26 EndDate=2026-07-27 UTC (cover_days; soma dias GMT tocados pela janela ~24h — alinhamento tipico a SMS Transactions / Insights Last 24h; totalprice pode diferir do cartao Total Spend),2026-07-27T10:08:43Z
Naturemove,generic-pay-transactions,0,0,0.000000,StartDate=2026-07-26 EndDate=2026-07-27 UTC (cover_days; soma dias GMT tocados pela janela ~24h — alinhamento tipico a SMS Transactions / Insights Last 24h; totalprice pode diferir do cartao Total Spend),2026-07-27T10:08:43Z
Naturemove,group-rooms,0,0,0.000000,StartDate=2026-07-26 EndDate=2026-07-27 UTC (cover_days; soma dias GMT tocados pela janela ~24h — alinhamento tipico a SMS Transactions / Insights Last 24h; totalprice pode diferir do cartao Total Spend),2026-07-27T10:08:43Z
Naturemove,group-rooms-data-track,0,0,0.000000,StartDate=2026-07-26 EndDate=2026-07-27 UTC (cover_days; soma dias GMT tocados pela janela ~24h — alinhamento tipico a SMS Transactions / Insights Last 24h; totalprice pode diferir do cartao Total Spend),2026-07-27T10:08:43Z
Naturemove,group-rooms-encrypted-media-recorded,0,0,0.000000,StartDate=2026-07-26 EndDate=2026-07-27 UTC (cover_days; soma dias GMT tocados pela janela ~24h — alinhamento tipico a SMS Transactions / Insights Last 24h; totalprice pode diferir do cartao Total Spend),2026-07-27T10:08:43Z
Naturemove,group-rooms-media-downloaded,0,0,0.000000,StartDate=2026-07-26 EndDate=2026-07-27 UTC (cover_days; soma dias GMT tocados pela janela ~24h — alinhamento tipico a SMS Transactions / Insights Last 24h; totalprice pode diferir do cartao Total Spend),2026-07-27T10:08:43Z
Naturemove,group-rooms-media-recorded,0,0,0.000000,StartDate=2026-07-26 EndDate=2026-07-27 UTC (cover_days; soma dias GMT tocados pela janela ~24h — alinhamento tipico a SMS Transactions / Insights Last 24h; totalprice pode diferir do cartao Total Spend),2026-07-27T10:08:43Z
Naturemove,group-rooms-media-routed,0,0,0.000000,StartDate=2026-07-26 EndDate=2026-07-27 UTC (cover_days; soma dias GMT tocados pela janela ~24h — alinhamento tipico a SMS Transactions / Insights Last 24h; totalprice pode diferir do cartao Total Spend),2026-07-27T10:08:43Z
Naturemove,group-rooms-media-stored,0,0,0.000000,StartDate=2026-07-26 EndDate=2026-07-27 UTC (cover_days; soma dias GMT tocados pela janela ~24h — alinhamento tipico a SMS Transactions / Insights Last 24h; totalprice pode diferir do cartao Total Spend),2026-07-27T10:08:43Z
Naturemove,group-rooms-participant-minutes,0,0,0.000000,StartDate=2026-07-26 EndDate=2026-07-27 UTC (cover_days; soma dias GMT tocados pela janela ~24h — alinhamento tipico a SMS Transactions / Insights Last 24h; totalprice pode diferir do cartao Total Spend),2026-07-27T10:08:43Z
Naturemove,group-rooms-recorded-minutes,0,0,0.000000,StartDate=2026-07-26 EndDate=2026-07-27 UTC (cover_days; soma dias GMT tocados pela janela ~24h — alinhamento tipico a SMS Transactions / Insights Last 24h; totalprice pode diferir do cartao Total Spend),2026-07-27T10:08:43Z
Naturemove,ip-messaging,0,0,0.000000,StartDate=2026-07-26 EndDate=2026-07-27 UTC (cover_days; soma dias GMT tocados pela janela ~24h — alinhamento tipico a SMS Transactions / Insights Last 24h; totalprice pode diferir do cartao Total Spend),2026-07-27T10:08:43Z
Naturemove,ip-messaging-commands,0,0,0.000000,StartDate=2026-07-26 EndDate=2026-07-27 UTC (cover_days; soma dias GMT tocados pela janela ~24h — alinhamento tipico a SMS Transactions / Insights Last 24h; totalprice pode diferir do cartao Total Spend),2026-07-27T10:08:43Z
Naturemove,ip-messaging-data-storage,0,0,0.000000,StartDate=2026-07-26 EndDate=2026-07-27 UTC (cover_days; soma dias GMT tocados pela janela ~24h — alinhamento tipico a SMS Transactions / Insights Last 24h; totalprice pode diferir do cartao Total Spend),2026-07-27T10:08:43Z
Naturemove,ip-messaging-data-transfer,0,0,0.000000,StartDate=2026-07-26 EndDate=2026-07-27 UTC (cover_days; soma dias GMT tocados pela janela ~24h — alinhamento tipico a SMS Transactions / Insights Last 24h; totalprice pode diferir do cartao Total Spend),2026-07-27T10:08:43Z
Naturemove,ip-messaging-endpoint-connectivity,0,0,0.000000,StartDate=2026-07-26 EndDate=2026-07-27 UTC (cover_days; soma dias GMT tocados pela janela ~24h — alinhamento tipico a SMS Transactions / Insights Last 24h; totalprice pode diferir do cartao Total Spend),2026-07-27T10:08:43Z
Naturemove,ivr-virtual-agent-custom-voices,0,0,0.000000,StartDate=2026-07-26 EndDate=2026-07-27 UTC (cover_days; soma dias GMT tocados pela janela ~24h — alinhamento tipico a SMS Transactions / Insights Last 24h; totalprice pode diferir do cartao Total Spend),2026-07-27T10:08:43Z
Naturemove,ivr-virtual-agent-genai,0,0,0.000000,StartDate=2026-07-26 EndDate=2026-07-27 UTC (cover_days; soma dias GMT tocados pela janela ~24h — alinhamento tipico a SMS Transactions / Insights Last 24h; totalprice pode diferir do cartao Total Spend),2026-07-27T10:08:43Z
Naturemove,knowledge-retrieval,0,0,0.000000,StartDate=2026-07-26 EndDate=2026-07-27 UTC (cover_days; soma dias GMT tocados pela janela ~24h — alinhamento tipico a SMS Transactions / Insights Last 24h; totalprice pode diferir do cartao Total Spend),2026-07-27T10:08:43Z
Naturemove,knowledge-storage,0,0,0.000000,StartDate=2026-07-26 EndDate=2026-07-27 UTC (cover_days; soma dias GMT tocados pela janela ~24h — alinhamento tipico a SMS Transactions / Insights Last 24h; totalprice pode diferir do cartao Total Spend),2026-07-27T10:08:43Z
Naturemove,line-status-lookups,0,0,0.000000,StartDate=2026-07-26 EndDate=2026-07-27 UTC (cover_days; soma dias GMT tocados pela janela ~24h — alinhamento tipico a SMS Transactions / Insights Last 24h; totalprice pode diferir do cartao Total Spend),2026-07-27T10:08:43Z
Naturemove,live-activity-lookups,0,0,0.000000,StartDate=2026-07-26 EndDate=2026-07-27 UTC (cover_days; soma dias GMT tocados pela janela ~24h — alinhamento tipico a SMS Transactions / Insights Last 24h; totalprice pode diferir do cartao Total Spend),2026-07-27T10:08:43Z
Naturemove,lookup-bucket-adjustment,0,0,0.000000,StartDate=2026-07-26 EndDate=2026-07-27 UTC (cover_days; soma dias GMT tocados pela janela ~24h — alinhamento tipico a SMS Transactions / Insights Last 24h; totalprice pode diferir do cartao Total Spend),2026-07-27T10:08:43Z
Naturemove,lookup-identity-match,0,0,0.000000,StartDate=2026-07-26 EndDate=2026-07-27 UTC (cover_days; soma dias GMT tocados pela janela ~24h — alinhamento tipico a SMS Transactions / Insights Last 24h; totalprice pode diferir do cartao Total Spend),2026-07-27T10:08:43Z
Naturemove,lookups,0,0,0.000000,StartDate=2026-07-26 EndDate=2026-07-27 UTC (cover_days; soma dias GMT tocados pela janela ~24h — alinhamento tipico a SMS Transactions / Insights Last 24h; totalprice pode diferir do cartao Total Spend),2026-07-27T10:08:43Z
Naturemove,marketplace,0,0,0.000000,StartDate=2026-07-26 EndDate=2026-07-27 UTC (cover_days; soma dias GMT tocados pela janela ~24h — alinhamento tipico a SMS Transactions / Insights Last 24h; totalprice pode diferir do cartao Total Spend),2026-07-27T10:08:43Z
Naturemove,marketplace-algorithmia-named-entity-recognition,0,0,0.000000,StartDate=2026-07-26 EndDate=2026-07-27 UTC (cover_days; soma dias GMT tocados pela janela ~24h — alinhamento tipico a SMS Transactions / Insights Last 24h; totalprice pode diferir do cartao Total Spend),2026-07-27T10:08:43Z
Naturemove,marketplace-bot-msg.ai-deliveryaware,0,0,0.000000,StartDate=2026-07-26 EndDate=2026-07-27 UTC (cover_days; soma dias GMT tocados pela janela ~24h — alinhamento tipico a SMS Transactions / Insights Last 24h; totalprice pode diferir do cartao Total Spend),2026-07-27T10:08:43Z
Naturemove,marketplace-cadence-transcription,0,0,0.000000,StartDate=2026-07-26 EndDate=2026-07-27 UTC (cover_days; soma dias GMT tocados pela janela ~24h — alinhamento tipico a SMS Transactions / Insights Last 24h; totalprice pode diferir do cartao Total Spend),2026-07-27T10:08:43Z
Naturemove,marketplace-cadence-translation,0,0,0.000000,StartDate=2026-07-26 EndDate=2026-07-27 UTC (cover_days; soma dias GMT tocados pela janela ~24h — alinhamento tipico a SMS Transactions / Insights Last 24h; totalprice pode diferir do cartao Total Spend),2026-07-27T10:08:43Z
Naturemove,marketplace-capio-speech-to-text,0,0,0.000000,StartDate=2026-07-26 EndDate=2026-07-27 UTC (cover_days; soma dias GMT tocados pela janela ~24h — alinhamento tipico a SMS Transactions / Insights Last 24h; totalprice pode diferir do cartao Total Spend),2026-07-27T10:08:43Z
Naturemove,marketplace-convriza-ababa,0,0,0.000000,StartDate=2026-07-26 EndDate=2026-07-27 UTC (cover_days; soma dias GMT tocados pela janela ~24h — alinhamento tipico a SMS Transactions / Insights Last 24h; totalprice pode diferir do cartao Total Spend),2026-07-27T10:08:43Z
Naturemove,marketplace-deepgram-phrase-detector,0,0,0.000000,StartDate=2026-07-26 EndDate=2026-07-27 UTC (cover_days; soma dias GMT tocados pela janela ~24h — alinhamento tipico a SMS Transactions / Insights Last 24h; totalprice pode diferir do cartao Total Spend),2026-07-27T10:08:43Z
Naturemove,marketplace-deepgram-transcription,0,0,0.000000,StartDate=2026-07-26 EndDate=2026-07-27 UTC (cover_days; soma dias GMT tocados pela janela ~24h — alinhamento tipico a SMS Transactions / Insights Last 24h; totalprice pode diferir do cartao Total Spend),2026-07-27T10:08:43Z
Naturemove,marketplace-deepgram-transcription-base,0,0,0.000000,StartDate=2026-07-26 EndDate=2026-07-27 UTC (cover_days; soma dias GMT tocados pela janela ~24h — alinhamento tipico a SMS Transactions / Insights Last 24h; totalprice pode diferir do cartao Total Spend),2026-07-27T10:08:43Z
Naturemove,marketplace-deepgram-transscription-enhanced,0,0,0.000000,StartDate=2026-07-26 EndDate=2026-07-27 UTC (cover_days; soma dias GMT tocados pela janela ~24h — alinhamento tipico a SMS Transactions / Insights Last 24h; totalprice pode diferir do cartao Total Spend),2026-07-27T10:08:43Z
Naturemove,marketplace-digital-segment-business-info,0,0,0.000000,StartDate=2026-07-26 EndDate=2026-07-27 UTC (cover_days; soma dias GMT tocados pela janela ~24h — alinhamento tipico a SMS Transactions / Insights Last 24h; totalprice pode diferir do cartao Total Spend),2026-07-27T10:08:43Z
Naturemove,marketplace-facebook-offline-conversions,0,0,0.000000,StartDate=2026-07-26 EndDate=2026-07-27 UTC (cover_days; soma dias GMT tocados pela janela ~24h — alinhamento tipico a SMS Transactions / Insights Last 24h; totalprice pode diferir do cartao Total Spend),2026-07-27T10:08:43Z
Naturemove,marketplace-google-speech-to-text,0,0,0.000000,StartDate=2026-07-26 EndDate=2026-07-27 UTC (cover_days; soma dias GMT tocados pela janela ~24h — alinhamento tipico a SMS Transactions / Insights Last 24h; totalprice pode diferir do cartao Total Spend),2026-07-27T10:08:43Z
Naturemove,marketplace-ibm-watson-message-insights,0,0,0.000000,StartDate=2026-07-26 EndDate=2026-07-27 UTC (cover_days; soma dias GMT tocados pela janela ~24h — alinhamento tipico a SMS Transactions / Insights Last 24h; totalprice pode diferir do cartao Total Spend),2026-07-27T10:08:43Z
Naturemove,marketplace-ibm-watson-message-sentiment,0,0,0.000000,StartDate=2026-07-26 EndDate=2026-07-27 UTC (cover_days; soma dias GMT tocados pela janela ~24h — alinhamento tipico a SMS Transactions / Insights Last 24h; totalprice pode diferir do cartao Total Spend),2026-07-27T10:08:43Z
Naturemove,marketplace-ibm-watson-recording-analysis,0,0,0.000000,StartDate=2026-07-26 EndDate=2026-07-27 UTC (cover_days; soma dias GMT tocados pela janela ~24h — alinhamento tipico a SMS Transactions / Insights Last 24h; totalprice pode diferir do cartao Total Spend),2026-07-27T10:08:43Z
Naturemove,marketplace-ibm-watson-tone-analyzer,0,0,0.000000,StartDate=2026-07-26 EndDate=2026-07-27 UTC (cover_days; soma dias GMT tocados pela janela ~24h — alinhamento tipico a SMS Transactions / Insights Last 24h; totalprice pode diferir do cartao Total Spend),2026-07-27T10:08:43Z
Naturemove,marketplace-icehook-systems-scout,0,0,0.000000,StartDate=2026-07-26 EndDate=2026-07-27 UTC (cover_days; soma dias GMT tocados pela janela ~24h — alinhamento tipico a SMS Transactions / Insights Last 24h; totalprice pode diferir do cartao Total Spend),2026-07-27T10:08:43Z
Naturemove,marketplace-infogroup-dataaxle-bizinfo,0,0,0.000000,StartDate=2026-07-26 EndDate=2026-07-27 UTC (cover_days; soma dias GMT tocados pela janela ~24h — alinhamento tipico a SMS Transactions / Insights Last 24h; totalprice pode diferir do cartao Total Spend),2026-07-27T10:08:43Z
Naturemove,marketplace-keen-io-contact-center-analytics,0,0,0.000000,StartDate=2026-07-26 EndDate=2026-07-27 UTC (cover_days; soma dias GMT tocados pela janela ~24h — alinhamento tipico a SMS Transactions / Insights Last 24h; totalprice pode diferir do cartao Total Spend),2026-07-27T10:08:43Z
Naturemove,marketplace-marchex-cleancall,0,0,0.000000,StartDate=2026-07-26 EndDate=2026-07-27 UTC (cover_days; soma dias GMT tocados pela janela ~24h — alinhamento tipico a SMS Transactions / Insights Last 24h; totalprice pode diferir do cartao Total Spend),2026-07-27T10:08:43Z
Naturemove,marketplace-marchex-recording-analysis,0,0,0.000000,StartDate=2026-07-26 EndDate=2026-07-27 UTC (cover_days; soma dias GMT tocados pela janela ~24h — alinhamento tipico a SMS Transactions / Insights Last 24h; totalprice pode diferir do cartao Total Spend),2026-07-27T10:08:43Z
Naturemove,marketplace-marchex-sentiment-analysis-for-sms,0,0,0.000000,StartDate=2026-07-26 EndDate=2026-07-27 UTC (cover_days; soma dias GMT tocados pela janela ~24h — alinhamento tipico a SMS Transactions / Insights Last 24h; totalprice pode diferir do cartao Total Spend),2026-07-27T10:08:43Z
Naturemove,marketplace-marketplace-nextcaller-social-id,0,0,0.000000,StartDate=2026-07-26 EndDate=2026-07-27 UTC (cover_days; soma dias GMT tocados pela janela ~24h — alinhamento tipico a SMS Transactions / Insights Last 24h; totalprice pode diferir do cartao Total Spend),2026-07-27T10:08:43Z
Naturemove,marketplace-mobile-commons-opt-out-classifier,0,0,0.000000,StartDate=2026-07-26 EndDate=2026-07-27 UTC (cover_days; soma dias GMT tocados pela janela ~24h — alinhamento tipico a SMS Transactions / Insights Last 24h; totalprice pode diferir do cartao Total Spend),2026-07-27T10:08:43Z
Naturemove,marketplace-msg.ai-deliveryaware,0,0,0.000000,StartDate=2026-07-26 EndDate=2026-07-27 UTC (cover_days; soma dias GMT tocados pela janela ~24h — alinhamento tipico a SMS Transactions / Insights Last 24h; totalprice pode diferir do cartao Total Spend),2026-07-27T10:08:43Z
Naturemove,marketplace-nexiwave-voicemail-to-text,0,0,0.000000,StartDate=2026-07-26 EndDate=2026-07-27 UTC (cover_days; soma dias GMT tocados pela janela ~24h — alinhamento tipico a SMS Transactions / Insights Last 24h; totalprice pode diferir do cartao Total Spend),2026-07-27T10:08:43Z
Naturemove,marketplace-nextcaller-advanced-caller-identification,0,0,0.000000,StartDate=2026-07-26 EndDate=2026-07-27 UTC (cover_days; soma dias GMT tocados pela janela ~24h — alinhamento tipico a SMS Transactions / Insights Last 24h; totalprice pode diferir do cartao Total Spend),2026-07-27T10:08:43Z
Naturemove,marketplace-nomorobo-spam-score,0,0,0.000000,StartDate=2026-07-26 EndDate=2026-07-27 UTC (cover_days; soma dias GMT tocados pela janela ~24h — alinhamento tipico a SMS Transactions / Insights Last 24h; totalprice pode diferir do cartao Total Spend),2026-07-27T10:08:43Z
Naturemove,marketplace-pay-addons,0,0,0.000000,StartDate=2026-07-26 EndDate=2026-07-27 UTC (cover_days; soma dias GMT tocados pela janela ~24h — alinhamento tipico a SMS Transactions / Insights Last 24h; totalprice pode diferir do cartao Total Spend),2026-07-27T10:08:43Z
Naturemove,marketplace-pay-addons-basecommerce-pay-connector,0,0,0.000000,StartDate=2026-07-26 EndDate=2026-07-27 UTC (cover_days; soma dias GMT tocados pela janela ~24h — alinhamento tipico a SMS Transactions / Insights Last 24h; totalprice pode diferir do cartao Total Spend),2026-07-27T10:08:43Z
Naturemove,marketplace-pay-addons-braintree-pay-connector,0,0,0.000000,StartDate=2026-07-26 EndDate=2026-07-27 UTC (cover_days; soma dias GMT tocados pela janela ~24h — alinhamento tipico a SMS Transactions / Insights Last 24h; totalprice pode diferir do cartao Total Spend),2026-07-27T10:08:43Z
Naturemove,marketplace-pay-addons-cardconnect-pay-connector,0,0,0.000000,StartDate=2026-07-26 EndDate=2026-07-27 UTC (cover_days; soma dias GMT tocados pela janela ~24h — alinhamento tipico a SMS Transactions / Insights Last 24h; totalprice pode diferir do cartao Total Spend),2026-07-27T10:08:43Z
Naturemove,marketplace-pay-addons-chase-pay-connector,0,0,0.000000,StartDate=2026-07-26 EndDate=2026-07-27 UTC (cover_days; soma dias GMT tocados pela janela ~24h — alinhamento tipico a SMS Transactions / Insights Last 24h; totalprice pode diferir do cartao Total Spend),2026-07-27T10:08:43Z
Naturemove,marketplace-pay-addons-shuttle-pay-connector,0,0,0.000000,StartDate=2026-07-26 EndDate=2026-07-27 UTC (cover_days; soma dias GMT tocados pela janela ~24h — alinhamento tipico a SMS Transactions / Insights Last 24h; totalprice pode diferir do cartao Total Spend),2026-07-27T10:08:43Z
Naturemove,marketplace-pay-addons-stripe-pay-connector,0,0,0.000000,StartDate=2026-07-26 EndDate=2026-07-27 UTC (cover_days; soma dias GMT tocados pela janela ~24h — alinhamento tipico a SMS Transactions / Insights Last 24h; totalprice pode diferir do cartao Total Spend),2026-07-27T10:08:43Z
Naturemove,marketplace-payfone-tcpa-compliance,0,0,0.000000,StartDate=2026-07-26 EndDate=2026-07-27 UTC (cover_days; soma dias GMT tocados pela janela ~24h — alinhamento tipico a SMS Transactions / Insights Last 24h; totalprice pode diferir do cartao Total Spend),2026-07-27T10:08:43Z
Naturemove,marketplace-poly-ai-connector,0,0,0.000000,StartDate=2026-07-26 EndDate=2026-07-27 UTC (cover_days; soma dias GMT tocados pela janela ~24h — alinhamento tipico a SMS Transactions / Insights Last 24h; totalprice pode diferir do cartao Total Spend),2026-07-27T10:08:43Z
Naturemove,marketplace-realphonevalidation,0,0,0.000000,StartDate=2026-07-26 EndDate=2026-07-27 UTC (cover_days; soma dias GMT tocados pela janela ~24h — alinhamento tipico a SMS Transactions / Insights Last 24h; totalprice pode diferir do cartao Total Spend),2026-07-27T10:08:43Z
Naturemove,marketplace-remeeting-automatic-speech-recognition,0,0,0.000000,StartDate=2026-07-26 EndDate=2026-07-27 UTC (cover_days; soma dias GMT tocados pela janela ~24h — alinhamento tipico a SMS Transactions / Insights Last 24h; totalprice pode diferir do cartao Total Spend),2026-07-27T10:08:43Z
Naturemove,marketplace-spoke-phone-license-pro,0,0,0.000000,StartDate=2026-07-26 EndDate=2026-07-27 UTC (cover_days; soma dias GMT tocados pela janela ~24h — alinhamento tipico a SMS Transactions / Insights Last 24h; totalprice pode diferir do cartao Total Spend),2026-07-27T10:08:43Z
Naturemove,marketplace-spoke-phone-license-standard,0,0,0.000000,StartDate=2026-07-26 EndDate=2026-07-27 UTC (cover_days; soma dias GMT tocados pela janela ~24h — alinhamento tipico a SMS Transactions / Insights Last 24h; totalprice pode diferir do cartao Total Spend),2026-07-27T10:08:43Z
Naturemove,marketplace-tcpa-defense-solutions-blacklist-feed,0,0,0.000000,StartDate=2026-07-26 EndDate=2026-07-27 UTC (cover_days; soma dias GMT tocados pela janela ~24h — alinhamento tipico a SMS Transactions / Insights Last 24h; totalprice pode diferir do cartao Total Spend),2026-07-27T10:08:43Z
Naturemove,marketplace-telo-opencnam,0,0,0.000000,StartDate=2026-07-26 EndDate=2026-07-27 UTC (cover_days; soma dias GMT tocados pela janela ~24h — alinhamento tipico a SMS Transactions / Insights Last 24h; totalprice pode diferir do cartao Total Spend),2026-07-27T10:08:43Z
Naturemove,marketplace-trestle-solutions-caller-identification,0,0,0.000000,StartDate=2026-07-26 EndDate=2026-07-27 UTC (cover_days; soma dias GMT tocados pela janela ~24h — alinhamento tipico a SMS Transactions / Insights Last 24h; totalprice pode diferir do cartao Total Spend),2026-07-27T10:08:43Z
Naturemove,marketplace-truecnam-true-spam,0,0,0.000000,StartDate=2026-07-26 EndDate=2026-07-27 UTC (cover_days; soma dias GMT tocados pela janela ~24h — alinhamento tipico a SMS Transactions / Insights Last 24h; totalprice pode diferir do cartao Total Spend),2026-07-27T10:08:43Z
Naturemove,marketplace-twilio-caller-name-lookup-us,0,0,0.000000,StartDate=2026-07-26 EndDate=2026-07-27 UTC (cover_days; soma dias GMT tocados pela janela ~24h — alinhamento tipico a SMS Transactions / Insights Last 24h; totalprice pode diferir do cartao Total Spend),2026-07-27T10:08:43Z
Naturemove,marketplace-twilio-carrier-information-lookup,0,0,0.000000,StartDate=2026-07-26 EndDate=2026-07-27 UTC (cover_days; soma dias GMT tocados pela janela ~24h — alinhamento tipico a SMS Transactions / Insights Last 24h; totalprice pode diferir do cartao Total Spend),2026-07-27T10:08:43Z
Naturemove,marketplace-voicebase-pci,0,0,0.000000,StartDate=2026-07-26 EndDate=2026-07-27 UTC (cover_days; soma dias GMT tocados pela janela ~24h — alinhamento tipico a SMS Transactions / Insights Last 24h; totalprice pode diferir do cartao Total Spend),2026-07-27T10:08:43Z
Naturemove,marketplace-voicebase-transcription,0,0,0.000000,StartDate=2026-07-26 EndDate=2026-07-27 UTC (cover_days; soma dias GMT tocados pela janela ~24h — alinhamento tipico a SMS Transactions / Insights Last 24h; totalprice pode diferir do cartao Total Spend),2026-07-27T10:08:43Z
Naturemove,marketplace-voicebase-transcription-custom-vocabulary,0,0,0.000000,StartDate=2026-07-26 EndDate=2026-07-27 UTC (cover_days; soma dias GMT tocados pela janela ~24h — alinhamento tipico a SMS Transactions / Insights Last 24h; totalprice pode diferir do cartao Total Spend),2026-07-27T10:08:43Z
Naturemove,marketplace-web-purify-profanity-filter,0,0,0.000000,StartDate=2026-07-26 EndDate=2026-07-27 UTC (cover_days; soma dias GMT tocados pela janela ~24h — alinhamento tipico a SMS Transactions / Insights Last 24h; totalprice pode diferir do cartao Total Spend),2026-07-27T10:08:43Z
Naturemove,marketplace-whitepages-pro-caller-identification,0,0,0.000000,StartDate=2026-07-26 EndDate=2026-07-27 UTC (cover_days; soma dias GMT tocados pela janela ~24h — alinhamento tipico a SMS Transactions / Insights Last 24h; totalprice pode diferir do cartao Total Spend),2026-07-27T10:08:43Z
Naturemove,marketplace-whitepages-pro-phone-intelligence,0,0,0.000000,StartDate=2026-07-26 EndDate=2026-07-27 UTC (cover_days; soma dias GMT tocados pela janela ~24h — alinhamento tipico a SMS Transactions / Insights Last 24h; totalprice pode diferir do cartao Total Spend),2026-07-27T10:08:43Z
Naturemove,marketplace-whitepages-pro-phone-reputation,0,0,0.000000,StartDate=2026-07-26 EndDate=2026-07-27 UTC (cover_days; soma dias GMT tocados pela janela ~24h — alinhamento tipico a SMS Transactions / Insights Last 24h; totalprice pode diferir do cartao Total Spend),2026-07-27T10:08:43Z
Naturemove,marketplace-wolfarm-spoken-results,0,0,0.000000,StartDate=2026-07-26 EndDate=2026-07-27 UTC (cover_days; soma dias GMT tocados pela janela ~24h — alinhamento tipico a SMS Transactions / Insights Last 24h; totalprice pode diferir do cartao Total Spend),2026-07-27T10:08:43Z
Naturemove,marketplace-wolfram-short-answer,0,0,0.000000,StartDate=2026-07-26 EndDate=2026-07-27 UTC (cover_days; soma dias GMT tocados pela janela ~24h — alinhamento tipico a SMS Transactions / Insights Last 24h; totalprice pode diferir do cartao Total Spend),2026-07-27T10:08:43Z
Naturemove,marketplace-ytica-contact-center-reporting-analytics,0,0,0.000000,StartDate=2026-07-26 EndDate=2026-07-27 UTC (cover_days; soma dias GMT tocados pela janela ~24h — alinhamento tipico a SMS Transactions / Insights Last 24h; totalprice pode diferir do cartao Total Spend),2026-07-27T10:08:43Z
Naturemove,marketplay-pay-addons-shuttle-pay-connector,0,0,0.000000,StartDate=2026-07-26 EndDate=2026-07-27 UTC (cover_days; soma dias GMT tocados pela janela ~24h — alinhamento tipico a SMS Transactions / Insights Last 24h; totalprice pode diferir do cartao Total Spend),2026-07-27T10:08:43Z
Naturemove,media-composer-minutes,0,0,0.000000,StartDate=2026-07-26 EndDate=2026-07-27 UTC (cover_days; soma dias GMT tocados pela janela ~24h — alinhamento tipico a SMS Transactions / Insights Last 24h; totalprice pode diferir do cartao Total Spend),2026-07-27T10:08:43Z
Naturemove,mediastorage,0,0,0.000000,StartDate=2026-07-26 EndDate=2026-07-27 UTC (cover_days; soma dias GMT tocados pela janela ~24h — alinhamento tipico a SMS Transactions / Insights Last 24h; totalprice pode diferir do cartao Total Spend),2026-07-27T10:08:43Z
Naturemove,memories,0,0,0.000000,StartDate=2026-07-26 EndDate=2026-07-27 UTC (cover_days; soma dias GMT tocados pela janela ~24h — alinhamento tipico a SMS Transactions / Insights Last 24h; totalprice pode diferir do cartao Total Spend),2026-07-27T10:08:43Z
Naturemove,memories-memory-generation-input-output,0,0,0.000000,StartDate=2026-07-26 EndDate=2026-07-27 UTC (cover_days; soma dias GMT tocados pela janela ~24h — alinhamento tipico a SMS Transactions / Insights Last 24h; totalprice pode diferir do cartao Total Spend),2026-07-27T10:08:43Z
Naturemove,memories-memory-recall,0,0,0.000000,StartDate=2026-07-26 EndDate=2026-07-27 UTC (cover_days; soma dias GMT tocados pela janela ~24h — alinhamento tipico a SMS Transactions / Insights Last 24h; totalprice pode diferir do cartao Total Spend),2026-07-27T10:08:43Z
Naturemove,min-spend-adjustments,0,0,0.000000,StartDate=2026-07-26 EndDate=2026-07-27 UTC (cover_days; soma dias GMT tocados pela janela ~24h — alinhamento tipico a SMS Transactions / Insights Last 24h; totalprice pode diferir do cartao Total Spend),2026-07-27T10:08:43Z
Naturemove,mms-inbound-longcode,0,0,0.000000,StartDate=2026-07-26 EndDate=2026-07-27 UTC (cover_days; soma dias GMT tocados pela janela ~24h — alinhamento tipico a SMS Transactions / Insights Last 24h; totalprice pode diferir do cartao Total Spend),2026-07-27T10:08:43Z
Naturemove,mms-inbound-shortcode,0,0,0.000000,StartDate=2026-07-26 EndDate=2026-07-27 UTC (cover_days; soma dias GMT tocados pela janela ~24h — alinhamento tipico a SMS Transactions / Insights Last 24h; totalprice pode diferir do cartao Total Spend),2026-07-27T10:08:43Z
Naturemove,mms-outbound,0,0,0.000000,StartDate=2026-07-26 EndDate=2026-07-27 UTC (cover_days; soma dias GMT tocados pela janela ~24h — alinhamento tipico a SMS Transactions / Insights Last 24h; totalprice pode diferir do cartao Total Spend),2026-07-27T10:08:43Z
Naturemove,mms-outbound-longcode,0,0,0.000000,StartDate=2026-07-26 EndDate=2026-07-27 UTC (cover_days; soma dias GMT tocados pela janela ~24h — alinhamento tipico a SMS Transactions / Insights Last 24h; totalprice pode diferir do cartao Total Spend),2026-07-27T10:08:43Z
Naturemove,mms-outbound-shortcode,0,0,0.000000,StartDate=2026-07-26 EndDate=2026-07-27 UTC (cover_days; soma dias GMT tocados pela janela ~24h — alinhamento tipico a SMS Transactions / Insights Last 24h; totalprice pode diferir do cartao Total Spend),2026-07-27T10:08:43Z
Naturemove,mms-outbound-tollfree,0,0,0.000000,StartDate=2026-07-26 EndDate=2026-07-27 UTC (cover_days; soma dias GMT tocados pela janela ~24h — alinhamento tipico a SMS Transactions / Insights Last 24h; totalprice pode diferir do cartao Total Spend),2026-07-27T10:08:43Z
Naturemove,monitor,0,0,0.000000,StartDate=2026-07-26 EndDate=2026-07-27 UTC (cover_days; soma dias GMT tocados pela janela ~24h — alinhamento tipico a SMS Transactions / Insights Last 24h; totalprice pode diferir do cartao Total Spend),2026-07-27T10:08:43Z
Naturemove,monitor-reads,0,0,0.000000,StartDate=2026-07-26 EndDate=2026-07-27 UTC (cover_days; soma dias GMT tocados pela janela ~24h — alinhamento tipico a SMS Transactions / Insights Last 24h; totalprice pode diferir do cartao Total Spend),2026-07-27T10:08:43Z
Naturemove,monitor-storage,0,0,0.000000,StartDate=2026-07-26 EndDate=2026-07-27 UTC (cover_days; soma dias GMT tocados pela janela ~24h — alinhamento tipico a SMS Transactions / Insights Last 24h; totalprice pode diferir do cartao Total Spend),2026-07-27T10:08:43Z
Naturemove,monitor-writes,0,0,0.000000,StartDate=2026-07-26 EndDate=2026-07-27 UTC (cover_days; soma dias GMT tocados pela janela ~24h — alinhamento tipico a SMS Transactions / Insights Last 24h; totalprice pode diferir do cartao Total Spend),2026-07-27T10:08:43Z
Naturemove,notify,0,0,0.000000,StartDate=2026-07-26 EndDate=2026-07-27 UTC (cover_days; soma dias GMT tocados pela janela ~24h — alinhamento tipico a SMS Transactions / Insights Last 24h; totalprice pode diferir do cartao Total Spend),2026-07-27T10:08:43Z
Naturemove,notify-actions-attempts,0,0,0.000000,StartDate=2026-07-26 EndDate=2026-07-27 UTC (cover_days; soma dias GMT tocados pela janela ~24h — alinhamento tipico a SMS Transactions / Insights Last 24h; totalprice pode diferir do cartao Total Spend),2026-07-27T10:08:43Z
Naturemove,notify-channels,0,0,0.000000,StartDate=2026-07-26 EndDate=2026-07-27 UTC (cover_days; soma dias GMT tocados pela janela ~24h — alinhamento tipico a SMS Transactions / Insights Last 24h; totalprice pode diferir do cartao Total Spend),2026-07-27T10:08:43Z
Naturemove,number-format-lookups,0,0,0.000000,StartDate=2026-07-26 EndDate=2026-07-27 UTC (cover_days; soma dias GMT tocados pela janela ~24h — alinhamento tipico a SMS Transactions / Insights Last 24h; totalprice pode diferir do cartao Total Spend),2026-07-27T10:08:43Z
Naturemove,pchat,0,0,0.000000,StartDate=2026-07-26 EndDate=2026-07-27 UTC (cover_days; soma dias GMT tocados pela janela ~24h — alinhamento tipico a SMS Transactions / Insights Last 24h; totalprice pode diferir do cartao Total Spend),2026-07-27T10:08:43Z
Naturemove,pchat-actions,0,0,0.000000,StartDate=2026-07-26 EndDate=2026-07-27 UTC (cover_days; soma dias GMT tocados pela janela ~24h — alinhamento tipico a SMS Transactions / Insights Last 24h; totalprice pode diferir do cartao Total Spend),2026-07-27T10:08:43Z
Naturemove,pchat-aps,0,0,0.000000,StartDate=2026-07-26 EndDate=2026-07-27 UTC (cover_days; soma dias GMT tocados pela janela ~24h — alinhamento tipico a SMS Transactions / Insights Last 24h; totalprice pode diferir do cartao Total Spend),2026-07-27T10:08:43Z
Naturemove,pchat-conv-med-storage,0,0,0.000000,StartDate=2026-07-26 EndDate=2026-07-27 UTC (cover_days; soma dias GMT tocados pela janela ~24h — alinhamento tipico a SMS Transactions / Insights Last 24h; totalprice pode diferir do cartao Total Spend),2026-07-27T10:08:43Z
Naturemove,pchat-messages,0,0,0.000000,StartDate=2026-07-26 EndDate=2026-07-27 UTC (cover_days; soma dias GMT tocados pela janela ~24h — alinhamento tipico a SMS Transactions / Insights Last 24h; totalprice pode diferir do cartao Total Spend),2026-07-27T10:08:43Z
Naturemove,pchat-notifications,0,0,0.000000,StartDate=2026-07-26 EndDate=2026-07-27 UTC (cover_days; soma dias GMT tocados pela janela ~24h — alinhamento tipico a SMS Transactions / Insights Last 24h; totalprice pode diferir do cartao Total Spend),2026-07-27T10:08:43Z
Naturemove,pchat-reads,0,0,0.000000,StartDate=2026-07-26 EndDate=2026-07-27 UTC (cover_days; soma dias GMT tocados pela janela ~24h — alinhamento tipico a SMS Transactions / Insights Last 24h; totalprice pode diferir do cartao Total Spend),2026-07-27T10:08:43Z
Naturemove,pchat-users,0,0,0.000000,StartDate=2026-07-26 EndDate=2026-07-27 UTC (cover_days; soma dias GMT tocados pela janela ~24h — alinhamento tipico a SMS Transactions / Insights Last 24h; totalprice pode diferir do cartao Total Spend),2026-07-27T10:08:43Z
Naturemove,peer-to-peer-rooms-participant-minutes,0,0,0.000000,StartDate=2026-07-26 EndDate=2026-07-27 UTC (cover_days; soma dias GMT tocados pela janela ~24h — alinhamento tipico a SMS Transactions / Insights Last 24h; totalprice pode diferir do cartao Total Spend),2026-07-27T10:08:43Z
Naturemove,pfax,0,0,0.000000,StartDate=2026-07-26 EndDate=2026-07-27 UTC (cover_days; soma dias GMT tocados pela janela ~24h — alinhamento tipico a SMS Transactions / Insights Last 24h; totalprice pode diferir do cartao Total Spend),2026-07-27T10:08:43Z
Naturemove,pfax-minutes,0,0,0.000000,StartDate=2026-07-26 EndDate=2026-07-27 UTC (cover_days; soma dias GMT tocados pela janela ~24h — alinhamento tipico a SMS Transactions / Insights Last 24h; totalprice pode diferir do cartao Total Spend),2026-07-27T10:08:43Z
Naturemove,pfax-minutes-inbound,0,0,0.000000,StartDate=2026-07-26 EndDate=2026-07-27 UTC (cover_days; soma dias GMT tocados pela janela ~24h — alinhamento tipico a SMS Transactions / Insights Last 24h; totalprice pode diferir do cartao Total Spend),2026-07-27T10:08:43Z
Naturemove,pfax-minutes-outbound,0,0,0.000000,StartDate=2026-07-26 EndDate=2026-07-27 UTC (cover_days; soma dias GMT tocados pela janela ~24h — alinhamento tipico a SMS Transactions / Insights Last 24h; totalprice pode diferir do cartao Total Spend),2026-07-27T10:08:43Z
Naturemove,pfax-pages,0,0,0.000000,StartDate=2026-07-26 EndDate=2026-07-27 UTC (cover_days; soma dias GMT tocados pela janela ~24h — alinhamento tipico a SMS Transactions / Insights Last 24h; totalprice pode diferir do cartao Total Spend),2026-07-27T10:08:43Z
Naturemove,phone-quality-score-lookups,0,0,0.000000,StartDate=2026-07-26 EndDate=2026-07-27 UTC (cover_days; soma dias GMT tocados pela janela ~24h — alinhamento tipico a SMS Transactions / Insights Last 24h; totalprice pode diferir do cartao Total Spend),2026-07-27T10:08:43Z
Naturemove,phonenumbers-cps,0,0,0.000000,StartDate=2026-07-26 EndDate=2026-07-27 UTC (cover_days; soma dias GMT tocados pela janela ~24h — alinhamento tipico a SMS Transactions / Insights Last 24h; totalprice pode diferir do cartao Total Spend),2026-07-27T10:08:43Z
Naturemove,phonenumbers-emergency,0,0,0.000000,StartDate=2026-07-26 EndDate=2026-07-27 UTC (cover_days; soma dias GMT tocados pela janela ~24h — alinhamento tipico a SMS Transactions / Insights Last 24h; totalprice pode diferir do cartao Total Spend),2026-07-27T10:08:43Z
Naturemove,phonenumbers-local,0,0,0.000000,StartDate=2026-07-26 EndDate=2026-07-27 UTC (cover_days; soma dias GMT tocados pela janela ~24h — alinhamento tipico a SMS Transactions / Insights Last 24h; totalprice pode diferir do cartao Total Spend),2026-07-27T10:08:43Z
Naturemove,phonenumbers-mobile,0,0,0.000000,StartDate=2026-07-26 EndDate=2026-07-27 UTC (cover_days; soma dias GMT tocados pela janela ~24h — alinhamento tipico a SMS Transactions / Insights Last 24h; totalprice pode diferir do cartao Total Spend),2026-07-27T10:08:43Z
Naturemove,phonenumbers-porting,0,0,0.000000,StartDate=2026-07-26 EndDate=2026-07-27 UTC (cover_days; soma dias GMT tocados pela janela ~24h — alinhamento tipico a SMS Transactions / Insights Last 24h; totalprice pode diferir do cartao Total Spend),2026-07-27T10:08:43Z
Naturemove,phonenumbers-setups,0,0,0.000000,StartDate=2026-07-26 EndDate=2026-07-27 UTC (cover_days; soma dias GMT tocados pela janela ~24h — alinhamento tipico a SMS Transactions / Insights Last 24h; totalprice pode diferir do cartao Total Spend),2026-07-27T10:08:43Z
Naturemove,premiumsupport,0,0,0.000000,StartDate=2026-07-26 EndDate=2026-07-27 UTC (cover_days; soma dias GMT tocados pela janela ~24h — alinhamento tipico a SMS Transactions / Insights Last 24h; totalprice pode diferir do cartao Total Spend),2026-07-27T10:08:43Z
Naturemove,premiumsupport-percentage-spend,0,0,0.000000,StartDate=2026-07-26 EndDate=2026-07-27 UTC (cover_days; soma dias GMT tocados pela janela ~24h — alinhamento tipico a SMS Transactions / Insights Last 24h; totalprice pode diferir do cartao Total Spend),2026-07-27T10:08:43Z
Naturemove,profiles,0,0,0.000000,StartDate=2026-07-26 EndDate=2026-07-27 UTC (cover_days; soma dias GMT tocados pela janela ~24h — alinhamento tipico a SMS Transactions / Insights Last 24h; totalprice pode diferir do cartao Total Spend),2026-07-27T10:08:43Z
Naturemove,profiles-customer-profile-operations,0,0,0.000000,StartDate=2026-07-26 EndDate=2026-07-27 UTC (cover_days; soma dias GMT tocados pela janela ~24h — alinhamento tipico a SMS Transactions / Insights Last 24h; totalprice pode diferir do cartao Total Spend),2026-07-27T10:08:43Z
Naturemove,profiles-daily-utilized-profiles,0,0,0.000000,StartDate=2026-07-26 EndDate=2026-07-27 UTC (cover_days; soma dias GMT tocados pela janela ~24h — alinhamento tipico a SMS Transactions / Insights Last 24h; totalprice pode diferir do cartao Total Spend),2026-07-27T10:08:43Z
Naturemove,programmable-microsoft-operator-connect,0,0,0.000000,StartDate=2026-07-26 EndDate=2026-07-27 UTC (cover_days; soma dias GMT tocados pela janela ~24h — alinhamento tipico a SMS Transactions / Insights Last 24h; totalprice pode diferir do cartao Total Spend),2026-07-27T10:08:43Z
Naturemove,programmable-microsoft-operator-connect-inbound,0,0,0.000000,StartDate=2026-07-26 EndDate=2026-07-27 UTC (cover_days; soma dias GMT tocados pela janela ~24h — alinhamento tipico a SMS Transactions / Insights Last 24h; totalprice pode diferir do cartao Total Spend),2026-07-27T10:08:43Z
Naturemove,programmable-microsoft-operator-connect-outbound,0,0,0.000000,StartDate=2026-07-26 EndDate=2026-07-27 UTC (cover_days; soma dias GMT tocados pela janela ~24h — alinhamento tipico a SMS Transactions / Insights Last 24h; totalprice pode diferir do cartao Total Spend),2026-07-27T10:08:43Z
Naturemove,programmablevoice-platform,0,0,0.000000,StartDate=2026-07-26 EndDate=2026-07-27 UTC (cover_days; soma dias GMT tocados pela janela ~24h — alinhamento tipico a SMS Transactions / Insights Last 24h; totalprice pode diferir do cartao Total Spend),2026-07-27T10:08:43Z
Naturemove,programmablevoiceconn-clientsdk,0,0,0.000000,StartDate=2026-07-26 EndDate=2026-07-27 UTC (cover_days; soma dias GMT tocados pela janela ~24h — alinhamento tipico a SMS Transactions / Insights Last 24h; totalprice pode diferir do cartao Total Spend),2026-07-27T10:08:43Z
Naturemove,programmablevoiceconn-clientsdk-inbound,0,0,0.000000,StartDate=2026-07-26 EndDate=2026-07-27 UTC (cover_days; soma dias GMT tocados pela janela ~24h — alinhamento tipico a SMS Transactions / Insights Last 24h; totalprice pode diferir do cartao Total Spend),2026-07-27T10:08:43Z
Naturemove,programmablevoiceconn-clientsdk-outbound,0,0,0.000000,StartDate=2026-07-26 EndDate=2026-07-27 UTC (cover_days; soma dias GMT tocados pela janela ~24h — alinhamento tipico a SMS Transactions / Insights Last 24h; totalprice pode diferir do cartao Total Spend),2026-07-27T10:08:43Z
Naturemove,programmablevoiceconn-onnet,0,0,0.000000,StartDate=2026-07-26 EndDate=2026-07-27 UTC (cover_days; soma dias GMT tocados pela janela ~24h — alinhamento tipico a SMS Transactions / Insights Last 24h; totalprice pode diferir do cartao Total Spend),2026-07-27T10:08:43Z
Naturemove,programmablevoiceconn-onnet-inbound,0,0,0.000000,StartDate=2026-07-26 EndDate=2026-07-27 UTC (cover_days; soma dias GMT tocados pela janela ~24h — alinhamento tipico a SMS Transactions / Insights Last 24h; totalprice pode diferir do cartao Total Spend),2026-07-27T10:08:43Z
Naturemove,programmablevoiceconn-onnet-outbound,0,0,0.000000,StartDate=2026-07-26 EndDate=2026-07-27 UTC (cover_days; soma dias GMT tocados pela janela ~24h — alinhamento tipico a SMS Transactions / Insights Last 24h; totalprice pode diferir do cartao Total Spend),2026-07-27T10:08:43Z
Naturemove,programmablevoiceconn-sip,0,0,0.000000,StartDate=2026-07-26 EndDate=2026-07-27 UTC (cover_days; soma dias GMT tocados pela janela ~24h — alinhamento tipico a SMS Transactions / Insights Last 24h; totalprice pode diferir do cartao Total Spend),2026-07-27T10:08:43Z
Naturemove,programmablevoiceconn-sip-inbound,0,0,0.000000,StartDate=2026-07-26 EndDate=2026-07-27 UTC (cover_days; soma dias GMT tocados pela janela ~24h — alinhamento tipico a SMS Transactions / Insights Last 24h; totalprice pode diferir do cartao Total Spend),2026-07-27T10:08:43Z
Naturemove,programmablevoiceconn-sip-outbound,0,0,0.000000,StartDate=2026-07-26 EndDate=2026-07-27 UTC (cover_days; soma dias GMT tocados pela janela ~24h — alinhamento tipico a SMS Transactions / Insights Last 24h; totalprice pode diferir do cartao Total Spend),2026-07-27T10:08:43Z
Naturemove,programmablevoiceconnectivity,0,0,0.000000,StartDate=2026-07-26 EndDate=2026-07-27 UTC (cover_days; soma dias GMT tocados pela janela ~24h — alinhamento tipico a SMS Transactions / Insights Last 24h; totalprice pode diferir do cartao Total Spend),2026-07-27T10:08:43Z
Naturemove,programmablevoiceconnectivity-byoc,0,0,0.000000,StartDate=2026-07-26 EndDate=2026-07-27 UTC (cover_days; soma dias GMT tocados pela janela ~24h — alinhamento tipico a SMS Transactions / Insights Last 24h; totalprice pode diferir do cartao Total Spend),2026-07-27T10:08:43Z
Naturemove,proxy,0,0,0.000000,StartDate=2026-07-26 EndDate=2026-07-27 UTC (cover_days; soma dias GMT tocados pela janela ~24h — alinhamento tipico a SMS Transactions / Insights Last 24h; totalprice pode diferir do cartao Total Spend),2026-07-27T10:08:43Z
Naturemove,proxy-active-sessions,0,0,0.000000,StartDate=2026-07-26 EndDate=2026-07-27 UTC (cover_days; soma dias GMT tocados pela janela ~24h — alinhamento tipico a SMS Transactions / Insights Last 24h; totalprice pode diferir do cartao Total Spend),2026-07-27T10:08:43Z
Naturemove,proxy-bucket-adjustment,0,0,0.000000,StartDate=2026-07-26 EndDate=2026-07-27 UTC (cover_days; soma dias GMT tocados pela janela ~24h — alinhamento tipico a SMS Transactions / Insights Last 24h; totalprice pode diferir do cartao Total Spend),2026-07-27T10:08:43Z
Naturemove,proxy-licenses,0,0,0.000000,StartDate=2026-07-26 EndDate=2026-07-27 UTC (cover_days; soma dias GMT tocados pela janela ~24h — alinhamento tipico a SMS Transactions / Insights Last 24h; totalprice pode diferir do cartao Total Spend),2026-07-27T10:08:43Z
Naturemove,pstnconnectivity,0,0,0.000000,StartDate=2026-07-26 EndDate=2026-07-27 UTC (cover_days; soma dias GMT tocados pela janela ~24h — alinhamento tipico a SMS Transactions / Insights Last 24h; totalprice pode diferir do cartao Total Spend),2026-07-27T10:08:43Z
Naturemove,pstnconnectivity-inbound,0,0,0.000000,StartDate=2026-07-26 EndDate=2026-07-27 UTC (cover_days; soma dias GMT tocados pela janela ~24h — alinhamento tipico a SMS Transactions / Insights Last 24h; totalprice pode diferir do cartao Total Spend),2026-07-27T10:08:43Z
Naturemove,pstnconnectivity-outbound,0,0,0.000000,StartDate=2026-07-26 EndDate=2026-07-27 UTC (cover_days; soma dias GMT tocados pela janela ~24h — alinhamento tipico a SMS Transactions / Insights Last 24h; totalprice pode diferir do cartao Total Spend),2026-07-27T10:08:43Z
Naturemove,pv,0,0,0.000000,StartDate=2026-07-26 EndDate=2026-07-27 UTC (cover_days; soma dias GMT tocados pela janela ~24h — alinhamento tipico a SMS Transactions / Insights Last 24h; totalprice pode diferir do cartao Total Spend),2026-07-27T10:08:43Z
Naturemove,pv-basic-rooms,0,0,0.000000,StartDate=2026-07-26 EndDate=2026-07-27 UTC (cover_days; soma dias GMT tocados pela janela ~24h — alinhamento tipico a SMS Transactions / Insights Last 24h; totalprice pode diferir do cartao Total Spend),2026-07-27T10:08:43Z
Naturemove,pv-composition-media-downloaded,0,0,0.000000,StartDate=2026-07-26 EndDate=2026-07-27 UTC (cover_days; soma dias GMT tocados pela janela ~24h — alinhamento tipico a SMS Transactions / Insights Last 24h; totalprice pode diferir do cartao Total Spend),2026-07-27T10:08:43Z
Naturemove,pv-composition-media-encrypted,0,0,0.000000,StartDate=2026-07-26 EndDate=2026-07-27 UTC (cover_days; soma dias GMT tocados pela janela ~24h — alinhamento tipico a SMS Transactions / Insights Last 24h; totalprice pode diferir do cartao Total Spend),2026-07-27T10:08:43Z
Naturemove,pv-composition-media-stored,0,0,0.000000,StartDate=2026-07-26 EndDate=2026-07-27 UTC (cover_days; soma dias GMT tocados pela janela ~24h — alinhamento tipico a SMS Transactions / Insights Last 24h; totalprice pode diferir do cartao Total Spend),2026-07-27T10:08:43Z
Naturemove,pv-composition-minutes,0,0,0.000000,StartDate=2026-07-26 EndDate=2026-07-27 UTC (cover_days; soma dias GMT tocados pela janela ~24h — alinhamento tipico a SMS Transactions / Insights Last 24h; totalprice pode diferir do cartao Total Spend),2026-07-27T10:08:43Z
Naturemove,pv-recording-compositions,0,0,0.000000,StartDate=2026-07-26 EndDate=2026-07-27 UTC (cover_days; soma dias GMT tocados pela janela ~24h — alinhamento tipico a SMS Transactions / Insights Last 24h; totalprice pode diferir do cartao Total Spend),2026-07-27T10:08:43Z
Naturemove,pv-room-participants,0,0,0.000000,StartDate=2026-07-26 EndDate=2026-07-27 UTC (cover_days; soma dias GMT tocados pela janela ~24h — alinhamento tipico a SMS Transactions / Insights Last 24h; totalprice pode diferir do cartao Total Spend),2026-07-27T10:08:43Z
Naturemove,pv-room-participants-au1,0,0,0.000000,StartDate=2026-07-26 EndDate=2026-07-27 UTC (cover_days; soma dias GMT tocados pela janela ~24h — alinhamento tipico a SMS Transactions / Insights Last 24h; totalprice pode diferir do cartao Total Spend),2026-07-27T10:08:43Z
Naturemove,pv-room-participants-br1,0,0,0.000000,StartDate=2026-07-26 EndDate=2026-07-27 UTC (cover_days; soma dias GMT tocados pela janela ~24h — alinhamento tipico a SMS Transactions / Insights Last 24h; totalprice pode diferir do cartao Total Spend),2026-07-27T10:08:43Z
Naturemove,pv-room-participants-ie1,0,0,0.000000,StartDate=2026-07-26 EndDate=2026-07-27 UTC (cover_days; soma dias GMT tocados pela janela ~24h — alinhamento tipico a SMS Transactions / Insights Last 24h; totalprice pode diferir do cartao Total Spend),2026-07-27T10:08:43Z
Naturemove,pv-room-participants-jp1,0,0,0.000000,StartDate=2026-07-26 EndDate=2026-07-27 UTC (cover_days; soma dias GMT tocados pela janela ~24h — alinhamento tipico a SMS Transactions / Insights Last 24h; totalprice pode diferir do cartao Total Spend),2026-07-27T10:08:43Z
Naturemove,pv-room-participants-sg1,0,0,0.000000,StartDate=2026-07-26 EndDate=2026-07-27 UTC (cover_days; soma dias GMT tocados pela janela ~24h — alinhamento tipico a SMS Transactions / Insights Last 24h; totalprice pode diferir do cartao Total Spend),2026-07-27T10:08:43Z
Naturemove,pv-room-participants-us1,0,0,0.000000,StartDate=2026-07-26 EndDate=2026-07-27 UTC (cover_days; soma dias GMT tocados pela janela ~24h — alinhamento tipico a SMS Transactions / Insights Last 24h; totalprice pode diferir do cartao Total Spend),2026-07-27T10:08:43Z
Naturemove,pv-room-participants-us2,0,0,0.000000,StartDate=2026-07-26 EndDate=2026-07-27 UTC (cover_days; soma dias GMT tocados pela janela ~24h — alinhamento tipico a SMS Transactions / Insights Last 24h; totalprice pode diferir do cartao Total Spend),2026-07-27T10:08:43Z
Naturemove,pv-rooms,0,0,0.000000,StartDate=2026-07-26 EndDate=2026-07-27 UTC (cover_days; soma dias GMT tocados pela janela ~24h — alinhamento tipico a SMS Transactions / Insights Last 24h; totalprice pode diferir do cartao Total Spend),2026-07-27T10:08:43Z
Naturemove,pv-sip-endpoint-registrations,0,0,0.000000,StartDate=2026-07-26 EndDate=2026-07-27 UTC (cover_days; soma dias GMT tocados pela janela ~24h — alinhamento tipico a SMS Transactions / Insights Last 24h; totalprice pode diferir do cartao Total Spend),2026-07-27T10:08:43Z
Naturemove,rcs-messages,0,0,0.000000,StartDate=2026-07-26 EndDate=2026-07-27 UTC (cover_days; soma dias GMT tocados pela janela ~24h — alinhamento tipico a SMS Transactions / Insights Last 24h; totalprice pode diferir do cartao Total Spend),2026-07-27T10:08:43Z
Naturemove,reassigned-number,0,0,0.000000,StartDate=2026-07-26 EndDate=2026-07-27 UTC (cover_days; soma dias GMT tocados pela janela ~24h — alinhamento tipico a SMS Transactions / Insights Last 24h; totalprice pode diferir do cartao Total Spend),2026-07-27T10:08:43Z
Naturemove,recordings,0,0,0.000000,StartDate=2026-07-26 EndDate=2026-07-27 UTC (cover_days; soma dias GMT tocados pela janela ~24h — alinhamento tipico a SMS Transactions / Insights Last 24h; totalprice pode diferir do cartao Total Spend),2026-07-27T10:08:43Z
Naturemove,recordingstorage,0,0,0.000000,StartDate=2026-07-26 EndDate=2026-07-27 UTC (cover_days; soma dias GMT tocados pela janela ~24h — alinhamento tipico a SMS Transactions / Insights Last 24h; totalprice pode diferir do cartao Total Spend),2026-07-27T10:08:43Z
Naturemove,shortcodes,0,0,0.000000,StartDate=2026-07-26 EndDate=2026-07-27 UTC (cover_days; soma dias GMT tocados pela janela ~24h — alinhamento tipico a SMS Transactions / Insights Last 24h; totalprice pode diferir do cartao Total Spend),2026-07-27T10:08:43Z
Naturemove,shortcodes-customerowned,0,0,0.000000,StartDate=2026-07-26 EndDate=2026-07-27 UTC (cover_days; soma dias GMT tocados pela janela ~24h — alinhamento tipico a SMS Transactions / Insights Last 24h; totalprice pode diferir do cartao Total Spend),2026-07-27T10:08:43Z
Naturemove,shortcodes-mms-enablement,0,0,0.000000,StartDate=2026-07-26 EndDate=2026-07-27 UTC (cover_days; soma dias GMT tocados pela janela ~24h — alinhamento tipico a SMS Transactions / Insights Last 24h; totalprice pode diferir do cartao Total Spend),2026-07-27T10:08:43Z
Naturemove,shortcodes-mps,0,0,0.000000,StartDate=2026-07-26 EndDate=2026-07-27 UTC (cover_days; soma dias GMT tocados pela janela ~24h — alinhamento tipico a SMS Transactions / Insights Last 24h; totalprice pode diferir do cartao Total Spend),2026-07-27T10:08:43Z
Naturemove,shortcodes-random,0,0,0.000000,StartDate=2026-07-26 EndDate=2026-07-27 UTC (cover_days; soma dias GMT tocados pela janela ~24h — alinhamento tipico a SMS Transactions / Insights Last 24h; totalprice pode diferir do cartao Total Spend),2026-07-27T10:08:43Z
Naturemove,shortcodes-setup-fees,0,0,0.000000,StartDate=2026-07-26 EndDate=2026-07-27 UTC (cover_days; soma dias GMT tocados pela janela ~24h — alinhamento tipico a SMS Transactions / Insights Last 24h; totalprice pode diferir do cartao Total Spend),2026-07-27T10:08:43Z
Naturemove,shortcodes-uk,0,0,0.000000,StartDate=2026-07-26 EndDate=2026-07-27 UTC (cover_days; soma dias GMT tocados pela janela ~24h — alinhamento tipico a SMS Transactions / Insights Last 24h; totalprice pode diferir do cartao Total Spend),2026-07-27T10:08:43Z
Naturemove,shortcodes-vanity,0,0,0.000000,StartDate=2026-07-26 EndDate=2026-07-27 UTC (cover_days; soma dias GMT tocados pela janela ~24h — alinhamento tipico a SMS Transactions / Insights Last 24h; totalprice pode diferir do cartao Total Spend),2026-07-27T10:08:43Z
Naturemove,sim-swap-lookups,0,0,0.000000,StartDate=2026-07-26 EndDate=2026-07-27 UTC (cover_days; soma dias GMT tocados pela janela ~24h — alinhamento tipico a SMS Transactions / Insights Last 24h; totalprice pode diferir do cartao Total Spend),2026-07-27T10:08:43Z
Naturemove,sip-secure-media,0,0,0.000000,StartDate=2026-07-26 EndDate=2026-07-27 UTC (cover_days; soma dias GMT tocados pela janela ~24h — alinhamento tipico a SMS Transactions / Insights Last 24h; totalprice pode diferir do cartao Total Spend),2026-07-27T10:08:43Z
Naturemove,small-group-rooms,0,0,0.000000,StartDate=2026-07-26 EndDate=2026-07-27 UTC (cover_days; soma dias GMT tocados pela janela ~24h — alinhamento tipico a SMS Transactions / Insights Last 24h; totalprice pode diferir do cartao Total Spend),2026-07-27T10:08:43Z
Naturemove,small-group-rooms-data-track,0,0,0.000000,StartDate=2026-07-26 EndDate=2026-07-27 UTC (cover_days; soma dias GMT tocados pela janela ~24h — alinhamento tipico a SMS Transactions / Insights Last 24h; totalprice pode diferir do cartao Total Spend),2026-07-27T10:08:43Z
Naturemove,small-group-rooms-participant-minutes,0,0,0.000000,StartDate=2026-07-26 EndDate=2026-07-27 UTC (cover_days; soma dias GMT tocados pela janela ~24h — alinhamento tipico a SMS Transactions / Insights Last 24h; totalprice pode diferir do cartao Total Spend),2026-07-27T10:08:43Z
Naturemove,sms-inbound-shortcode,0,0,0.000000,StartDate=2026-07-26 EndDate=2026-07-27 UTC (cover_days; soma dias GMT tocados pela janela ~24h — alinhamento tipico a SMS Transactions / Insights Last 24h; totalprice pode diferir do cartao Total Spend),2026-07-27T10:08:43Z
Naturemove,sms-messages-features,0,0,0.000000,StartDate=2026-07-26 EndDate=2026-07-27 UTC (cover_days; soma dias GMT tocados pela janela ~24h — alinhamento tipico a SMS Transactions / Insights Last 24h; totalprice pode diferir do cartao Total Spend),2026-07-27T10:08:43Z
Naturemove,sms-messages-features-engagement-suite,0,0,0.000000,StartDate=2026-07-26 EndDate=2026-07-27 UTC (cover_days; soma dias GMT tocados pela janela ~24h — alinhamento tipico a SMS Transactions / Insights Last 24h; totalprice pode diferir do cartao Total Spend),2026-07-27T10:08:43Z
Naturemove,sms-messages-features-message-redaction,0,0,0.000000,StartDate=2026-07-26 EndDate=2026-07-27 UTC (cover_days; soma dias GMT tocados pela janela ~24h — alinhamento tipico a SMS Transactions / Insights Last 24h; totalprice pode diferir do cartao Total Spend),2026-07-27T10:08:43Z
Naturemove,sms-messages-features-senderid,0,0,0.000000,StartDate=2026-07-26 EndDate=2026-07-27 UTC (cover_days; soma dias GMT tocados pela janela ~24h — alinhamento tipico a SMS Transactions / Insights Last 24h; totalprice pode diferir do cartao Total Spend),2026-07-27T10:08:43Z
Naturemove,sms-mps,0,0,0.000000,StartDate=2026-07-26 EndDate=2026-07-27 UTC (cover_days; soma dias GMT tocados pela janela ~24h — alinhamento tipico a SMS Transactions / Insights Last 24h; totalprice pode diferir do cartao Total Spend),2026-07-27T10:08:43Z
Naturemove,sms-mps-shortcode,0,0,0.000000,StartDate=2026-07-26 EndDate=2026-07-27 UTC (cover_days; soma dias GMT tocados pela janela ~24h — alinhamento tipico a SMS Transactions / Insights Last 24h; totalprice pode diferir do cartao Total Spend),2026-07-27T10:08:43Z
Naturemove,sms-mps-tollfree,0,0,0.000000,StartDate=2026-07-26 EndDate=2026-07-27 UTC (cover_days; soma dias GMT tocados pela janela ~24h — alinhamento tipico a SMS Transactions / Insights Last 24h; totalprice pode diferir do cartao Total Spend),2026-07-27T10:08:43Z
Naturemove,sms-mps-tollfree-setup,0,0,0.000000,StartDate=2026-07-26 EndDate=2026-07-27 UTC (cover_days; soma dias GMT tocados pela janela ~24h — alinhamento tipico a SMS Transactions / Insights Last 24h; totalprice pode diferir do cartao Total Spend),2026-07-27T10:08:43Z
Naturemove,sms-national-regulatory-protection,0,0,0.000000,StartDate=2026-07-26 EndDate=2026-07-27 UTC (cover_days; soma dias GMT tocados pela janela ~24h — alinhamento tipico a SMS Transactions / Insights Last 24h; totalprice pode diferir do cartao Total Spend),2026-07-27T10:08:43Z
Naturemove,sms-outbound-content-inspection,0,0,0.000000,StartDate=2026-07-26 EndDate=2026-07-27 UTC (cover_days; soma dias GMT tocados pela janela ~24h — alinhamento tipico a SMS Transactions / Insights Last 24h; totalprice pode diferir do cartao Total Spend),2026-07-27T10:08:43Z
Naturemove,sms-outbound-longcode,0,0,0.000000,StartDate=2026-07-26 EndDate=2026-07-27 UTC (cover_days; soma dias GMT tocados pela janela ~24h — alinhamento tipico a SMS Transactions / Insights Last 24h; totalprice pode diferir do cartao Total Spend),2026-07-27T10:08:43Z
Naturemove,sms-outbound-shortcode,0,0,0.000000,StartDate=2026-07-26 EndDate=2026-07-27 UTC (cover_days; soma dias GMT tocados pela janela ~24h — alinhamento tipico a SMS Transactions / Insights Last 24h; totalprice pode diferir do cartao Total Spend),2026-07-27T10:08:43Z
Naturemove,sms-pumping-protection,0,0,0.000000,StartDate=2026-07-26 EndDate=2026-07-27 UTC (cover_days; soma dias GMT tocados pela janela ~24h — alinhamento tipico a SMS Transactions / Insights Last 24h; totalprice pode diferir do cartao Total Spend),2026-07-27T10:08:43Z
Naturemove,sms-pumping-risk,0,0,0.000000,StartDate=2026-07-26 EndDate=2026-07-27 UTC (cover_days; soma dias GMT tocados pela janela ~24h — alinhamento tipico a SMS Transactions / Insights Last 24h; totalprice pode diferir do cartao Total Spend),2026-07-27T10:08:43Z
Naturemove,smsmessages-bucket-adjustments,0,0,0.000000,StartDate=2026-07-26 EndDate=2026-07-27 UTC (cover_days; soma dias GMT tocados pela janela ~24h — alinhamento tipico a SMS Transactions / Insights Last 24h; totalprice pode diferir do cartao Total Spend),2026-07-27T10:08:43Z
Naturemove,smsmessages-outbound-domestic,0,0,0.000000,StartDate=2026-07-26 EndDate=2026-07-27 UTC (cover_days; soma dias GMT tocados pela janela ~24h — alinhamento tipico a SMS Transactions / Insights Last 24h; totalprice pode diferir do cartao Total Spend),2026-07-27T10:08:43Z
Naturemove,speech-recognition,0,0,0.000000,StartDate=2026-07-26 EndDate=2026-07-27 UTC (cover_days; soma dias GMT tocados pela janela ~24h — alinhamento tipico a SMS Transactions / Insights Last 24h; totalprice pode diferir do cartao Total Spend),2026-07-27T10:08:43Z
Naturemove,studio-engagements,0,0,0.000000,StartDate=2026-07-26 EndDate=2026-07-27 UTC (cover_days; soma dias GMT tocados pela janela ~24h — alinhamento tipico a SMS Transactions / Insights Last 24h; totalprice pode diferir do cartao Total Spend),2026-07-27T10:08:43Z
Naturemove,sync,0,0,0.000000,StartDate=2026-07-26 EndDate=2026-07-27 UTC (cover_days; soma dias GMT tocados pela janela ~24h — alinhamento tipico a SMS Transactions / Insights Last 24h; totalprice pode diferir do cartao Total Spend),2026-07-27T10:08:43Z
Naturemove,sync-actions,0,0,0.000000,StartDate=2026-07-26 EndDate=2026-07-27 UTC (cover_days; soma dias GMT tocados pela janela ~24h — alinhamento tipico a SMS Transactions / Insights Last 24h; totalprice pode diferir do cartao Total Spend),2026-07-27T10:08:43Z
Naturemove,sync-endpoint-hours,0,0,0.000000,StartDate=2026-07-26 EndDate=2026-07-27 UTC (cover_days; soma dias GMT tocados pela janela ~24h — alinhamento tipico a SMS Transactions / Insights Last 24h; totalprice pode diferir do cartao Total Spend),2026-07-27T10:08:43Z
Naturemove,sync-endpoint-hours-above-daily-cap,0,0,0.000000,StartDate=2026-07-26 EndDate=2026-07-27 UTC (cover_days; soma dias GMT tocados pela janela ~24h — alinhamento tipico a SMS Transactions / Insights Last 24h; totalprice pode diferir do cartao Total Spend),2026-07-27T10:08:43Z
Naturemove,taskrouter-tasks,0,0,0.000000,StartDate=2026-07-26 EndDate=2026-07-27 UTC (cover_days; soma dias GMT tocados pela janela ~24h — alinhamento tipico a SMS Transactions / Insights Last 24h; totalprice pode diferir do cartao Total Spend),2026-07-27T10:08:43Z
Naturemove,transcriptions,0,0,0.000000,StartDate=2026-07-26 EndDate=2026-07-27 UTC (cover_days; soma dias GMT tocados pela janela ~24h — alinhamento tipico a SMS Transactions / Insights Last 24h; totalprice pode diferir do cartao Total Spend),2026-07-27T10:08:43Z
Naturemove,trunking-cps,0,0,0.000000,StartDate=2026-07-26 EndDate=2026-07-27 UTC (cover_days; soma dias GMT tocados pela janela ~24h — alinhamento tipico a SMS Transactions / Insights Last 24h; totalprice pode diferir do cartao Total Spend),2026-07-27T10:08:43Z
Naturemove,trunking-emergency-calls,0,0,0.000000,StartDate=2026-07-26 EndDate=2026-07-27 UTC (cover_days; soma dias GMT tocados pela janela ~24h — alinhamento tipico a SMS Transactions / Insights Last 24h; totalprice pode diferir do cartao Total Spend),2026-07-27T10:08:43Z
Naturemove,trunking-origination,0,0,0.000000,StartDate=2026-07-26 EndDate=2026-07-27 UTC (cover_days; soma dias GMT tocados pela janela ~24h — alinhamento tipico a SMS Transactions / Insights Last 24h; totalprice pode diferir do cartao Total Spend),2026-07-27T10:08:43Z
Naturemove,trunking-origination-local,0,0,0.000000,StartDate=2026-07-26 EndDate=2026-07-27 UTC (cover_days; soma dias GMT tocados pela janela ~24h — alinhamento tipico a SMS Transactions / Insights Last 24h; totalprice pode diferir do cartao Total Spend),2026-07-27T10:08:43Z
Naturemove,trunking-origination-mobile,0,0,0.000000,StartDate=2026-07-26 EndDate=2026-07-27 UTC (cover_days; soma dias GMT tocados pela janela ~24h — alinhamento tipico a SMS Transactions / Insights Last 24h; totalprice pode diferir do cartao Total Spend),2026-07-27T10:08:43Z
Naturemove,trunking-origination-tollfree,0,0,0.000000,StartDate=2026-07-26 EndDate=2026-07-27 UTC (cover_days; soma dias GMT tocados pela janela ~24h — alinhamento tipico a SMS Transactions / Insights Last 24h; totalprice pode diferir do cartao Total Spend),2026-07-27T10:08:43Z
Naturemove,trunking-recordings,0,0,0.000000,StartDate=2026-07-26 EndDate=2026-07-27 UTC (cover_days; soma dias GMT tocados pela janela ~24h — alinhamento tipico a SMS Transactions / Insights Last 24h; totalprice pode diferir do cartao Total Spend),2026-07-27T10:08:43Z
Naturemove,trunking-secure,0,0,0.000000,StartDate=2026-07-26 EndDate=2026-07-27 UTC (cover_days; soma dias GMT tocados pela janela ~24h — alinhamento tipico a SMS Transactions / Insights Last 24h; totalprice pode diferir do cartao Total Spend),2026-07-27T10:08:43Z
Naturemove,trunking-termination,0,0,0.000000,StartDate=2026-07-26 EndDate=2026-07-27 UTC (cover_days; soma dias GMT tocados pela janela ~24h — alinhamento tipico a SMS Transactions / Insights Last 24h; totalprice pode diferir do cartao Total Spend),2026-07-27T10:08:43Z
Naturemove,tts-google,0,0,0.000000,StartDate=2026-07-26 EndDate=2026-07-27 UTC (cover_days; soma dias GMT tocados pela janela ~24h — alinhamento tipico a SMS Transactions / Insights Last 24h; totalprice pode diferir do cartao Total Spend),2026-07-27T10:08:43Z
Naturemove,turnmegabytes,0,0,0.000000,StartDate=2026-07-26 EndDate=2026-07-27 UTC (cover_days; soma dias GMT tocados pela janela ~24h — alinhamento tipico a SMS Transactions / Insights Last 24h; totalprice pode diferir do cartao Total Spend),2026-07-27T10:08:43Z
Naturemove,turnmegabytes-australia,0,0,0.000000,StartDate=2026-07-26 EndDate=2026-07-27 UTC (cover_days; soma dias GMT tocados pela janela ~24h — alinhamento tipico a SMS Transactions / Insights Last 24h; totalprice pode diferir do cartao Total Spend),2026-07-27T10:08:43Z
Naturemove,turnmegabytes-brasil,0,0,0.000000,StartDate=2026-07-26 EndDate=2026-07-27 UTC (cover_days; soma dias GMT tocados pela janela ~24h — alinhamento tipico a SMS Transactions / Insights Last 24h; totalprice pode diferir do cartao Total Spend),2026-07-27T10:08:43Z
Naturemove,turnmegabytes-germany,0,0,0.000000,StartDate=2026-07-26 EndDate=2026-07-27 UTC (cover_days; soma dias GMT tocados pela janela ~24h — alinhamento tipico a SMS Transactions / Insights Last 24h; totalprice pode diferir do cartao Total Spend),2026-07-27T10:08:43Z
Naturemove,turnmegabytes-india,0,0,0.000000,StartDate=2026-07-26 EndDate=2026-07-27 UTC (cover_days; soma dias GMT tocados pela janela ~24h — alinhamento tipico a SMS Transactions / Insights Last 24h; totalprice pode diferir do cartao Total Spend),2026-07-27T10:08:43Z
Naturemove,turnmegabytes-ireland,0,0,0.000000,StartDate=2026-07-26 EndDate=2026-07-27 UTC (cover_days; soma dias GMT tocados pela janela ~24h — alinhamento tipico a SMS Transactions / Insights Last 24h; totalprice pode diferir do cartao Total Spend),2026-07-27T10:08:43Z
Naturemove,turnmegabytes-japan,0,0,0.000000,StartDate=2026-07-26 EndDate=2026-07-27 UTC (cover_days; soma dias GMT tocados pela janela ~24h — alinhamento tipico a SMS Transactions / Insights Last 24h; totalprice pode diferir do cartao Total Spend),2026-07-27T10:08:43Z
Naturemove,turnmegabytes-singapore,0,0,0.000000,StartDate=2026-07-26 EndDate=2026-07-27 UTC (cover_days; soma dias GMT tocados pela janela ~24h — alinhamento tipico a SMS Transactions / Insights Last 24h; totalprice pode diferir do cartao Total Spend),2026-07-27T10:08:43Z
Naturemove,turnmegabytes-useast,0,0,0.000000,StartDate=2026-07-26 EndDate=2026-07-27 UTC (cover_days; soma dias GMT tocados pela janela ~24h — alinhamento tipico a SMS Transactions / Insights Last 24h; totalprice pode diferir do cartao Total Spend),2026-07-27T10:08:43Z
Naturemove,turnmegabytes-uswest,0,0,0.000000,StartDate=2026-07-26 EndDate=2026-07-27 UTC (cover_days; soma dias GMT tocados pela janela ~24h — alinhamento tipico a SMS Transactions / Insights Last 24h; totalprice pode diferir do cartao Total Spend),2026-07-27T10:08:43Z
Naturemove,twilio-authored-language-operators-input-output,0,0,0.000000,StartDate=2026-07-26 EndDate=2026-07-27 UTC (cover_days; soma dias GMT tocados pela janela ~24h — alinhamento tipico a SMS Transactions / Insights Last 24h; totalprice pode diferir do cartao Total Spend),2026-07-27T10:08:43Z
Naturemove,twilio-for-salesforce,0,0,0.000000,StartDate=2026-07-26 EndDate=2026-07-27 UTC (cover_days; soma dias GMT tocados pela janela ~24h — alinhamento tipico a SMS Transactions / Insights Last 24h; totalprice pode diferir do cartao Total Spend),2026-07-27T10:08:43Z
Naturemove,twilio-for-salesforce-licenses,0,0,0.000000,StartDate=2026-07-26 EndDate=2026-07-27 UTC (cover_days; soma dias GMT tocados pela janela ~24h — alinhamento tipico a SMS Transactions / Insights Last 24h; totalprice pode diferir do cartao Total Spend),2026-07-27T10:08:43Z
Naturemove,twilio-interconnect,0,0,0.000000,StartDate=2026-07-26 EndDate=2026-07-27 UTC (cover_days; soma dias GMT tocados pela janela ~24h — alinhamento tipico a SMS Transactions / Insights Last 24h; totalprice pode diferir do cartao Total Spend),2026-07-27T10:08:43Z
Naturemove,twiml,0,0,0.000000,StartDate=2026-07-26 EndDate=2026-07-27 UTC (cover_days; soma dias GMT tocados pela janela ~24h — alinhamento tipico a SMS Transactions / Insights Last 24h; totalprice pode diferir do cartao Total Spend),2026-07-27T10:08:43Z
Naturemove,usage-flex-video,0,0,0.000000,StartDate=2026-07-26 EndDate=2026-07-27 UTC (cover_days; soma dias GMT tocados pela janela ~24h — alinhamento tipico a SMS Transactions / Insights Last 24h; totalprice pode diferir do cartao Total Spend),2026-07-27T10:08:43Z
Naturemove,usage-functions,0,0,0.000000,StartDate=2026-07-26 EndDate=2026-07-27 UTC (cover_days; soma dias GMT tocados pela janela ~24h — alinhamento tipico a SMS Transactions / Insights Last 24h; totalprice pode diferir do cartao Total Spend),2026-07-27T10:08:43Z
Naturemove,usage-rcs-basic-messages-outbound,0,0,0.000000,StartDate=2026-07-26 EndDate=2026-07-27 UTC (cover_days; soma dias GMT tocados pela janela ~24h — alinhamento tipico a SMS Transactions / Insights Last 24h; totalprice pode diferir do cartao Total Spend),2026-07-27T10:08:43Z
Naturemove,usage-rcs-messages,0,0,0.000000,StartDate=2026-07-26 EndDate=2026-07-27 UTC (cover_days; soma dias GMT tocados pela janela ~24h — alinhamento tipico a SMS Transactions / Insights Last 24h; totalprice pode diferir do cartao Total Spend),2026-07-27T10:08:43Z
Naturemove,usage-rcs-messages-inbound,0,0,0.000000,StartDate=2026-07-26 EndDate=2026-07-27 UTC (cover_days; soma dias GMT tocados pela janela ~24h — alinhamento tipico a SMS Transactions / Insights Last 24h; totalprice pode diferir do cartao Total Spend),2026-07-27T10:08:43Z
Naturemove,usage-rcs-messaging-carrier-fees,0,0,0.000000,StartDate=2026-07-26 EndDate=2026-07-27 UTC (cover_days; soma dias GMT tocados pela janela ~24h — alinhamento tipico a SMS Transactions / Insights Last 24h; totalprice pode diferir do cartao Total Spend),2026-07-27T10:08:43Z
Naturemove,usage-rcs-rich-media-messages-inbound,0,0,0.000000,StartDate=2026-07-26 EndDate=2026-07-27 UTC (cover_days; soma dias GMT tocados pela janela ~24h — alinhamento tipico a SMS Transactions / Insights Last 24h; totalprice pode diferir do cartao Total Spend),2026-07-27T10:08:43Z
Naturemove,usage-rcs-rich-media-messages-outbound,0,0,0.000000,StartDate=2026-07-26 EndDate=2026-07-27 UTC (cover_days; soma dias GMT tocados pela janela ~24h — alinhamento tipico a SMS Transactions / Insights Last 24h; totalprice pode diferir do cartao Total Spend),2026-07-27T10:08:43Z
Naturemove,usage-rcs-rich-messages-inbound,0,0,0.000000,StartDate=2026-07-26 EndDate=2026-07-27 UTC (cover_days; soma dias GMT tocados pela janela ~24h — alinhamento tipico a SMS Transactions / Insights Last 24h; totalprice pode diferir do cartao Total Spend),2026-07-27T10:08:43Z
Naturemove,usage-rcs-rich-messages-outbound,0,0,0.000000,StartDate=2026-07-26 EndDate=2026-07-27 UTC (cover_days; soma dias GMT tocados pela janela ~24h — alinhamento tipico a SMS Transactions / Insights Last 24h; totalprice pode diferir do cartao Total Spend),2026-07-27T10:08:43Z
Naturemove,usage-rcs-single-messages-outbound,0,0,0.000000,StartDate=2026-07-26 EndDate=2026-07-27 UTC (cover_days; soma dias GMT tocados pela janela ~24h — alinhamento tipico a SMS Transactions / Insights Last 24h; totalprice pode diferir do cartao Total Spend),2026-07-27T10:08:43Z
Naturemove,verify-package-plans,0,0,0.000000,StartDate=2026-07-26 EndDate=2026-07-27 UTC (cover_days; soma dias GMT tocados pela janela ~24h — alinhamento tipico a SMS Transactions / Insights Last 24h; totalprice pode diferir do cartao Total Spend),2026-07-27T10:08:43Z
Naturemove,verify-push,0,0,0.000000,StartDate=2026-07-26 EndDate=2026-07-27 UTC (cover_days; soma dias GMT tocados pela janela ~24h — alinhamento tipico a SMS Transactions / Insights Last 24h; totalprice pode diferir do cartao Total Spend),2026-07-27T10:08:43Z
Naturemove,verify-sna,0,0,0.000000,StartDate=2026-07-26 EndDate=2026-07-27 UTC (cover_days; soma dias GMT tocados pela janela ~24h — alinhamento tipico a SMS Transactions / Insights Last 24h; totalprice pode diferir do cartao Total Spend),2026-07-27T10:08:43Z
Naturemove,verify-totp,0,0,0.000000,StartDate=2026-07-26 EndDate=2026-07-27 UTC (cover_days; soma dias GMT tocados pela janela ~24h — alinhamento tipico a SMS Transactions / Insights Last 24h; totalprice pode diferir do cartao Total Spend),2026-07-27T10:08:43Z
Naturemove,verify-voice-sms,0,0,0.000000,StartDate=2026-07-26 EndDate=2026-07-27 UTC (cover_days; soma dias GMT tocados pela janela ~24h — alinhamento tipico a SMS Transactions / Insights Last 24h; totalprice pode diferir do cartao Total Spend),2026-07-27T10:08:43Z
Naturemove,verify-whatsapp-conversations-business-initiated,0,0,0.000000,StartDate=2026-07-26 EndDate=2026-07-27 UTC (cover_days; soma dias GMT tocados pela janela ~24h — alinhamento tipico a SMS Transactions / Insights Last 24h; totalprice pode diferir do cartao Total Spend),2026-07-27T10:08:43Z
Naturemove,verify-whatsapp-template-business-initiated,0,0,0.000000,StartDate=2026-07-26 EndDate=2026-07-27 UTC (cover_days; soma dias GMT tocados pela janela ~24h — alinhamento tipico a SMS Transactions / Insights Last 24h; totalprice pode diferir do cartao Total Spend),2026-07-27T10:08:43Z
Naturemove,video-recordings,0,0,0.000000,StartDate=2026-07-26 EndDate=2026-07-27 UTC (cover_days; soma dias GMT tocados pela janela ~24h — alinhamento tipico a SMS Transactions / Insights Last 24h; totalprice pode diferir do cartao Total Spend),2026-07-27T10:08:43Z
Naturemove,video-rooms-turn-megabytes,0,0,0.000000,StartDate=2026-07-26 EndDate=2026-07-27 UTC (cover_days; soma dias GMT tocados pela janela ~24h — alinhamento tipico a SMS Transactions / Insights Last 24h; totalprice pode diferir do cartao Total Spend),2026-07-27T10:08:43Z
Naturemove,virtual-agent,0,0,0.000000,StartDate=2026-07-26 EndDate=2026-07-27 UTC (cover_days; soma dias GMT tocados pela janela ~24h — alinhamento tipico a SMS Transactions / Insights Last 24h; totalprice pode diferir do cartao Total Spend),2026-07-27T10:08:43Z
Naturemove,voice,0,0,0.000000,StartDate=2026-07-26 EndDate=2026-07-27 UTC (cover_days; soma dias GMT tocados pela janela ~24h — alinhamento tipico a SMS Transactions / Insights Last 24h; totalprice pode diferir do cartao Total Spend),2026-07-27T10:08:43Z
Naturemove,voice-connectivity,0,0,0.000000,StartDate=2026-07-26 EndDate=2026-07-27 UTC (cover_days; soma dias GMT tocados pela janela ~24h — alinhamento tipico a SMS Transactions / Insights Last 24h; totalprice pode diferir do cartao Total Spend),2026-07-27T10:08:43Z
Naturemove,voice-connectivity-features,0,0,0.000000,StartDate=2026-07-26 EndDate=2026-07-27 UTC (cover_days; soma dias GMT tocados pela janela ~24h — alinhamento tipico a SMS Transactions / Insights Last 24h; totalprice pode diferir do cartao Total Spend),2026-07-27T10:08:43Z
Naturemove,voice-insights,0,0,0.000000,StartDate=2026-07-26 EndDate=2026-07-27 UTC (cover_days; soma dias GMT tocados pela janela ~24h — alinhamento tipico a SMS Transactions / Insights Last 24h; totalprice pode diferir do cartao Total Spend),2026-07-27T10:08:43Z
Naturemove,voice-insights-client-insights-on-demand-minute,0,0,0.000000,StartDate=2026-07-26 EndDate=2026-07-27 UTC (cover_days; soma dias GMT tocados pela janela ~24h — alinhamento tipico a SMS Transactions / Insights Last 24h; totalprice pode diferir do cartao Total Spend),2026-07-27T10:08:43Z
Naturemove,voice-insights-ptsn-insights-on-demand-minute,0,0,0.000000,StartDate=2026-07-26 EndDate=2026-07-27 UTC (cover_days; soma dias GMT tocados pela janela ~24h — alinhamento tipico a SMS Transactions / Insights Last 24h; totalprice pode diferir do cartao Total Spend),2026-07-27T10:08:43Z
Naturemove,voice-insights-sip-interface-insights-on-demand-minute,0,0,0.000000,StartDate=2026-07-26 EndDate=2026-07-27 UTC (cover_days; soma dias GMT tocados pela janela ~24h — alinhamento tipico a SMS Transactions / Insights Last 24h; totalprice pode diferir do cartao Total Spend),2026-07-27T10:08:43Z
Naturemove,voice-insights-sip-trunking-insights-on-demand-minute,0,0,0.000000,StartDate=2026-07-26 EndDate=2026-07-27 UTC (cover_days; soma dias GMT tocados pela janela ~24h — alinhamento tipico a SMS Transactions / Insights Last 24h; totalprice pode diferir do cartao Total Spend),2026-07-27T10:08:43Z
Naturemove,voice-intelligence,0,0,0.000000,StartDate=2026-07-26 EndDate=2026-07-27 UTC (cover_days; soma dias GMT tocados pela janela ~24h — alinhamento tipico a SMS Transactions / Insights Last 24h; totalprice pode diferir do cartao Total Spend),2026-07-27T10:08:43Z
Naturemove,voice-intelligence-eip-operators,0,0,0.000000,StartDate=2026-07-26 EndDate=2026-07-27 UTC (cover_days; soma dias GMT tocados pela janela ~24h — alinhamento tipico a SMS Transactions / Insights Last 24h; totalprice pode diferir do cartao Total Spend),2026-07-27T10:08:43Z
Naturemove,voice-intelligence-operators,0,0,0.000000,StartDate=2026-07-26 EndDate=2026-07-27 UTC (cover_days; soma dias GMT tocados pela janela ~24h — alinhamento tipico a SMS Transactions / Insights Last 24h; totalprice pode diferir do cartao Total Spend),2026-07-27T10:08:43Z
Naturemove,voice-intelligence-transcription,0,0,0.000000,StartDate=2026-07-26 EndDate=2026-07-27 UTC (cover_days; soma dias GMT tocados pela janela ~24h — alinhamento tipico a SMS Transactions / Insights Last 24h; totalprice pode diferir do cartao Total Spend),2026-07-27T10:08:43Z
Naturemove,voice-intelligence-video-transcription,0,0,0.000000,StartDate=2026-07-26 EndDate=2026-07-27 UTC (cover_days; soma dias GMT tocados pela janela ~24h — alinhamento tipico a SMS Transactions / Insights Last 24h; totalprice pode diferir do cartao Total Spend),2026-07-27T10:08:43Z
Naturemove,wds,0,0,0.000000,StartDate=2026-07-26 EndDate=2026-07-27 UTC (cover_days; soma dias GMT tocados pela janela ~24h — alinhamento tipico a SMS Transactions / Insights Last 24h; totalprice pode diferir do cartao Total Spend),2026-07-27T10:08:43Z
Naturemove,wireless,0,0,0.000000,StartDate=2026-07-26 EndDate=2026-07-27 UTC (cover_days; soma dias GMT tocados pela janela ~24h — alinhamento tipico a SMS Transactions / Insights Last 24h; totalprice pode diferir do cartao Total Spend),2026-07-27T10:08:43Z
Naturemove,wireless-data,0,0,0.000000,StartDate=2026-07-26 EndDate=2026-07-27 UTC (cover_days; soma dias GMT tocados pela janela ~24h — alinhamento tipico a SMS Transactions / Insights Last 24h; totalprice pode diferir do cartao Total Spend),2026-07-27T10:08:43Z
Naturemove,wireless-data-payg,0,0,0.000000,StartDate=2026-07-26 EndDate=2026-07-27 UTC (cover_days; soma dias GMT tocados pela janela ~24h — alinhamento tipico a SMS Transactions / Insights Last 24h; totalprice pode diferir do cartao Total Spend),2026-07-27T10:08:43Z
Naturemove,wireless-data-payg-africa,0,0,0.000000,StartDate=2026-07-26 EndDate=2026-07-27 UTC (cover_days; soma dias GMT tocados pela janela ~24h — alinhamento tipico a SMS Transactions / Insights Last 24h; totalprice pode diferir do cartao Total Spend),2026-07-27T10:08:43Z
Naturemove,wireless-data-payg-asia,0,0,0.000000,StartDate=2026-07-26 EndDate=2026-07-27 UTC (cover_days; soma dias GMT tocados pela janela ~24h — alinhamento tipico a SMS Transactions / Insights Last 24h; totalprice pode diferir do cartao Total Spend),2026-07-27T10:08:43Z
Naturemove,wireless-data-payg-centralandsouthamerica,0,0,0.000000,StartDate=2026-07-26 EndDate=2026-07-27 UTC (cover_days; soma dias GMT tocados pela janela ~24h — alinhamento tipico a SMS Transactions / Insights Last 24h; totalprice pode diferir do cartao Total Spend),2026-07-27T10:08:43Z
Naturemove,wireless-data-payg-europe,0,0,0.000000,StartDate=2026-07-26 EndDate=2026-07-27 UTC (cover_days; soma dias GMT tocados pela janela ~24h — alinhamento tipico a SMS Transactions / Insights Last 24h; totalprice pode diferir do cartao Total Spend),2026-07-27T10:08:43Z
Naturemove,wireless-data-payg-northamerica,0,0,0.000000,StartDate=2026-07-26 EndDate=2026-07-27 UTC (cover_days; soma dias GMT tocados pela janela ~24h — alinhamento tipico a SMS Transactions / Insights Last 24h; totalprice pode diferir do cartao Total Spend),2026-07-27T10:08:43Z
Naturemove,wireless-data-payg-oceania,0,0,0.000000,StartDate=2026-07-26 EndDate=2026-07-27 UTC (cover_days; soma dias GMT tocados pela janela ~24h — alinhamento tipico a SMS Transactions / Insights Last 24h; totalprice pode diferir do cartao Total Spend),2026-07-27T10:08:43Z
Naturemove,wireless-data-quota1,0,0,0.000000,StartDate=2026-07-26 EndDate=2026-07-27 UTC (cover_days; soma dias GMT tocados pela janela ~24h — alinhamento tipico a SMS Transactions / Insights Last 24h; totalprice pode diferir do cartao Total Spend),2026-07-27T10:08:43Z
Naturemove,wireless-data-quota1-africa,0,0,0.000000,StartDate=2026-07-26 EndDate=2026-07-27 UTC (cover_days; soma dias GMT tocados pela janela ~24h — alinhamento tipico a SMS Transactions / Insights Last 24h; totalprice pode diferir do cartao Total Spend),2026-07-27T10:08:43Z
Naturemove,wireless-data-quota1-asia,0,0,0.000000,StartDate=2026-07-26 EndDate=2026-07-27 UTC (cover_days; soma dias GMT tocados pela janela ~24h — alinhamento tipico a SMS Transactions / Insights Last 24h; totalprice pode diferir do cartao Total Spend),2026-07-27T10:08:43Z
Naturemove,wireless-data-quota1-centralandsouthamerica,0,0,0.000000,StartDate=2026-07-26 EndDate=2026-07-27 UTC (cover_days; soma dias GMT tocados pela janela ~24h — alinhamento tipico a SMS Transactions / Insights Last 24h; totalprice pode diferir do cartao Total Spend),2026-07-27T10:08:43Z
Naturemove,wireless-data-quota1-europe,0,0,0.000000,StartDate=2026-07-26 EndDate=2026-07-27 UTC (cover_days; soma dias GMT tocados pela janela ~24h — alinhamento tipico a SMS Transactions / Insights Last 24h; totalprice pode diferir do cartao Total Spend),2026-07-27T10:08:43Z
Naturemove,wireless-data-quota1-northamerica,0,0,0.000000,StartDate=2026-07-26 EndDate=2026-07-27 UTC (cover_days; soma dias GMT tocados pela janela ~24h — alinhamento tipico a SMS Transactions / Insights Last 24h; totalprice pode diferir do cartao Total Spend),2026-07-27T10:08:43Z
Naturemove,wireless-data-quota1-oceania,0,0,0.000000,StartDate=2026-07-26 EndDate=2026-07-27 UTC (cover_days; soma dias GMT tocados pela janela ~24h — alinhamento tipico a SMS Transactions / Insights Last 24h; totalprice pode diferir do cartao Total Spend),2026-07-27T10:08:43Z
Naturemove,wireless-data-quota10,0,0,0.000000,StartDate=2026-07-26 EndDate=2026-07-27 UTC (cover_days; soma dias GMT tocados pela janela ~24h — alinhamento tipico a SMS Transactions / Insights Last 24h; totalprice pode diferir do cartao Total Spend),2026-07-27T10:08:43Z
Naturemove,wireless-data-quota10-africa,0,0,0.000000,StartDate=2026-07-26 EndDate=2026-07-27 UTC (cover_days; soma dias GMT tocados pela janela ~24h — alinhamento tipico a SMS Transactions / Insights Last 24h; totalprice pode diferir do cartao Total Spend),2026-07-27T10:08:43Z
Naturemove,wireless-data-quota10-asia,0,0,0.000000,StartDate=2026-07-26 EndDate=2026-07-27 UTC (cover_days; soma dias GMT tocados pela janela ~24h — alinhamento tipico a SMS Transactions / Insights Last 24h; totalprice pode diferir do cartao Total Spend),2026-07-27T10:08:43Z
Naturemove,wireless-data-quota10-centralandsouthamerica,0,0,0.000000,StartDate=2026-07-26 EndDate=2026-07-27 UTC (cover_days; soma dias GMT tocados pela janela ~24h — alinhamento tipico a SMS Transactions / Insights Last 24h; totalprice pode diferir do cartao Total Spend),2026-07-27T10:08:43Z
Naturemove,wireless-data-quota10-europe,0,0,0.000000,StartDate=2026-07-26 EndDate=2026-07-27 UTC (cover_days; soma dias GMT tocados pela janela ~24h — alinhamento tipico a SMS Transactions / Insights Last 24h; totalprice pode diferir do cartao Total Spend),2026-07-27T10:08:43Z
Naturemove,wireless-data-quota10-northamerica,0,0,0.000000,StartDate=2026-07-26 EndDate=2026-07-27 UTC (cover_days; soma dias GMT tocados pela janela ~24h — alinhamento tipico a SMS Transactions / Insights Last 24h; totalprice pode diferir do cartao Total Spend),2026-07-27T10:08:43Z
Naturemove,wireless-data-quota10-oceania,0,0,0.000000,StartDate=2026-07-26 EndDate=2026-07-27 UTC (cover_days; soma dias GMT tocados pela janela ~24h — alinhamento tipico a SMS Transactions / Insights Last 24h; totalprice pode diferir do cartao Total Spend),2026-07-27T10:08:43Z
Naturemove,wireless-data-quota50,0,0,0.000000,StartDate=2026-07-26 EndDate=2026-07-27 UTC (cover_days; soma dias GMT tocados pela janela ~24h — alinhamento tipico a SMS Transactions / Insights Last 24h; totalprice pode diferir do cartao Total Spend),2026-07-27T10:08:43Z
Naturemove,wireless-data-quota50-africa,0,0,0.000000,StartDate=2026-07-26 EndDate=2026-07-27 UTC (cover_days; soma dias GMT tocados pela janela ~24h — alinhamento tipico a SMS Transactions / Insights Last 24h; totalprice pode diferir do cartao Total Spend),2026-07-27T10:08:43Z
Naturemove,wireless-data-quota50-asia,0,0,0.000000,StartDate=2026-07-26 EndDate=2026-07-27 UTC (cover_days; soma dias GMT tocados pela janela ~24h — alinhamento tipico a SMS Transactions / Insights Last 24h; totalprice pode diferir do cartao Total Spend),2026-07-27T10:08:43Z
Naturemove,wireless-data-quota50-centralandsouthamerica,0,0,0.000000,StartDate=2026-07-26 EndDate=2026-07-27 UTC (cover_days; soma dias GMT tocados pela janela ~24h — alinhamento tipico a SMS Transactions / Insights Last 24h; totalprice pode diferir do cartao Total Spend),2026-07-27T10:08:43Z
Naturemove,wireless-data-quota50-europe,0,0,0.000000,StartDate=2026-07-26 EndDate=2026-07-27 UTC (cover_days; soma dias GMT tocados pela janela ~24h — alinhamento tipico a SMS Transactions / Insights Last 24h; totalprice pode diferir do cartao Total Spend),2026-07-27T10:08:43Z
Naturemove,wireless-data-quota50-northamerica,0,0,0.000000,StartDate=2026-07-26 EndDate=2026-07-27 UTC (cover_days; soma dias GMT tocados pela janela ~24h — alinhamento tipico a SMS Transactions / Insights Last 24h; totalprice pode diferir do cartao Total Spend),2026-07-27T10:08:43Z
Naturemove,wireless-data-quota50-oceania,0,0,0.000000,StartDate=2026-07-26 EndDate=2026-07-27 UTC (cover_days; soma dias GMT tocados pela janela ~24h — alinhamento tipico a SMS Transactions / Insights Last 24h; totalprice pode diferir do cartao Total Spend),2026-07-27T10:08:43Z
Naturemove,wireless-data-quotacustom,0,0,0.000000,StartDate=2026-07-26 EndDate=2026-07-27 UTC (cover_days; soma dias GMT tocados pela janela ~24h — alinhamento tipico a SMS Transactions / Insights Last 24h; totalprice pode diferir do cartao Total Spend),2026-07-27T10:08:43Z
Naturemove,wireless-data-quotacustom-africa,0,0,0.000000,StartDate=2026-07-26 EndDate=2026-07-27 UTC (cover_days; soma dias GMT tocados pela janela ~24h — alinhamento tipico a SMS Transactions / Insights Last 24h; totalprice pode diferir do cartao Total Spend),2026-07-27T10:08:43Z
Naturemove,wireless-data-quotacustom-asia,0,0,0.000000,StartDate=2026-07-26 EndDate=2026-07-27 UTC (cover_days; soma dias GMT tocados pela janela ~24h — alinhamento tipico a SMS Transactions / Insights Last 24h; totalprice pode diferir do cartao Total Spend),2026-07-27T10:08:43Z
Naturemove,wireless-data-quotacustom-centralandsouthamerica,0,0,0.000000,StartDate=2026-07-26 EndDate=2026-07-27 UTC (cover_days; soma dias GMT tocados pela janela ~24h — alinhamento tipico a SMS Transactions / Insights Last 24h; totalprice pode diferir do cartao Total Spend),2026-07-27T10:08:43Z
Naturemove,wireless-data-quotacustom-europe,0,0,0.000000,StartDate=2026-07-26 EndDate=2026-07-27 UTC (cover_days; soma dias GMT tocados pela janela ~24h — alinhamento tipico a SMS Transactions / Insights Last 24h; totalprice pode diferir do cartao Total Spend),2026-07-27T10:08:43Z
Naturemove,wireless-data-quotacustom-northamerica,0,0,0.000000,StartDate=2026-07-26 EndDate=2026-07-27 UTC (cover_days; soma dias GMT tocados pela janela ~24h — alinhamento tipico a SMS Transactions / Insights Last 24h; totalprice pode diferir do cartao Total Spend),2026-07-27T10:08:43Z
Naturemove,wireless-data-quotacustom-oceania,0,0,0.000000,StartDate=2026-07-26 EndDate=2026-07-27 UTC (cover_days; soma dias GMT tocados pela janela ~24h — alinhamento tipico a SMS Transactions / Insights Last 24h; totalprice pode diferir do cartao Total Spend),2026-07-27T10:08:43Z
Naturemove,wireless-mrc-payg,0,0,0.000000,StartDate=2026-07-26 EndDate=2026-07-27 UTC (cover_days; soma dias GMT tocados pela janela ~24h — alinhamento tipico a SMS Transactions / Insights Last 24h; totalprice pode diferir do cartao Total Spend),2026-07-27T10:08:43Z
Naturemove,wireless-mrc-quota1,0,0,0.000000,StartDate=2026-07-26 EndDate=2026-07-27 UTC (cover_days; soma dias GMT tocados pela janela ~24h — alinhamento tipico a SMS Transactions / Insights Last 24h; totalprice pode diferir do cartao Total Spend),2026-07-27T10:08:43Z
Naturemove,wireless-mrc-quota10,0,0,0.000000,StartDate=2026-07-26 EndDate=2026-07-27 UTC (cover_days; soma dias GMT tocados pela janela ~24h — alinhamento tipico a SMS Transactions / Insights Last 24h; totalprice pode diferir do cartao Total Spend),2026-07-27T10:08:43Z
Naturemove,wireless-mrc-quota50,0,0,0.000000,StartDate=2026-07-26 EndDate=2026-07-27 UTC (cover_days; soma dias GMT tocados pela janela ~24h — alinhamento tipico a SMS Transactions / Insights Last 24h; totalprice pode diferir do cartao Total Spend),2026-07-27T10:08:43Z
Naturemove,wireless-mrc-quotacustom,0,0,0.000000,StartDate=2026-07-26 EndDate=2026-07-27 UTC (cover_days; soma dias GMT tocados pela janela ~24h — alinhamento tipico a SMS Transactions / Insights Last 24h; totalprice pode diferir do cartao Total Spend),2026-07-27T10:08:43Z
Naturemove,wireless-orders,0,0,0.000000,StartDate=2026-07-26 EndDate=2026-07-27 UTC (cover_days; soma dias GMT tocados pela janela ~24h — alinhamento tipico a SMS Transactions / Insights Last 24h; totalprice pode diferir do cartao Total Spend),2026-07-27T10:08:43Z
Naturemove,wireless-orders-artwork,0,0,0.000000,StartDate=2026-07-26 EndDate=2026-07-27 UTC (cover_days; soma dias GMT tocados pela janela ~24h — alinhamento tipico a SMS Transactions / Insights Last 24h; totalprice pode diferir do cartao Total Spend),2026-07-27T10:08:43Z
Naturemove,wireless-orders-bulk,0,0,0.000000,StartDate=2026-07-26 EndDate=2026-07-27 UTC (cover_days; soma dias GMT tocados pela janela ~24h — alinhamento tipico a SMS Transactions / Insights Last 24h; totalprice pode diferir do cartao Total Spend),2026-07-27T10:08:43Z
Naturemove,wireless-orders-esim,0,0,0.000000,StartDate=2026-07-26 EndDate=2026-07-27 UTC (cover_days; soma dias GMT tocados pela janela ~24h — alinhamento tipico a SMS Transactions / Insights Last 24h; totalprice pode diferir do cartao Total Spend),2026-07-27T10:08:43Z
Naturemove,wireless-orders-starter,0,0,0.000000,StartDate=2026-07-26 EndDate=2026-07-27 UTC (cover_days; soma dias GMT tocados pela janela ~24h — alinhamento tipico a SMS Transactions / Insights Last 24h; totalprice pode diferir do cartao Total Spend),2026-07-27T10:08:43Z
Naturemove,wireless-quotas,0,0,0.000000,StartDate=2026-07-26 EndDate=2026-07-27 UTC (cover_days; soma dias GMT tocados pela janela ~24h — alinhamento tipico a SMS Transactions / Insights Last 24h; totalprice pode diferir do cartao Total Spend),2026-07-27T10:08:43Z
Naturemove,wireless-sms-africa,0,0,0.000000,StartDate=2026-07-26 EndDate=2026-07-27 UTC (cover_days; soma dias GMT tocados pela janela ~24h — alinhamento tipico a SMS Transactions / Insights Last 24h; totalprice pode diferir do cartao Total Spend),2026-07-27T10:08:43Z
Naturemove,wireless-sms-asia,0,0,0.000000,StartDate=2026-07-26 EndDate=2026-07-27 UTC (cover_days; soma dias GMT tocados pela janela ~24h — alinhamento tipico a SMS Transactions / Insights Last 24h; totalprice pode diferir do cartao Total Spend),2026-07-27T10:08:43Z
Naturemove,wireless-sms-centralandsouthamerica,0,0,0.000000,StartDate=2026-07-26 EndDate=2026-07-27 UTC (cover_days; soma dias GMT tocados pela janela ~24h — alinhamento tipico a SMS Transactions / Insights Last 24h; totalprice pode diferir do cartao Total Spend),2026-07-27T10:08:43Z
Naturemove,wireless-sms-europe,0,0,0.000000,StartDate=2026-07-26 EndDate=2026-07-27 UTC (cover_days; soma dias GMT tocados pela janela ~24h — alinhamento tipico a SMS Transactions / Insights Last 24h; totalprice pode diferir do cartao Total Spend),2026-07-27T10:08:43Z
Naturemove,wireless-sms-northamerica,0,0,0.000000,StartDate=2026-07-26 EndDate=2026-07-27 UTC (cover_days; soma dias GMT tocados pela janela ~24h — alinhamento tipico a SMS Transactions / Insights Last 24h; totalprice pode diferir do cartao Total Spend),2026-07-27T10:08:43Z
Naturemove,wireless-sms-oceania,0,0,0.000000,StartDate=2026-07-26 EndDate=2026-07-27 UTC (cover_days; soma dias GMT tocados pela janela ~24h — alinhamento tipico a SMS Transactions / Insights Last 24h; totalprice pode diferir do cartao Total Spend),2026-07-27T10:08:43Z
Naturemove,wireless-super-sim,0,0,0.000000,StartDate=2026-07-26 EndDate=2026-07-27 UTC (cover_days; soma dias GMT tocados pela janela ~24h — alinhamento tipico a SMS Transactions / Insights Last 24h; totalprice pode diferir do cartao Total Spend),2026-07-27T10:08:43Z
Naturemove,wireless-super-sim-data,0,0,0.000000,StartDate=2026-07-26 EndDate=2026-07-27 UTC (cover_days; soma dias GMT tocados pela janela ~24h — alinhamento tipico a SMS Transactions / Insights Last 24h; totalprice pode diferir do cartao Total Spend),2026-07-27T10:08:43Z
Naturemove,wireless-super-sim-data-north-america-usa,0,0,0.000000,StartDate=2026-07-26 EndDate=2026-07-27 UTC (cover_days; soma dias GMT tocados pela janela ~24h — alinhamento tipico a SMS Transactions / Insights Last 24h; totalprice pode diferir do cartao Total Spend),2026-07-27T10:08:43Z
Naturemove,wireless-super-sim-data-payg,0,0,0.000000,StartDate=2026-07-26 EndDate=2026-07-27 UTC (cover_days; soma dias GMT tocados pela janela ~24h — alinhamento tipico a SMS Transactions / Insights Last 24h; totalprice pode diferir do cartao Total Spend),2026-07-27T10:08:43Z
Naturemove,wireless-super-sim-data-payg-europe,0,0,0.000000,StartDate=2026-07-26 EndDate=2026-07-27 UTC (cover_days; soma dias GMT tocados pela janela ~24h — alinhamento tipico a SMS Transactions / Insights Last 24h; totalprice pode diferir do cartao Total Spend),2026-07-27T10:08:43Z
Naturemove,wireless-super-sim-data-payg-north-america,0,0,0.000000,StartDate=2026-07-26 EndDate=2026-07-27 UTC (cover_days; soma dias GMT tocados pela janela ~24h — alinhamento tipico a SMS Transactions / Insights Last 24h; totalprice pode diferir do cartao Total Spend),2026-07-27T10:08:43Z
Naturemove,wireless-super-sim-hardware,0,0,0.000000,StartDate=2026-07-26 EndDate=2026-07-27 UTC (cover_days; soma dias GMT tocados pela janela ~24h — alinhamento tipico a SMS Transactions / Insights Last 24h; totalprice pode diferir do cartao Total Spend),2026-07-27T10:08:43Z
Naturemove,wireless-super-sim-hardware-bulk,0,0,0.000000,StartDate=2026-07-26 EndDate=2026-07-27 UTC (cover_days; soma dias GMT tocados pela janela ~24h — alinhamento tipico a SMS Transactions / Insights Last 24h; totalprice pode diferir do cartao Total Spend),2026-07-27T10:08:43Z
Naturemove,wireless-super-sim-smscommands,0,0,0.000000,StartDate=2026-07-26 EndDate=2026-07-27 UTC (cover_days; soma dias GMT tocados pela janela ~24h — alinhamento tipico a SMS Transactions / Insights Last 24h; totalprice pode diferir do cartao Total Spend),2026-07-27T10:08:43Z
Naturemove,wireless-super-sim-smscommands-africa,0,0,0.000000,StartDate=2026-07-26 EndDate=2026-07-27 UTC (cover_days; soma dias GMT tocados pela janela ~24h — alinhamento tipico a SMS Transactions / Insights Last 24h; totalprice pode diferir do cartao Total Spend),2026-07-27T10:08:43Z
Naturemove,wireless-super-sim-smscommands-asia,0,0,0.000000,StartDate=2026-07-26 EndDate=2026-07-27 UTC (cover_days; soma dias GMT tocados pela janela ~24h — alinhamento tipico a SMS Transactions / Insights Last 24h; totalprice pode diferir do cartao Total Spend),2026-07-27T10:08:43Z
Naturemove,wireless-super-sim-smscommands-cent-and-south-america,0,0,0.000000,StartDate=2026-07-26 EndDate=2026-07-27 UTC (cover_days; soma dias GMT tocados pela janela ~24h — alinhamento tipico a SMS Transactions / Insights Last 24h; totalprice pode diferir do cartao Total Spend),2026-07-27T10:08:43Z
Naturemove,wireless-super-sim-smscommands-europe,0,0,0.000000,StartDate=2026-07-26 EndDate=2026-07-27 UTC (cover_days; soma dias GMT tocados pela janela ~24h — alinhamento tipico a SMS Transactions / Insights Last 24h; totalprice pode diferir do cartao Total Spend),2026-07-27T10:08:43Z
Naturemove,wireless-super-sim-smscommands-north-america,0,0,0.000000,StartDate=2026-07-26 EndDate=2026-07-27 UTC (cover_days; soma dias GMT tocados pela janela ~24h — alinhamento tipico a SMS Transactions / Insights Last 24h; totalprice pode diferir do cartao Total Spend),2026-07-27T10:08:43Z
Naturemove,wireless-super-sim-smscommands-oceania,0,0,0.000000,StartDate=2026-07-26 EndDate=2026-07-27 UTC (cover_days; soma dias GMT tocados pela janela ~24h — alinhamento tipico a SMS Transactions / Insights Last 24h; totalprice pode diferir do cartao Total Spend),2026-07-27T10:08:43Z
Naturemove,wireless-super-sim-subscription,0,0,0.000000,StartDate=2026-07-26 EndDate=2026-07-27 UTC (cover_days; soma dias GMT tocados pela janela ~24h — alinhamento tipico a SMS Transactions / Insights Last 24h; totalprice pode diferir do cartao Total Spend),2026-07-27T10:08:43Z
Naturemove,wireless-super-sim-subscription-payg,0,0,0.000000,StartDate=2026-07-26 EndDate=2026-07-27 UTC (cover_days; soma dias GMT tocados pela janela ~24h — alinhamento tipico a SMS Transactions / Insights Last 24h; totalprice pode diferir do cartao Total Spend),2026-07-27T10:08:43Z
Naturemove,wireless-usage,0,0,0.000000,StartDate=2026-07-26 EndDate=2026-07-27 UTC (cover_days; soma dias GMT tocados pela janela ~24h — alinhamento tipico a SMS Transactions / Insights Last 24h; totalprice pode diferir do cartao Total Spend),2026-07-27T10:08:43Z
Naturemove,wireless-usage-commands,0,0,0.000000,StartDate=2026-07-26 EndDate=2026-07-27 UTC (cover_days; soma dias GMT tocados pela janela ~24h — alinhamento tipico a SMS Transactions / Insights Last 24h; totalprice pode diferir do cartao Total Spend),2026-07-27T10:08:43Z
Naturemove,wireless-usage-commands-africa,0,0,0.000000,StartDate=2026-07-26 EndDate=2026-07-27 UTC (cover_days; soma dias GMT tocados pela janela ~24h — alinhamento tipico a SMS Transactions / Insights Last 24h; totalprice pode diferir do cartao Total Spend),2026-07-27T10:08:43Z
Naturemove,wireless-usage-commands-asia,0,0,0.000000,StartDate=2026-07-26 EndDate=2026-07-27 UTC (cover_days; soma dias GMT tocados pela janela ~24h — alinhamento tipico a SMS Transactions / Insights Last 24h; totalprice pode diferir do cartao Total Spend),2026-07-27T10:08:43Z
Naturemove,wireless-usage-commands-centralandsouthamerica,0,0,0.000000,StartDate=2026-07-26 EndDate=2026-07-27 UTC (cover_days; soma dias GMT tocados pela janela ~24h — alinhamento tipico a SMS Transactions / Insights Last 24h; totalprice pode diferir do cartao Total Spend),2026-07-27T10:08:43Z
Naturemove,wireless-usage-commands-europe,0,0,0.000000,StartDate=2026-07-26 EndDate=2026-07-27 UTC (cover_days; soma dias GMT tocados pela janela ~24h — alinhamento tipico a SMS Transactions / Insights Last 24h; totalprice pode diferir do cartao Total Spend),2026-07-27T10:08:43Z
Naturemove,wireless-usage-commands-home,0,0,0.000000,StartDate=2026-07-26 EndDate=2026-07-27 UTC (cover_days; soma dias GMT tocados pela janela ~24h — alinhamento tipico a SMS Transactions / Insights Last 24h; totalprice pode diferir do cartao Total Spend),2026-07-27T10:08:43Z
Naturemove,wireless-usage-commands-northamerica,0,0,0.000000,StartDate=2026-07-26 EndDate=2026-07-27 UTC (cover_days; soma dias GMT tocados pela janela ~24h — alinhamento tipico a SMS Transactions / Insights Last 24h; totalprice pode diferir do cartao Total Spend),2026-07-27T10:08:43Z
Naturemove,wireless-usage-commands-oceania,0,0,0.000000,StartDate=2026-07-26 EndDate=2026-07-27 UTC (cover_days; soma dias GMT tocados pela janela ~24h — alinhamento tipico a SMS Transactions / Insights Last 24h; totalprice pode diferir do cartao Total Spend),2026-07-27T10:08:43Z
Naturemove,wireless-usage-commands-roaming,0,0,0.000000,StartDate=2026-07-26 EndDate=2026-07-27 UTC (cover_days; soma dias GMT tocados pela janela ~24h — alinhamento tipico a SMS Transactions / Insights Last 24h; totalprice pode diferir do cartao Total Spend),2026-07-27T10:08:43Z
Naturemove,wireless-usage-data,0,0,0.000000,StartDate=2026-07-26 EndDate=2026-07-27 UTC (cover_days; soma dias GMT tocados pela janela ~24h — alinhamento tipico a SMS Transactions / Insights Last 24h; totalprice pode diferir do cartao Total Spend),2026-07-27T10:08:43Z
Naturemove,wireless-usage-data-africa,0,0,0.000000,StartDate=2026-07-26 EndDate=2026-07-27 UTC (cover_days; soma dias GMT tocados pela janela ~24h — alinhamento tipico a SMS Transactions / Insights Last 24h; totalprice pode diferir do cartao Total Spend),2026-07-27T10:08:43Z
Naturemove,wireless-usage-data-asia,0,0,0.000000,StartDate=2026-07-26 EndDate=2026-07-27 UTC (cover_days; soma dias GMT tocados pela janela ~24h — alinhamento tipico a SMS Transactions / Insights Last 24h; totalprice pode diferir do cartao Total Spend),2026-07-27T10:08:43Z
Naturemove,wireless-usage-data-centralandsouthamerica,0,0,0.000000,StartDate=2026-07-26 EndDate=2026-07-27 UTC (cover_days; soma dias GMT tocados pela janela ~24h — alinhamento tipico a SMS Transactions / Insights Last 24h; totalprice pode diferir do cartao Total Spend),2026-07-27T10:08:43Z
Naturemove,wireless-usage-data-custom-additionalmb,0,0,0.000000,StartDate=2026-07-26 EndDate=2026-07-27 UTC (cover_days; soma dias GMT tocados pela janela ~24h — alinhamento tipico a SMS Transactions / Insights Last 24h; totalprice pode diferir do cartao Total Spend),2026-07-27T10:08:43Z
Naturemove,wireless-usage-data-custom-first5mb,0,0,0.000000,StartDate=2026-07-26 EndDate=2026-07-27 UTC (cover_days; soma dias GMT tocados pela janela ~24h — alinhamento tipico a SMS Transactions / Insights Last 24h; totalprice pode diferir do cartao Total Spend),2026-07-27T10:08:43Z
Naturemove,wireless-usage-data-domestic-roaming,0,0,0.000000,StartDate=2026-07-26 EndDate=2026-07-27 UTC (cover_days; soma dias GMT tocados pela janela ~24h — alinhamento tipico a SMS Transactions / Insights Last 24h; totalprice pode diferir do cartao Total Spend),2026-07-27T10:08:43Z
Naturemove,wireless-usage-data-europe,0,0,0.000000,StartDate=2026-07-26 EndDate=2026-07-27 UTC (cover_days; soma dias GMT tocados pela janela ~24h — alinhamento tipico a SMS Transactions / Insights Last 24h; totalprice pode diferir do cartao Total Spend),2026-07-27T10:08:43Z
Naturemove,wireless-usage-data-individual-additionalgb,0,0,0.000000,StartDate=2026-07-26 EndDate=2026-07-27 UTC (cover_days; soma dias GMT tocados pela janela ~24h — alinhamento tipico a SMS Transactions / Insights Last 24h; totalprice pode diferir do cartao Total Spend),2026-07-27T10:08:43Z
Naturemove,wireless-usage-data-individual-firstgb,0,0,0.000000,StartDate=2026-07-26 EndDate=2026-07-27 UTC (cover_days; soma dias GMT tocados pela janela ~24h — alinhamento tipico a SMS Transactions / Insights Last 24h; totalprice pode diferir do cartao Total Spend),2026-07-27T10:08:43Z
Naturemove,wireless-usage-data-international-roaming-canada,0,0,0.000000,StartDate=2026-07-26 EndDate=2026-07-27 UTC (cover_days; soma dias GMT tocados pela janela ~24h — alinhamento tipico a SMS Transactions / Insights Last 24h; totalprice pode diferir do cartao Total Spend),2026-07-27T10:08:43Z
Naturemove,wireless-usage-data-international-roaming-india,0,0,0.000000,StartDate=2026-07-26 EndDate=2026-07-27 UTC (cover_days; soma dias GMT tocados pela janela ~24h — alinhamento tipico a SMS Transactions / Insights Last 24h; totalprice pode diferir do cartao Total Spend),2026-07-27T10:08:43Z
Naturemove,wireless-usage-data-international-roaming-mexico,0,0,0.000000,StartDate=2026-07-26 EndDate=2026-07-27 UTC (cover_days; soma dias GMT tocados pela janela ~24h — alinhamento tipico a SMS Transactions / Insights Last 24h; totalprice pode diferir do cartao Total Spend),2026-07-27T10:08:43Z
Naturemove,wireless-usage-data-northamerica,0,0,0.000000,StartDate=2026-07-26 EndDate=2026-07-27 UTC (cover_days; soma dias GMT tocados pela janela ~24h — alinhamento tipico a SMS Transactions / Insights Last 24h; totalprice pode diferir do cartao Total Spend),2026-07-27T10:08:43Z
Naturemove,wireless-usage-data-oceania,0,0,0.000000,StartDate=2026-07-26 EndDate=2026-07-27 UTC (cover_days; soma dias GMT tocados pela janela ~24h — alinhamento tipico a SMS Transactions / Insights Last 24h; totalprice pode diferir do cartao Total Spend),2026-07-27T10:08:43Z
Naturemove,wireless-usage-data-pooled,0,0,0.000000,StartDate=2026-07-26 EndDate=2026-07-27 UTC (cover_days; soma dias GMT tocados pela janela ~24h — alinhamento tipico a SMS Transactions / Insights Last 24h; totalprice pode diferir do cartao Total Spend),2026-07-27T10:08:43Z
Naturemove,wireless-usage-data-pooled-downlink,0,0,0.000000,StartDate=2026-07-26 EndDate=2026-07-27 UTC (cover_days; soma dias GMT tocados pela janela ~24h — alinhamento tipico a SMS Transactions / Insights Last 24h; totalprice pode diferir do cartao Total Spend),2026-07-27T10:08:43Z
Naturemove,wireless-usage-data-pooled-uplink,0,0,0.000000,StartDate=2026-07-26 EndDate=2026-07-27 UTC (cover_days; soma dias GMT tocados pela janela ~24h — alinhamento tipico a SMS Transactions / Insights Last 24h; totalprice pode diferir do cartao Total Spend),2026-07-27T10:08:43Z
Naturemove,wireless-usage-mrc,0,0,0.000000,StartDate=2026-07-26 EndDate=2026-07-27 UTC (cover_days; soma dias GMT tocados pela janela ~24h — alinhamento tipico a SMS Transactions / Insights Last 24h; totalprice pode diferir do cartao Total Spend),2026-07-27T10:08:43Z
Naturemove,wireless-usage-mrc-custom,0,0,0.000000,StartDate=2026-07-26 EndDate=2026-07-27 UTC (cover_days; soma dias GMT tocados pela janela ~24h — alinhamento tipico a SMS Transactions / Insights Last 24h; totalprice pode diferir do cartao Total Spend),2026-07-27T10:08:43Z
Naturemove,wireless-usage-mrc-individual,0,0,0.000000,StartDate=2026-07-26 EndDate=2026-07-27 UTC (cover_days; soma dias GMT tocados pela janela ~24h — alinhamento tipico a SMS Transactions / Insights Last 24h; totalprice pode diferir do cartao Total Spend),2026-07-27T10:08:43Z
Naturemove,wireless-usage-mrc-pooled,0,0,0.000000,StartDate=2026-07-26 EndDate=2026-07-27 UTC (cover_days; soma dias GMT tocados pela janela ~24h — alinhamento tipico a SMS Transactions / Insights Last 24h; totalprice pode diferir do cartao Total Spend),2026-07-27T10:08:43Z
Naturemove,wireless-usage-mrc-suspended,0,0,0.000000,StartDate=2026-07-26 EndDate=2026-07-27 UTC (cover_days; soma dias GMT tocados pela janela ~24h — alinhamento tipico a SMS Transactions / Insights Last 24h; totalprice pode diferir do cartao Total Spend),2026-07-27T10:08:43Z
Naturemove,wireless-usage-sms,0,0,0.000000,StartDate=2026-07-26 EndDate=2026-07-27 UTC (cover_days; soma dias GMT tocados pela janela ~24h — alinhamento tipico a SMS Transactions / Insights Last 24h; totalprice pode diferir do cartao Total Spend),2026-07-27T10:08:43Z
Naturemove,wireless-usage-voice,0,0,0.000000,StartDate=2026-07-26 EndDate=2026-07-27 UTC (cover_days; soma dias GMT tocados pela janela ~24h — alinhamento tipico a SMS Transactions / Insights Last 24h; totalprice pode diferir do cartao Total Spend),2026-07-27T10:08:43Z
